pin,td,wind,decay
504273.0,0,0,0.0
504299.0,0,0,0.0
504296.0,0,0,0.0
504296.0,0,0,0.0
504296.0,0,0,0.0
504209.0,0,0,0.0
504296.0,0,0,0.0
504272.0,0,0,0.0
504272.0,0,0,0.0
504297.0,0,0,0.0
504295.0,0,0,0.0
506371.0,0,0,0.0
506371.0,0,0,0.0
505415.0,0,0,0.0
505304.0,0,0,0.0
505532.0,0,0,0.0
506003.0,0,0,0.0
506145.0,0,0,0.0
506144.0,0,0,0.0
506144.0,0,0,0.0
506221.0,0,0,0.0
506301.0,0,0,0.0
506223.0,0,0,0.0
506223.0,0,0,0.0
506143.0,0,0,0.0
506143.0,0,0,0.0
506143.0,0,0,0.0
506143.0,0,0,0.0
506143.0,0,0,0.0
505467.0,0,0,0.0
506175.0,0,0,0.0
506175.0,0,0,0.0
506175.0,0,0,0.0
506367.0,0,0,0.0
506367.0,0,0,0.0
506355.0,0,0,0.0
506355.0,0,0,0.0
506201.0,0,0,0.0
506244.0,0,0,0.0
506244.0,0,0,0.0
506244.0,0,0,0.0
506303.0,0,0,0.0
506342.0,0,0,0.0
505301.0,0,0,0.0
506169.0,0,0,0.0
506168.0,0,0,0.0
506356.0,0,0,0.0
506356.0,0,0,0.0
505467.0,0,0,0.0
506356.0,0,0,0.0
506356.0,0,0,0.0
506165.0,0,0,0.0
506345.0,0,0,0.0
506345.0,0,0,0.0
506344.0,0,0,0.0
506352.0,0,0,0.0
506172.0,0,0,0.0
506170.0,0,0,0.0
506350.0,0,0,0.0
506221.0,0,0,0.0
506366.0,0,0,0.0
506366.0,0,0,0.0
506366.0,0,0,0.0
506366.0,0,0,0.0
506343.0,0,0,0.0
506343.0,0,0,0.0
506391.0,0,0,0.0
506391.0,0,0,0.0
506347.0,0,0,0.0
506347.0,0,0,0.0
502102.0,0,0,0.0
506170.0,0,0,0.0
506348.0,0,0,0.0
506348.0,0,0,0.0
506348.0,0,0,0.0
506165.0,0,0,0.0
506348.0,0,0,0.0
506348.0,0,0,0.0
506319.0,0,0,0.0
506319.0,0,0,0.0
506319.0,0,0,0.0
506319.0,0,0,0.0
506319.0,0,0,0.0
506350.0,0,0,0.0
505425.0,0,0,0.0
505304.0,0,0,0.0
505304.0,0,0,0.0
505304.0,0,0,0.0
505532.0,0,0,0.0
505450.0,0,0,0.0
505452.0,0,0,0.0
505403.0,0,0,0.0
505453.0,0,0,0.0
505453.0,0,0,0.0
505453.0,0,0,0.0
505325.0,0,0,0.0
505325.0,0,0,0.0
505404.0,0,0,0.0
505331.0,0,0,0.0
505331.0,0,0,0.0
502313.0,0,0,0.0
505331.0,0,0,0.0
505454.0,0,0,0.0
505454.0,0,0,0.0
505455.0,0,0,0.0
505455.0,0,0,0.0
505529.0,0,0,0.0
505305.0,0,0,0.0
505305.0,0,0,0.0
505305.0,0,0,0.0
505305.0,0,0,0.0
505460.0,0,0,0.0
505460.0,0,0,0.0
505460.0,0,0,0.0
505307.0,0,0,0.0
506102.0,0,0,0.0
505301.0,0,0,0.0
505301.0,0,0,0.0
505301.0,0,0,0.0
505301.0,0,0,0.0
505301.0,0,0,0.0
503305.0,0,0,0.0
505405.0,0,0,0.0
505466.0,0,0,0.0
505405.0,0,0,0.0
505528.0,0,0,0.0
505528.0,0,0,0.0
505524.0,0,0,0.0
505524.0,0,0,0.0
505415.0,0,0,0.0
505526.0,0,0,0.0
505526.0,0,0,0.0
502291.0,0,0,0.0
505526.0,0,0,0.0
505445.0,0,0,0.0
505445.0,0,0,0.0
505445.0,0,0,0.0
505467.0,0,0,0.0
505467.0,0,0,0.0
505467.0,0,0,0.0
505501.0,0,0,0.0
505402.0,0,0,0.0
506102.0,0,0,0.0
505527.0,0,0,0.0
505469.0,0,0,0.0
505002.0,0,0,0.0
505002.0,0,0,0.0
505481.0,0,0,0.0
505481.0,0,0,0.0
505531.0,0,0,0.0
505473.0,0,0,0.0
505530.0,0,0,0.0
505530.0,0,0,0.0
509130.0,0,0,0.0
509130.0,0,0,0.0
509127.0,0,0,0.0
502221.0,0,0,0.0
509219.0,0,0,0.0
509133.0,0,0,0.0
509133.0,0,0,0.0
509133.0,0,0,0.0
509129.0,0,0,0.0
509129.0,0,0,0.0
509128.0,0,0,0.0
509128.0,0,0,0.0
509128.0,0,0,0.0
509128.0,0,0,0.0
509126.0,0,0,0.0
509126.0,0,0,0.0
509153.0,0,0,0.0
509153.0,0,0,0.0
509135.0,0,0,0.0
509382.0,0,0,0.0
509382.0,0,0,0.0
509382.0,0,0,0.0
509407.0,0,0,0.0
509407.0,0,0,0.0
509407.0,0,0,0.0
509204.0,0,0,0.0
509204.0,0,0,0.0
509204.0,0,0,0.0
509334.0,0,0,0.0
509350.0,0,0,0.0
509350.0,0,0,0.0
509002.0,0,0,0.0
509002.0,0,0,0.0
509353.0,0,0,0.0
509353.0,0,0,0.0
509338.0,0,0,0.0
509371.0,0,0,0.0
509371.0,0,0,0.0
509371.0,0,0,0.0
509371.0,0,0,0.0
509371.0,0,0,0.0
509371.0,0,0,0.0
509339.0,0,0,0.0
509339.0,0,0,0.0
509352.0,0,0,0.0
509335.0,0,0,0.0
509409.0,0,0,0.0
509409.0,0,0,0.0
509409.0,0,0,0.0
509411.0,0,0,0.0
509208.0,0,0,0.0
509208.0,0,0,0.0
509208.0,0,0,0.0
509208.0,0,0,0.0
509208.0,0,0,0.0
509208.0,0,0,0.0
509208.0,0,0,0.0
509208.0,0,0,0.0
509351.0,0,0,0.0
509351.0,0,0,0.0
509337.0,0,0,0.0
509337.0,0,0,0.0
509210.0,0,0,0.0
509210.0,0,0,0.0
509340.0,0,0,0.0
509340.0,0,0,0.0
509336.0,0,0,0.0
509336.0,0,0,0.0
509336.0,0,0,0.0
509336.0,0,0,0.0
509336.0,0,0,0.0
509336.0,0,0,0.0
509336.0,0,0,0.0
509336.0,0,0,0.0
509336.0,0,0,0.0
509311.0,0,0,0.0
509311.0,0,0,0.0
509311.0,0,0,0.0
502115.0,0,0,0.0
502115.0,0,0,0.0
502255.0,0,0,0.0
502255.0,0,0,0.0
502113.0,0,0,0.0
502113.0,0,0,0.0
502336.0,0,0,0.0
502336.0,0,0,0.0
502109.0,0,0,0.0
502247.0,0,0,0.0
502247.0,0,0,0.0
502247.0,0,0,0.0
502247.0,0,0,0.0
502247.0,0,0,0.0
502335.0,0,0,0.0
502248.0,0,0,0.0
502248.0,0,0,0.0
502303.0,0,0,0.0
502302.0,0,0,0.0
502302.0,0,0,0.0
502334.0,0,0,0.0
502334.0,0,0,0.0
502334.0,0,0,0.0
502334.0,0,0,0.0
502331.0,0,0,0.0
502310.0,0,0,0.0
502108.0,0,0,0.0
502108.0,0,0,0.0
502108.0,0,0,0.0
502281.0,0,0,0.0
502281.0,0,0,0.0
502312.0,0,0,0.0
502276.0,0,0,0.0
502276.0,0,0,0.0
502276.0,0,0,0.0
502372.0,0,0,0.0
502372.0,0,0,0.0
502301.0,0,0,0.0
502301.0,0,0,0.0
502102.0,0,0,0.0
502375.0,0,0,0.0
502375.0,0,0,0.0
502375.0,0,0,0.0
502375.0,0,0,0.0
502279.0,0,0,0.0
502279.0,0,0,0.0
502279.0,0,0,0.0
502279.0,0,0,0.0
502311.0,0,0,0.0
502107.0,0,0,0.0
508101.0,0,0,0.0
508111.0,0,0,0.0
508111.0,0,0,0.0
508111.0,0,0,0.0
508126.0,0,0,0.0
508126.0,0,0,0.0
508126.0,0,0,0.0
508126.0,0,0,0.0
508277.0,0,0,0.0
508277.0,0,0,0.0
508277.0,0,0,0.0
508277.0,0,0,0.0
508284.0,0,0,0.0
508284.0,0,0,0.0
508105.0,0,0,0.0
508105.0,0,0,0.0
508105.0,0,0,0.0
508113.0,0,0,0.0
508113.0,0,0,0.0
508113.0,0,0,0.0
508285.0,0,0,0.0
508285.0,0,0,0.0
508285.0,0,0,0.0
508112.0,0,0,0.0
508286.0,0,0,0.0
508115.0,0,0,0.0
508115.0,0,0,0.0
508255.0,0,0,0.0
508255.0,0,0,0.0
508255.0,0,0,0.0
508255.0,0,0,0.0
508255.0,0,0,0.0
508114.0,0,0,0.0
508114.0,0,0,0.0
508114.0,0,0,0.0
508114.0,0,0,0.0
508114.0,0,0,0.0
508248.0,0,0,0.0
508248.0,0,0,0.0
508248.0,0,0,0.0
508248.0,0,0,0.0
508257.0,0,0,0.0
508257.0,0,0,0.0
508377.0,0,0,0.0
508377.0,0,0,0.0
508202.0,0,0,0.0
508243.0,0,0,0.0
508243.0,0,0,0.0
508245.0,0,0,0.0
508245.0,0,0,0.0
508245.0,0,0,0.0
508244.0,0,0,0.0
508373.0,0,0,0.0
508253.0,0,0,0.0
508253.0,0,0,0.0
508253.0,0,0,0.0
508254.0,0,0,0.0
508266.0,0,0,0.0
508266.0,0,0,0.0
508004.0,0,0,0.0
508256.0,0,0,0.0
508256.0,0,0,0.0
503217.0,0,0,0.0
503307.0,0,0,0.0
503307.0,0,0,0.0
503164.0,0,0,0.0
503110.0,0,0,0.0
503164.0,0,0,0.0
503308.0,0,0,0.0
503308.0,0,0,0.0
503308.0,0,0,0.0
503218.0,0,0,0.0
503218.0,0,0,0.0
503213.0,0,0,0.0
503225.0,0,0,0.0
503212.0,0,0,0.0
503212.0,0,0,0.0
503212.0,0,0,0.0
503212.0,0,0,0.0
503311.0,0,0,0.0
503223.0,0,0,0.0
503187.0,0,0,0.0
503125.0,0,0,0.0
503125.0,0,0,0.0
503306.0,0,0,0.0
503306.0,0,0,0.0
503114.0,0,0,0.0
503114.0,0,0,0.0
503114.0,0,0,0.0
503102.0,0,0,0.0
503102.0,0,0,0.0
503102.0,0,0,0.0
503112.0,0,0,0.0
503124.0,0,0,0.0
503309.0,0,0,0.0
503108.0,0,0,0.0
503310.0,0,0,0.0
503310.0,0,0,0.0
503110.0,0,0,0.0
503110.0,0,0,0.0
503110.0,0,0,0.0
503144.0,0,0,0.0
503144.0,0,0,0.0
503122.0,0,0,0.0
503120.0,0,0,0.0
503120.0,0,0,0.0
503235.0,0,0,0.0
503235.0,0,0,0.0
503235.0,0,0,0.0
503321.0,0,0,0.0
503321.0,0,0,0.0
503321.0,0,0,0.0
503185.0,0,0,0.0
503185.0,0,0,0.0
503230.0,0,0,0.0
503230.0,0,0,0.0
503230.0,0,0,0.0
503202.0,0,0,0.0
503202.0,0,0,0.0
503202.0,0,0,0.0
503246.0,0,0,0.0
503246.0,0,0,0.0
503305.0,0,0,0.0
503305.0,0,0,0.0
503207.0,0,0,0.0
503206.0,0,0,0.0
503206.0,0,0,0.0
503186.0,0,0,0.0
503186.0,0,0,0.0
503186.0,0,0,0.0
503201.0,0,0,0.0
505497.0,0,0,0.0
505186.0,0,0,0.0
505186.0,0,0,0.0
505186.0,0,0,0.0
505122.0,0,0,0.0
505102.0,0,0,0.0
505102.0,0,0,0.0
505102.0,0,0,0.0
505129.0,0,0,0.0
505129.0,0,0,0.0
505490.0,0,0,0.0
505162.0,0,0,0.0
505162.0,0,0,0.0
505470.0,0,0,0.0
505471.0,0,0,0.0
505471.0,0,0,0.0
505505.0,0,0,0.0
505152.0,0,0,0.0
505152.0,0,0,0.0
505474.0,0,0,0.0
505475.0,0,0,0.0
505502.0,0,0,0.0
505187.0,0,0,0.0
505187.0,0,0,0.0
505187.0,0,0,0.0
505187.0,0,0,0.0
505525.0,0,0,0.0
505525.0,0,0,0.0
505525.0,0,0,0.0
505525.0,0,0,0.0
505525.0,0,0,0.0
505525.0,0,0,0.0
505209.0,0,0,0.0
505503.0,0,0,0.0
505503.0,0,0,0.0
505503.0,0,0,0.0
505503.0,0,0,0.0
505503.0,0,0,0.0
505503.0,0,0,0.0
505504.0,0,0,0.0
505504.0,0,0,0.0
505504.0,0,0,0.0
505504.0,0,0,0.0
505504.0,0,0,0.0
505504.0,0,0,0.0
505184.0,0,0,0.0
505184.0,0,0,0.0
505184.0,0,0,0.0
505184.0,0,0,0.0
505416.0,0,0,0.0
505174.0,0,0,0.0
505174.0,0,0,0.0
505174.0,0,0,0.0
505185.0,0,0,0.0
505185.0,0,0,0.0
505185.0,0,0,0.0
505416.0,0,0,0.0
502269.0,0,0,0.0
502273.0,0,0,0.0
502273.0,0,0,0.0
502273.0,0,0,0.0
502307.0,0,0,0.0
502307.0,0,0,0.0
502307.0,0,0,0.0
502296.0,0,0,0.0
502296.0,0,0,0.0
502296.0,0,0,0.0
502270.0,0,0,0.0
502270.0,0,0,0.0
502270.0,0,0,0.0
502345.0,0,0,0.0
502285.0,0,0,0.0
502316.0,0,0,0.0
502316.0,0,0,0.0
502316.0,0,0,0.0
502294.0,0,0,0.0
502300.0,0,0,0.0
502300.0,0,0,0.0
502300.0,0,0,0.0
502306.0,0,0,0.0
502306.0,0,0,0.0
502313.0,0,0,0.0
502371.0,0,0,0.0
502319.0,0,0,0.0
502319.0,0,0,0.0
502290.0,0,0,0.0
502291.0,0,0,0.0
502293.0,0,0,0.0
502221.0,0,0,0.0
502251.0,0,0,0.0
502210.0,0,0,0.0
502210.0,0,0,0.0
502228.0,0,0,0.0
502249.0,0,0,0.0
502286.0,0,0,0.0
502286.0,0,0,0.0
502286.0,0,0,0.0
502318.0,0,0,0.0
502287.0,0,0,0.0
502287.0,0,0,0.0
502246.0,0,0,0.0
508201.0,0,0,0.0
508201.0,0,0,0.0
508201.0,0,0,0.0
508204.0,0,0,0.0
508204.0,0,0,0.0
508374.0,0,0,0.0
508374.0,0,0,0.0
508374.0,0,0,0.0
508246.0,0,0,0.0
508246.0,0,0,0.0
508246.0,0,0,0.0
508246.0,0,0,0.0
508218.0,0,0,0.0
508278.0,0,0,0.0
508278.0,0,0,0.0
508208.0,0,0,0.0
508208.0,0,0,0.0
508208.0,0,0,0.0
508208.0,0,0,0.0
508247.0,0,0,0.0
508247.0,0,0,0.0
508247.0,0,0,0.0
508217.0,0,0,0.0
508217.0,0,0,0.0
508355.0,0,0,0.0
508355.0,0,0,0.0
508355.0,0,0,0.0
508238.0,0,0,0.0
508214.0,0,0,0.0
508214.0,0,0,0.0
508214.0,0,0,0.0
508214.0,0,0,0.0
508214.0,0,0,0.0
508205.0,0,0,0.0
508206.0,0,0,0.0
508206.0,0,0,0.0
508206.0,0,0,0.0
508206.0,0,0,0.0
508233.0,0,0,0.0
508233.0,0,0,0.0
508233.0,0,0,0.0
534455.0,0,0,0.0
508233.0,0,0,0.0
534455.0,0,0,0.0
508233.0,0,0,0.0
508234.0,0,0,0.0
508211.0,0,0,0.0
508211.0,0,0,0.0
508211.0,0,0,0.0
508211.0,0,0,0.0
508211.0,0,0,0.0
508211.0,0,0,0.0
508211.0,0,0,0.0
508221.0,0,0,0.0
508221.0,0,0,0.0
508279.0,0,0,0.0
508212.0,0,0,0.0
508212.0,0,0,0.0
508212.0,0,0,0.0
508212.0,0,0,0.0
508212.0,0,0,0.0
508212.0,0,0,0.0
508376.0,0,0,0.0
508280.0,0,0,0.0
508280.0,0,0,0.0
508280.0,0,0,0.0
508223.0,0,0,0.0
531027.0,0,0,0.0
531027.0,0,0,0.0
531027.0,0,0,0.0
531113.0,0,0,0.0
531113.0,0,0,0.0
531115.0,0,0,0.0
531115.0,0,0,0.0
531115.0,0,0,0.0
531024.0,0,0,0.0
531024.0,0,0,0.0
531024.0,0,0,0.0
531024.0,0,0,0.0
531040.0,0,0,0.0
531040.0,0,0,0.0
531040.0,0,0,0.0
531040.0,0,0,0.0
531040.0,0,0,0.0
531040.0,0,0,0.0
531040.0,0,0,0.0
531040.0,0,0,0.0
531040.0,0,0,0.0
531040.0,0,0,0.0
531040.0,0,0,0.0
531025.0,0,0,0.0
531105.0,0,0,0.0
531026.0,0,0,0.0
531117.0,0,0,0.0
531117.0,0,0,0.0
531117.0,0,0,0.0
533005.0,0,0,0.0
533344.0,0,0,0.0
533468.0,0,0,0.0
533468.0,0,0,0.0
533006.0,0,0,0.0
533462.0,0,0,0.0
533463.0,0,0,0.0
533463.0,0,0,0.0
533016.0,0,0,0.0
533260.0,0,0,0.0
533428.0,0,0,0.0
533406.0,0,0,0.0
533406.0,0,0,0.0
533406.0,0,0,0.0
533449.0,0,0,0.0
533449.0,0,0,0.0
533430.0,0,0,0.0
533445.0,0,0,0.0
533435.0,0,0,0.0
533451.0,0,0,0.0
533407.0,0,0,0.0
533407.0,0,0,0.0
533407.0,0,0,0.0
533407.0,0,0,0.0
533433.0,0,0,0.0
533437.0,0,0,0.0
533437.0,0,0,0.0
533437.0,0,0,0.0
533450.0,0,0,0.0
533450.0,0,0,0.0
533450.0,0,0,0.0
533450.0,0,0,0.0
503123.0,0,0,0.0
533436.0,0,0,0.0
533436.0,0,0,0.0
533436.0,0,0,0.0
533436.0,0,0,0.0
533436.0,0,0,0.0
533436.0,0,0,0.0
533436.0,0,0,0.0
533436.0,0,0,0.0
533291.0,0,0,0.0
533446.0,0,0,0.0
533446.0,0,0,0.0
533446.0,0,0,0.0
533446.0,0,0,0.0
533401.0,0,0,0.0
533401.0,0,0,0.0
533401.0,0,0,0.0
533401.0,0,0,0.0
533448.0,0,0,0.0
533434.0,0,0,0.0
533483.0,0,0,0.0
533483.0,0,0,0.0
533429.0,0,0,0.0
535557.0,0,0,0.0
503219.0,0,0,0.0
503102.0,0,0,0.0
535557.0,0,0,0.0
535559.0,0,0,0.0
535128.0,0,0,0.0
535578.0,0,0,0.0
535578.0,0,0,0.0
535102.0,0,0,0.0
535102.0,0,0,0.0
535547.0,0,0,0.0
535547.0,0,0,0.0
535547.0,0,0,0.0
535547.0,0,0,0.0
535547.0,0,0,0.0
535593.0,0,0,0.0
535593.0,0,0,0.0
535593.0,0,0,0.0
535125.0,0,0,0.0
535125.0,0,0,0.0
535125.0,0,0,0.0
535592.0,0,0,0.0
535592.0,0,0,0.0
535568.0,0,0,0.0
535568.0,0,0,0.0
503321.0,0,0,0.0
535579.0,0,0,0.0
535579.0,0,0,0.0
535591.0,0,0,0.0
535591.0,0,0,0.0
535591.0,0,0,0.0
535591.0,0,0,0.0
503187.0,0,0,0.0
535546.0,0,0,0.0
535546.0,0,0,0.0
535546.0,0,0,0.0
535546.0,0,0,0.0
535546.0,0,0,0.0
535546.0,0,0,0.0
532148.0,0,0,0.0
532148.0,0,0,0.0
532148.0,0,0,0.0
532148.0,0,0,0.0
535124.0,0,0,0.0
535124.0,0,0,0.0
535124.0,0,0,0.0
535463.0,0,0,0.0
535463.0,0,0,0.0
535463.0,0,0,0.0
535463.0,0,0,0.0
535523.0,0,0,0.0
503230.0,0,0,0.0
535523.0,0,0,0.0
535523.0,0,0,0.0
535523.0,0,0,0.0
535523.0,0,0,0.0
535521.0,0,0,0.0
503302.0,0,0,0.0
535521.0,0,0,0.0
535521.0,0,0,0.0
535521.0,0,0,0.0
535521.0,0,0,0.0
535521.0,0,0,0.0
535524.0,0,0,0.0
535524.0,0,0,0.0
535524.0,0,0,0.0
535524.0,0,0,0.0
535534.0,0,0,0.0
532462.0,0,0,0.0
532440.0,0,0,0.0
532440.0,0,0,0.0
532440.0,0,0,0.0
532440.0,0,0,0.0
535502.0,0,0,0.0
535527.0,0,0,0.0
535527.0,0,0,0.0
535527.0,0,0,0.0
535527.0,0,0,0.0
535527.0,0,0,0.0
532443.0,0,0,0.0
532443.0,0,0,0.0
532461.0,0,0,0.0
532460.0,0,0,0.0
532460.0,0,0,0.0
533288.0,0,0,0.0
533297.0,0,0,0.0
533284.0,0,0,0.0
533284.0,0,0,0.0
533284.0,0,0,0.0
533284.0,0,0,0.0
502345.0,0,0,0.0
533286.0,0,0,0.0
533296.0,0,0,0.0
533124.0,0,0,0.0
533126.0,0,0,0.0
533126.0,0,0,0.0
533102.0,0,0,0.0
533102.0,0,0,0.0
533289.0,0,0,0.0
533289.0,0,0,0.0
533289.0,0,0,0.0
533285.0,0,0,0.0
533290.0,0,0,0.0
533295.0,0,0,0.0
533295.0,0,0,0.0
533295.0,0,0,0.0
533295.0,0,0,0.0
533294.0,0,0,0.0
533294.0,0,0,0.0
533294.0,0,0,0.0
533294.0,0,0,0.0
533288.0,0,0,0.0
533288.0,0,0,0.0
533288.0,0,0,0.0
533288.0,0,0,0.0
533288.0,0,0,0.0
533107.0,0,0,0.0
533287.0,0,0,0.0
533293.0,0,0,0.0
533350.0,0,0,0.0
533347.0,0,0,0.0
533349.0,0,0,0.0
533342.0,0,0,0.0
533307.0,0,0,0.0
533343.0,0,0,0.0
533261.0,0,0,0.0
533261.0,0,0,0.0
533263.0,0,0,0.0
533262.0,0,0,0.0
533341.0,0,0,0.0
533341.0,0,0,0.0
533306.0,0,0,0.0
533264.0,0,0,0.0
533308.0,0,0,0.0
533308.0,0,0,0.0
533345.0,0,0,0.0
533256.0,0,0,0.0
533256.0,0,0,0.0
502321.0,0,0,0.0
533340.0,0,0,0.0
532445.0,0,0,0.0
532445.0,0,0,0.0
532445.0,0,0,0.0
532445.0,0,0,0.0
532484.0,0,0,0.0
532459.0,0,0,0.0
532459.0,0,0,0.0
532459.0,0,0,0.0
532432.0,0,0,0.0
532432.0,0,0,0.0
532214.0,0,0,0.0
532214.0,0,0,0.0
532455.0,0,0,0.0
532458.0,0,0,0.0
532458.0,0,0,0.0
532458.0,0,0,0.0
532421.0,0,0,0.0
532421.0,0,0,0.0
532421.0,0,0,0.0
532421.0,0,0,0.0
532421.0,0,0,0.0
532457.0,0,0,0.0
532190.0,0,0,0.0
532213.0,0,0,0.0
532213.0,0,0,0.0
532429.0,0,0,0.0
532429.0,0,0,0.0
502286.0,0,0,0.0
532430.0,0,0,0.0
532430.0,0,0,0.0
532430.0,0,0,0.0
532430.0,0,0,0.0
532426.0,0,0,0.0
532474.0,0,0,0.0
532425.0,0,0,0.0
532425.0,0,0,0.0
532186.0,0,0,0.0
532186.0,0,0,0.0
532186.0,0,0,0.0
532186.0,0,0,0.0
532187.0,0,0,0.0
532186.0,0,0,0.0
532401.0,0,0,0.0
532401.0,0,0,0.0
532408.0,0,0,0.0
532408.0,0,0,0.0
532408.0,0,0,0.0
532408.0,0,0,0.0
532408.0,0,0,0.0
532406.0,0,0,0.0
532410.0,0,0,0.0
532405.0,0,0,0.0
532407.0,0,0,0.0
532407.0,0,0,0.0
532403.0,0,0,0.0
532403.0,0,0,0.0
532167.0,0,0,0.0
532167.0,0,0,0.0
532168.0,0,0,0.0
532167.0,0,0,0.0
532168.0,0,0,0.0
532167.0,0,0,0.0
532409.0,0,0,0.0
532409.0,0,0,0.0
532409.0,0,0,0.0
532127.0,0,0,0.0
532127.0,0,0,0.0
532127.0,0,0,0.0
532127.0,0,0,0.0
532127.0,0,0,0.0
532127.0,0,0,0.0
532123.0,0,0,0.0
532123.0,0,0,0.0
532123.0,0,0,0.0
532123.0,0,0,0.0
532404.0,0,0,0.0
532122.0,0,0,0.0
532264.0,0,0,0.0
532220.0,0,0,0.0
532220.0,0,0,0.0
532220.0,0,0,0.0
532216.0,0,0,0.0
532216.0,0,0,0.0
532243.0,0,0,0.0
532243.0,0,0,0.0
532312.0,0,0,0.0
502032.0,0,0,0.0
532312.0,0,0,0.0
532312.0,0,0,0.0
532312.0,0,0,0.0
532312.0,0,0,0.0
532312.0,0,0,0.0
532312.0,0,0,0.0
532312.0,0,0,0.0
532222.0,0,0,0.0
532222.0,0,0,0.0
532222.0,0,0,0.0
532222.0,0,0,0.0
532195.0,0,0,0.0
532195.0,0,0,0.0
532195.0,0,0,0.0
532242.0,0,0,0.0
532242.0,0,0,0.0
532292.0,0,0,0.0
532292.0,0,0,0.0
532292.0,0,0,0.0
532291.0,0,0,0.0
532291.0,0,0,0.0
532212.0,0,0,0.0
532212.0,0,0,0.0
532211.0,0,0,0.0
532221.0,0,0,0.0
532221.0,0,0,0.0
532218.0,0,0,0.0
532284.0,0,0,0.0
532203.0,0,0,0.0
532203.0,0,0,0.0
532203.0,0,0,0.0
532203.0,0,0,0.0
532203.0,0,0,0.0
530045.0,0,0,0.0
530045.0,0,0,0.0
530040.0,0,0,0.0
530048.0,0,0,0.0
530012.0,0,0,0.0
531163.0,0,0,0.0
531163.0,0,0,0.0
531163.0,0,0,0.0
531162.0,0,0,0.0
531162.0,0,0,0.0
531162.0,0,0,0.0
531162.0,0,0,0.0
531162.0,0,0,0.0
531162.0,0,0,0.0
531162.0,0,0,0.0
531162.0,0,0,0.0
531162.0,0,0,0.0
530027.0,0,0,0.0
530027.0,0,0,0.0
531173.0,0,0,0.0
531219.0,0,0,0.0
531219.0,0,0,0.0
531219.0,0,0,0.0
530049.0,0,0,0.0
530047.0,0,0,0.0
535005.0,0,0,0.0
535216.0,0,0,0.0
535216.0,0,0,0.0
535260.0,0,0,0.0
535260.0,0,0,0.0
535581.0,0,0,0.0
535581.0,0,0,0.0
535148.0,0,0,0.0
535270.0,0,0,0.0
535270.0,0,0,0.0
535270.0,0,0,0.0
535270.0,0,0,0.0
535270.0,0,0,0.0
535270.0,0,0,0.0
535270.0,0,0,0.0
535215.0,0,0,0.0
535250.0,0,0,0.0
535250.0,0,0,0.0
535250.0,0,0,0.0
535220.0,0,0,0.0
535220.0,0,0,0.0
535183.0,0,0,0.0
535183.0,0,0,0.0
535183.0,0,0,0.0
535183.0,0,0,0.0
535183.0,0,0,0.0
535183.0,0,0,0.0
535183.0,0,0,0.0
535161.0,0,0,0.0
535273.0,0,0,0.0
535280.0,0,0,0.0
535217.0,0,0,0.0
535217.0,0,0,0.0
535217.0,0,0,0.0
535217.0,0,0,0.0
535221.0,0,0,0.0
535221.0,0,0,0.0
535221.0,0,0,0.0
535580.0,0,0,0.0
535580.0,0,0,0.0
535580.0,0,0,0.0
535582.0,0,0,0.0
535204.0,0,0,0.0
535204.0,0,0,0.0
535204.0,0,0,0.0
535204.0,0,0,0.0
535204.0,0,0,0.0
535218.0,0,0,0.0
535218.0,0,0,0.0
535218.0,0,0,0.0
535218.0,0,0,0.0
535218.0,0,0,0.0
535145.0,0,0,0.0
535145.0,0,0,0.0
535145.0,0,0,0.0
535145.0,0,0,0.0
535145.0,0,0,0.0
535213.0,0,0,0.0
535213.0,0,0,0.0
535281.0,0,0,0.0
535003.0,0,0,0.0
535003.0,0,0,0.0
535003.0,0,0,0.0
786613.0,0,0,0.0
786613.0,0,0,0.0
786613.0,0,0,0.0
786007.0,0,0,0.0
786007.0,0,0,0.0
786007.0,0,0,0.0
786007.0,0,0,0.0
786003.0,0,0,0.0
786003.0,0,0,0.0
786184.0,0,0,0.0
786184.0,0,0,0.0
786004.0,0,0,0.0
786004.0,0,0,0.0
786001.0,0,0,0.0
785676.0,0,0,0.0
785676.0,0,0,0.0
785676.0,0,0,0.0
785675.0,0,0,0.0
785675.0,0,0,0.0
785675.0,0,0,0.0
785675.0,0,0,0.0
785675.0,0,0,0.0
786010.0,0,0,0.0
786012.0,0,0,0.0
786610.0,0,0,0.0
786610.0,0,0,0.0
786610.0,0,0,0.0
786610.0,0,0,0.0
786621.0,0,0,0.0
786191.0,0,0,0.0
786103.0,0,0,0.0
786611.0,0,0,0.0
786611.0,0,0,0.0
786611.0,0,0,0.0
786103.0,0,0,0.0
786103.0,0,0,0.0
786103.0,0,0,0.0
786612.0,0,0,0.0
786612.0,0,0,0.0
786612.0,0,0,0.0
787033.0,0,0,0.0
787033.0,0,0,0.0
787033.0,0,0,0.0
784161.0,0,0,0.0
784161.0,0,0,0.0
784161.0,0,0,0.0
787026.0,0,0,0.0
787055.0,0,0,0.0
787055.0,0,0,0.0
787055.0,0,0,0.0
787055.0,0,0,0.0
787055.0,0,0,0.0
784165.0,0,0,0.0
787057.0,0,0,0.0
787057.0,0,0,0.0
787057.0,0,0,0.0
787057.0,0,0,0.0
787057.0,0,0,0.0
787057.0,0,0,0.0
784164.0,0,0,0.0
787035.0,0,0,0.0
787053.0,0,0,0.0
787053.0,0,0,0.0
787053.0,0,0,0.0
787034.0,0,0,0.0
784160.0,0,0,0.0
787051.0,0,0,0.0
787051.0,0,0,0.0
787058.0,0,0,0.0
787058.0,0,0,0.0
787058.0,0,0,0.0
787058.0,0,0,0.0
787032.0,0,0,0.0
787032.0,0,0,0.0
787032.0,0,0,0.0
787032.0,0,0,0.0
787032.0,0,0,0.0
787023.0,0,0,0.0
787023.0,0,0,0.0
787056.0,0,0,0.0
787059.0,0,0,0.0
787110.0,0,0,0.0
787110.0,0,0,0.0
787110.0,0,0,0.0
782450.0,0,0,0.0
782482.0,0,0,0.0
782480.0,0,0,0.0
782480.0,0,0,0.0
782480.0,0,0,0.0
782480.0,0,0,0.0
782480.0,0,0,0.0
782470.0,0,0,0.0
782462.0,0,0,0.0
782462.0,0,0,0.0
782441.0,0,0,0.0
782441.0,0,0,0.0
782485.0,0,0,0.0
782486.0,0,0,0.0
782486.0,0,0,0.0
782481.0,0,0,0.0
782481.0,0,0,0.0
782446.0,0,0,0.0
782446.0,0,0,0.0
782446.0,0,0,0.0
782447.0,0,0,0.0
782439.0,0,0,0.0
782445.0,0,0,0.0
782442.0,0,0,0.0
782120.0,0,0,0.0
782120.0,0,0,0.0
782122.0,0,0,0.0
782142.0,0,0,0.0
782142.0,0,0,0.0
782121.0,0,0,0.0
782121.0,0,0,0.0
782425.0,0,0,0.0
782106.0,0,0,0.0
782440.0,0,0,0.0
782440.0,0,0,0.0
782440.0,0,0,0.0
782412.0,0,0,0.0
782123.0,0,0,0.0
782123.0,0,0,0.0
782123.0,0,0,0.0
782002.0,0,0,0.0
782002.0,0,0,0.0
782003.0,0,0,0.0
782003.0,0,0,0.0
782003.0,0,0,0.0
782411.0,0,0,0.0
782411.0,0,0,0.0
782411.0,0,0,0.0
782411.0,0,0,0.0
782410.0,0,0,0.0
782136.0,0,0,0.0
782104.0,0,0,0.0
782104.0,0,0,0.0
782104.0,0,0,0.0
782104.0,0,0,0.0
782124.0,0,0,0.0
782413.0,0,0,0.0
782426.0,0,0,0.0
782426.0,0,0,0.0
782426.0,0,0,0.0
782137.0,0,0,0.0
782138.0,0,0,0.0
782126.0,0,0,0.0
782126.0,0,0,0.0
782126.0,0,0,0.0
782105.0,0,0,0.0
782105.0,0,0,0.0
782105.0,0,0,0.0
782101.0,0,0,0.0
782101.0,0,0,0.0
782103.0,0,0,0.0
782103.0,0,0,0.0
782103.0,0,0,0.0
507306.0,0,0,0.0
507166.0,0,0,0.0
507166.0,0,0,0.0
507302.0,0,0,0.0
507302.0,0,0,0.0
507302.0,0,0,0.0
507118.0,0,0,0.0
507118.0,0,0,0.0
507118.0,0,0,0.0
507118.0,0,0,0.0
507303.0,0,0,0.0
507120.0,0,0,0.0
507120.0,0,0,0.0
507164.0,0,0,0.0
507164.0,0,0,0.0
507164.0,0,0,0.0
507164.0,0,0,0.0
507164.0,0,0,0.0
507164.0,0,0,0.0
507164.0,0,0,0.0
507127.0,0,0,0.0
507124.0,0,0,0.0
507123.0,0,0,0.0
507127.0,0,0,0.0
507123.0,0,0,0.0
507123.0,0,0,0.0
507123.0,0,0,0.0
507123.0,0,0,0.0
507123.0,0,0,0.0
507123.0,0,0,0.0
507123.0,0,0,0.0
507127.0,0,0,0.0
507127.0,0,0,0.0
507127.0,0,0,0.0
507123.0,0,0,0.0
523113.0,0,0,0.0
522612.0,0,0,0.0
522233.0,0,0,0.0
522233.0,0,0,0.0
522233.0,0,0,0.0
522619.0,0,0,0.0
522658.0,0,0,0.0
522614.0,0,0,0.0
522614.0,0,0,0.0
522614.0,0,0,0.0
522611.0,0,0,0.0
522615.0,0,0,0.0
522615.0,0,0,0.0
522615.0,0,0,0.0
522660.0,0,0,0.0
522660.0,0,0,0.0
522660.0,0,0,0.0
522660.0,0,0,0.0
522660.0,0,0,0.0
522649.0,0,0,0.0
522529.0,0,0,0.0
522603.0,0,0,0.0
522603.0,0,0,0.0
522603.0,0,0,0.0
522603.0,0,0,0.0
522617.0,0,0,0.0
522617.0,0,0,0.0
522617.0,0,0,0.0
522549.0,0,0,0.0
522549.0,0,0,0.0
522549.0,0,0,0.0
522549.0,0,0,0.0
522549.0,0,0,0.0
522646.0,0,0,0.0
522646.0,0,0,0.0
522657.0,0,0,0.0
522657.0,0,0,0.0
522647.0,0,0,0.0
522647.0,0,0,0.0
522647.0,0,0,0.0
522409.0,0,0,0.0
522409.0,0,0,0.0
522411.0,0,0,0.0
522437.0,0,0,0.0
522414.0,0,0,0.0
522414.0,0,0,0.0
522414.0,0,0,0.0
522414.0,0,0,0.0
522414.0,0,0,0.0
522414.0,0,0,0.0
522414.0,0,0,0.0
522415.0,0,0,0.0
522415.0,0,0,0.0
522410.0,0,0,0.0
522410.0,0,0,0.0
522410.0,0,0,0.0
522435.0,0,0,0.0
522426.0,0,0,0.0
522426.0,0,0,0.0
522426.0,0,0,0.0
522426.0,0,0,0.0
522438.0,0,0,0.0
522438.0,0,0,0.0
522438.0,0,0,0.0
522408.0,0,0,0.0
522408.0,0,0,0.0
522408.0,0,0,0.0
522408.0,0,0,0.0
522436.0,0,0,0.0
522402.0,0,0,0.0
522402.0,0,0,0.0
522402.0,0,0,0.0
522402.0,0,0,0.0
522402.0,0,0,0.0
522402.0,0,0,0.0
522413.0,0,0,0.0
522413.0,0,0,0.0
522413.0,0,0,0.0
522413.0,0,0,0.0
522413.0,0,0,0.0
522421.0,0,0,0.0
522401.0,0,0,0.0
522613.0,0,0,0.0
522613.0,0,0,0.0
522613.0,0,0,0.0
524142.0,0,0,0.0
524221.0,0,0,0.0
524240.0,0,0,0.0
524240.0,0,0,0.0
524240.0,0,0,0.0
524222.0,0,0,0.0
524223.0,0,0,0.0
524223.0,0,0,0.0
524224.0,0,0,0.0
524224.0,0,0,0.0
524230.0,0,0,0.0
524310.0,0,0,0.0
524225.0,0,0,0.0
524226.0,0,0,0.0
524226.0,0,0,0.0
524226.0,0,0,0.0
524315.0,0,0,0.0
524315.0,0,0,0.0
524315.0,0,0,0.0
524302.0,0,0,0.0
524302.0,0,0,0.0
524004.0,0,0,0.0
524304.0,0,0,0.0
524322.0,0,0,0.0
524322.0,0,0,0.0
524346.0,0,0,0.0
524346.0,0,0,0.0
524305.0,0,0,0.0
524305.0,0,0,0.0
524305.0,0,0,0.0
524003.0,0,0,0.0
524003.0,0,0,0.0
524306.0,0,0,0.0
524317.0,0,0,0.0
524317.0,0,0,0.0
524234.0,0,0,0.0
524314.0,0,0,0.0
524307.0,0,0,0.0
524307.0,0,0,0.0
524316.0,0,0,0.0
524137.0,0,0,0.0
524137.0,0,0,0.0
524312.0,0,0,0.0
524312.0,0,0,0.0
524344.0,0,0,0.0
524313.0,0,0,0.0
524313.0,0,0,0.0
524313.0,0,0,0.0
524313.0,0,0,0.0
524366.0,0,0,0.0
524303.0,0,0,0.0
524308.0,0,0,0.0
524308.0,0,0,0.0
524308.0,0,0,0.0
524308.0,0,0,0.0
524308.0,0,0,0.0
524311.0,0,0,0.0
524318.0,0,0,0.0
524318.0,0,0,0.0
523171.0,0,0,0.0
523171.0,0,0,0.0
523171.0,0,0,0.0
523167.0,0,0,0.0
523167.0,0,0,0.0
523167.0,0,0,0.0
523166.0,0,0,0.0
523169.0,0,0,0.0
523169.0,0,0,0.0
523169.0,0,0,0.0
523157.0,0,0,0.0
523185.0,0,0,0.0
523170.0,0,0,0.0
523281.0,0,0,0.0
523281.0,0,0,0.0
523281.0,0,0,0.0
523271.0,0,0,0.0
523271.0,0,0,0.0
506244.0,0,0,0.0
523270.0,0,0,0.0
523270.0,0,0,0.0
523270.0,0,0,0.0
523270.0,0,0,0.0
523270.0,0,0,0.0
523115.0,0,0,0.0
523115.0,0,0,0.0
523113.0,0,0,0.0
523113.0,0,0,0.0
523113.0,0,0,0.0
523113.0,0,0,0.0
523109.0,0,0,0.0
523109.0,0,0,0.0
523109.0,0,0,0.0
523101.0,0,0,0.0
523101.0,0,0,0.0
523101.0,0,0,0.0
523101.0,0,0,0.0
506165.0,0,0,0.0
523274.0,0,0,0.0
523279.0,0,0,0.0
523279.0,0,0,0.0
523279.0,0,0,0.0
523116.0,0,0,0.0
523272.0,0,0,0.0
523272.0,0,0,0.0
523272.0,0,0,0.0
523272.0,0,0,0.0
523110.0,0,0,0.0
523110.0,0,0,0.0
523110.0,0,0,0.0
523112.0,0,0,0.0
523247.0,0,0,0.0
523246.0,0,0,0.0
523246.0,0,0,0.0
523246.0,0,0,0.0
523241.0,0,0,0.0
523304.0,0,0,0.0
523265.0,0,0,0.0
523117.0,0,0,0.0
523117.0,0,0,0.0
523117.0,0,0,0.0
523117.0,0,0,0.0
523228.0,0,0,0.0
523228.0,0,0,0.0
523111.0,0,0,0.0
523108.0,0,0,0.0
523245.0,0,0,0.0
523247.0,0,0,0.0
523252.0,0,0,0.0
523252.0,0,0,0.0
523254.0,0,0,0.0
523230.0,0,0,0.0
523230.0,0,0,0.0
523253.0,0,0,0.0
523224.0,0,0,0.0
523224.0,0,0,0.0
523224.0,0,0,0.0
523265.0,0,0,0.0
523201.0,0,0,0.0
523201.0,0,0,0.0
523226.0,0,0,0.0
523280.0,0,0,0.0
523182.0,0,0,0.0
523303.0,0,0,0.0
523303.0,0,0,0.0
523303.0,0,0,0.0
523303.0,0,0,0.0
523212.0,0,0,0.0
523212.0,0,0,0.0
523212.0,0,0,0.0
523211.0,0,0,0.0
523301.0,0,0,0.0
523301.0,0,0,0.0
523301.0,0,0,0.0
523261.0,0,0,0.0
523183.0,0,0,0.0
523183.0,0,0,0.0
523225.0,0,0,0.0
523225.0,0,0,0.0
523264.0,0,0,0.0
523264.0,0,0,0.0
523186.0,0,0,0.0
523260.0,0,0,0.0
523260.0,0,0,0.0
534313.0,0,0,0.0
534313.0,0,0,0.0
534313.0,0,0,0.0
534318.0,0,0,0.0
534318.0,0,0,0.0
534318.0,0,0,0.0
534318.0,0,0,0.0
506172.0,0,0,0.0
534316.0,0,0,0.0
534329.0,0,0,0.0
534329.0,0,0,0.0
534301.0,0,0,0.0
534301.0,0,0,0.0
534302.0,0,0,0.0
506345.0,0,0,0.0
534305.0,0,0,0.0
506224.0,0,0,0.0
534341.0,0,0,0.0
534341.0,0,0,0.0
534341.0,0,0,0.0
534341.0,0,0,0.0
534340.0,0,0,0.0
534340.0,0,0,0.0
506344.0,0,0,0.0
534196.0,0,0,0.0
534156.0,0,0,0.0
534198.0,0,0,0.0
534198.0,0,0,0.0
534198.0,0,0,0.0
534198.0,0,0,0.0
534112.0,0,0,0.0
534166.0,0,0,0.0
534176.0,0,0,0.0
534146.0,0,0,0.0
534146.0,0,0,0.0
534146.0,0,0,0.0
534411.0,0,0,0.0
534186.0,0,0,0.0
534186.0,0,0,0.0
505460.0,0,0,0.0
505466.0,0,0,0.0
505404.0,0,0,0.0
505403.0,0,0,0.0
521151.0,0,0,0.0
521211.0,0,0,0.0
521211.0,0,0,0.0
521211.0,0,0,0.0
520015.0,0,0,0.0
521102.0,0,0,0.0
521182.0,0,0,0.0
521182.0,0,0,0.0
521182.0,0,0,0.0
521182.0,0,0,0.0
521182.0,0,0,0.0
521178.0,0,0,0.0
521178.0,0,0,0.0
521178.0,0,0,0.0
521229.0,0,0,0.0
521229.0,0,0,0.0
521229.0,0,0,0.0
521229.0,0,0,0.0
505469.0,0,0,0.0
521175.0,0,0,0.0
521175.0,0,0,0.0
521246.0,0,0,0.0
521164.0,0,0,0.0
521227.0,0,0,0.0
521228.0,0,0,0.0
521457.0,0,0,0.0
521256.0,0,0,0.0
521247.0,0,0,0.0
521247.0,0,0,0.0
505331.0,0,0,0.0
521183.0,0,0,0.0
521183.0,0,0,0.0
521230.0,0,0,0.0
521230.0,0,0,0.0
521230.0,0,0,0.0
505405.0,0,0,0.0
521185.0,0,0,0.0
521185.0,0,0,0.0
521185.0,0,0,0.0
521185.0,0,0,0.0
521185.0,0,0,0.0
521212.0,0,0,0.0
521212.0,0,0,0.0
521190.0,0,0,0.0
505445.0,0,0,0.0
521190.0,0,0,0.0
521190.0,0,0,0.0
521402.0,0,0,0.0
533248.0,0,0,0.0
531022.0,0,0,0.0
531149.0,0,0,0.0
531149.0,0,0,0.0
531149.0,0,0,0.0
531151.0,0,0,0.0
531151.0,0,0,0.0
531151.0,0,0,0.0
531151.0,0,0,0.0
531011.0,0,0,0.0
531036.0,0,0,0.0
531036.0,0,0,0.0
531036.0,0,0,0.0
531036.0,0,0,0.0
531036.0,0,0,0.0
531030.0,0,0,0.0
531030.0,0,0,0.0
531030.0,0,0,0.0
531030.0,0,0,0.0
531061.0,0,0,0.0
531061.0,0,0,0.0
531061.0,0,0,0.0
531061.0,0,0,0.0
531061.0,0,0,0.0
531023.0,0,0,0.0
531034.0,0,0,0.0
531031.0,0,0,0.0
502313.0,0,0,0.0
531075.0,0,0,0.0
531075.0,0,0,0.0
531075.0,0,0,0.0
531033.0,0,0,0.0
531033.0,0,0,0.0
531081.0,0,0,0.0
531081.0,0,0,0.0
531002.0,0,0,0.0
531002.0,0,0,0.0
531002.0,0,0,0.0
531020.0,0,0,0.0
531126.0,0,0,0.0
531126.0,0,0,0.0
531060.0,0,0,0.0
531127.0,0,0,0.0
531127.0,0,0,0.0
531035.0,0,0,0.0
531035.0,0,0,0.0
531035.0,0,0,0.0
531032.0,0,0,0.0
531032.0,0,0,0.0
531055.0,0,0,0.0
531055.0,0,0,0.0
531111.0,0,0,0.0
531111.0,0,0,0.0
531111.0,0,0,0.0
531082.0,0,0,0.0
531029.0,0,0,0.0
531029.0,0,0,0.0
531077.0,0,0,0.0
531077.0,0,0,0.0
531077.0,0,0,0.0
531077.0,0,0,0.0
531084.0,0,0,0.0
531084.0,0,0,0.0
531084.0,0,0,0.0
531084.0,0,0,0.0
531028.0,0,0,0.0
531028.0,0,0,0.0
531028.0,0,0,0.0
531028.0,0,0,0.0
531085.0,0,0,0.0
531085.0,0,0,0.0
531114.0,0,0,0.0
531087.0,0,0,0.0
531087.0,0,0,0.0
531118.0,0,0,0.0
531118.0,0,0,0.0
531118.0,0,0,0.0
824232.0,0,0,0.0
823002.0,0,0,0.0
823002.0,0,0,0.0
824118.0,0,0,0.0
824118.0,0,0,0.0
824118.0,0,0,0.0
804407.0,0,0,0.0
824233.0,0,0,0.0
824233.0,0,0,0.0
824235.0,0,0,0.0
824209.0,0,0,0.0
824236.0,0,0,0.0
824236.0,0,0,0.0
804401.0,0,0,0.0
804401.0,0,0,0.0
804401.0,0,0,0.0
804403.0,0,0,0.0
804405.0,0,0,0.0
804417.0,0,0,0.0
804417.0,0,0,0.0
804418.0,0,0,0.0
804420.0,0,0,0.0
804420.0,0,0,0.0
804420.0,0,0,0.0
804420.0,0,0,0.0
804420.0,0,0,0.0
804419.0,0,0,0.0
804420.0,0,0,0.0
804420.0,0,0,0.0
804420.0,0,0,0.0
804422.0,0,0,0.0
804422.0,0,0,0.0
804422.0,0,0,0.0
804422.0,0,0,0.0
804422.0,0,0,0.0
804423.0,0,0,0.0
804424.0,0,0,0.0
804427.0,0,0,0.0
804427.0,0,0,0.0
804425.0,0,0,0.0
804427.0,0,0,0.0
804429.0,0,0,0.0
804429.0,0,0,0.0
804429.0,0,0,0.0
804429.0,0,0,0.0
811301.0,0,0,0.0
811301.0,0,0,0.0
811301.0,0,0,0.0
811301.0,0,0,0.0
811301.0,0,0,0.0
811303.0,0,0,0.0
811303.0,0,0,0.0
811303.0,0,0,0.0
811303.0,0,0,0.0
811305.0,0,0,0.0
811305.0,0,0,0.0
811305.0,0,0,0.0
811305.0,0,0,0.0
811305.0,0,0,0.0
811308.0,0,0,0.0
811317.0,0,0,0.0
811317.0,0,0,0.0
811317.0,0,0,0.0
811312.0,0,0,0.0
811312.0,0,0,0.0
811313.0,0,0,0.0
811313.0,0,0,0.0
811313.0,0,0,0.0
811313.0,0,0,0.0
811313.0,0,0,0.0
811313.0,0,0,0.0
811313.0,0,0,0.0
811313.0,0,0,0.0
811315.0,0,0,0.0
811315.0,0,0,0.0
811316.0,0,0,0.0
811316.0,0,0,0.0
811314.0,0,0,0.0
811314.0,0,0,0.0
811101.0,0,0,0.0
811101.0,0,0,0.0
811101.0,0,0,0.0
811101.0,0,0,0.0
811302.0,0,0,0.0
811302.0,0,0,0.0
811211.0,0,0,0.0
811211.0,0,0,0.0
811202.0,0,0,0.0
811202.0,0,0,0.0
811202.0,0,0,0.0
811202.0,0,0,0.0
811202.0,0,0,0.0
811202.0,0,0,0.0
811304.0,0,0,0.0
811212.0,0,0,0.0
811212.0,0,0,0.0
811212.0,0,0,0.0
811213.0,0,0,0.0
811213.0,0,0,0.0
811213.0,0,0,0.0
811213.0,0,0,0.0
811214.0,0,0,0.0
811309.0,0,0,0.0
811309.0,0,0,0.0
811310.0,0,0,0.0
811310.0,0,0,0.0
811306.0,0,0,0.0
811311.0,0,0,0.0
811311.0,0,0,0.0
811306.0,0,0,0.0
811311.0,0,0,0.0
811311.0,0,0,0.0
811311.0,0,0,0.0
811311.0,0,0,0.0
811311.0,0,0,0.0
811311.0,0,0,0.0
811103.0,0,0,0.0
811103.0,0,0,0.0
811105.0,0,0,0.0
811105.0,0,0,0.0
811105.0,0,0,0.0
811105.0,0,0,0.0
811105.0,0,0,0.0
811105.0,0,0,0.0
811105.0,0,0,0.0
811105.0,0,0,0.0
811105.0,0,0,0.0
811105.0,0,0,0.0
811107.0,0,0,0.0
811107.0,0,0,0.0
811107.0,0,0,0.0
811107.0,0,0,0.0
811107.0,0,0,0.0
811106.0,0,0,0.0
811106.0,0,0,0.0
803120.0,0,0,0.0
803107.0,0,0,0.0
803107.0,0,0,0.0
803107.0,0,0,0.0
803107.0,0,0,0.0
803107.0,0,0,0.0
803107.0,0,0,0.0
803211.0,0,0,0.0
803212.0,0,0,0.0
803212.0,0,0,0.0
803214.0,0,0,0.0
803213.0,0,0,0.0
803213.0,0,0,0.0
801307.0,0,0,0.0
803108.0,0,0,0.0
803108.0,0,0,0.0
803108.0,0,0,0.0
803108.0,0,0,0.0
801301.0,0,0,0.0
801301.0,0,0,0.0
801301.0,0,0,0.0
801301.0,0,0,0.0
803110.0,0,0,0.0
803110.0,0,0,0.0
803110.0,0,0,0.0
803110.0,0,0,0.0
803110.0,0,0,0.0
803110.0,0,0,0.0
803110.0,0,0,0.0
801302.0,0,0,0.0
801302.0,0,0,0.0
801302.0,0,0,0.0
801302.0,0,0,0.0
801303.0,0,0,0.0
801303.0,0,0,0.0
801303.0,0,0,0.0
801303.0,0,0,0.0
801303.0,0,0,0.0
801303.0,0,0,0.0
801304.0,0,0,0.0
801304.0,0,0,0.0
801304.0,0,0,0.0
801304.0,0,0,0.0
801304.0,0,0,0.0
801305.0,0,0,0.0
801305.0,0,0,0.0
801305.0,0,0,0.0
803111.0,0,0,0.0
803113.0,0,0,0.0
803113.0,0,0,0.0
803113.0,0,0,0.0
803221.0,0,0,0.0
803221.0,0,0,0.0
803114.0,0,0,0.0
803114.0,0,0,0.0
803114.0,0,0,0.0
803114.0,0,0,0.0
803114.0,0,0,0.0
803114.0,0,0,0.0
803114.0,0,0,0.0
803115.0,0,0,0.0
803115.0,0,0,0.0
803115.0,0,0,0.0
803119.0,0,0,0.0
803116.0,0,0,0.0
803116.0,0,0,0.0
803116.0,0,0,0.0
803116.0,0,0,0.0
803116.0,0,0,0.0
803216.0,0,0,0.0
803216.0,0,0,0.0
803216.0,0,0,0.0
803306.0,0,0,0.0
803117.0,0,0,0.0
803117.0,0,0,0.0
803118.0,0,0,0.0
801306.0,0,0,0.0
801306.0,0,0,0.0
801306.0,0,0,0.0
805132.0,0,0,0.0
803109.0,0,0,0.0
805102.0,0,0,0.0
805102.0,0,0,0.0
805103.0,0,0,0.0
805103.0,0,0,0.0
805104.0,0,0,0.0
805104.0,0,0,0.0
805104.0,0,0,0.0
805104.0,0,0,0.0
805106.0,0,0,0.0
805141.0,0,0,0.0
805106.0,0,0,0.0
805106.0,0,0,0.0
805141.0,0,0,0.0
805106.0,0,0,0.0
805107.0,0,0,0.0
805108.0,0,0,0.0
805108.0,0,0,0.0
805108.0,0,0,0.0
805109.0,0,0,0.0
805109.0,0,0,0.0
805109.0,0,0,0.0
805109.0,0,0,0.0
805109.0,0,0,0.0
805122.0,0,0,0.0
805111.0,0,0,0.0
805111.0,0,0,0.0
805111.0,0,0,0.0
805121.0,0,0,0.0
805123.0,0,0,0.0
805123.0,0,0,0.0
805123.0,0,0,0.0
805124.0,0,0,0.0
805112.0,0,0,0.0
805112.0,0,0,0.0
805112.0,0,0,0.0
805126.0,0,0,0.0
805126.0,0,0,0.0
805127.0,0,0,0.0
805128.0,0,0,0.0
805128.0,0,0,0.0
805128.0,0,0,0.0
805128.0,0,0,0.0
805129.0,0,0,0.0
805129.0,0,0,0.0
805129.0,0,0,0.0
805113.0,0,0,0.0
805130.0,0,0,0.0
805130.0,0,0,0.0
805113.0,0,0,0.0
805113.0,0,0,0.0
805130.0,0,0,0.0
805130.0,0,0,0.0
805131.0,0,0,0.0
805131.0,0,0,0.0
805131.0,0,0,0.0
805113.0,0,0,0.0
800009.0,0,0,0.0
800007.0,0,0,0.0
803203.0,0,0,0.0
803203.0,0,0,0.0
801505.0,0,0,0.0
801109.0,0,0,0.0
801109.0,0,0,0.0
801109.0,0,0,0.0
801110.0,0,0,0.0
801110.0,0,0,0.0
801108.0,0,0,0.0
801108.0,0,0,0.0
804453.0,0,0,0.0
804453.0,0,0,0.0
804453.0,0,0,0.0
801104.0,0,0,0.0
801104.0,0,0,0.0
801104.0,0,0,0.0
801503.0,0,0,0.0
803202.0,0,0,0.0
803202.0,0,0,0.0
803202.0,0,0,0.0
803202.0,0,0,0.0
803201.0,0,0,0.0
803201.0,0,0,0.0
804451.0,0,0,0.0
804451.0,0,0,0.0
804451.0,0,0,0.0
804451.0,0,0,0.0
804451.0,0,0,0.0
804451.0,0,0,0.0
801112.0,0,0,0.0
801112.0,0,0,0.0
804452.0,0,0,0.0
804452.0,0,0,0.0
804452.0,0,0,0.0
804452.0,0,0,0.0
804452.0,0,0,0.0
801503.0,0,0,0.0
801108.0,0,0,0.0
801111.0,0,0,0.0
800030.0,0,0,0.0
821301.0,0,0,0.0
802211.0,0,0,0.0
821304.0,0,0,0.0
821101.0,0,0,0.0
821101.0,0,0,0.0
821101.0,0,0,0.0
821101.0,0,0,0.0
821102.0,0,0,0.0
821102.0,0,0,0.0
821102.0,0,0,0.0
821102.0,0,0,0.0
802212.0,0,0,0.0
802212.0,0,0,0.0
802212.0,0,0,0.0
802212.0,0,0,0.0
821103.0,0,0,0.0
821104.0,0,0,0.0
821104.0,0,0,0.0
821306.0,0,0,0.0
802213.0,0,0,0.0
802213.0,0,0,0.0
802213.0,0,0,0.0
802213.0,0,0,0.0
821105.0,0,0,0.0
821105.0,0,0,0.0
802215.0,0,0,0.0
802215.0,0,0,0.0
802215.0,0,0,0.0
802215.0,0,0,0.0
802214.0,0,0,0.0
821106.0,0,0,0.0
821106.0,0,0,0.0
821106.0,0,0,0.0
821308.0,0,0,0.0
821308.0,0,0,0.0
821309.0,0,0,0.0
821309.0,0,0,0.0
821107.0,0,0,0.0
821108.0,0,0,0.0
821108.0,0,0,0.0
821108.0,0,0,0.0
821108.0,0,0,0.0
821108.0,0,0,0.0
821108.0,0,0,0.0
821109.0,0,0,0.0
821109.0,0,0,0.0
821109.0,0,0,0.0
821109.0,0,0,0.0
821310.0,0,0,0.0
821310.0,0,0,0.0
802218.0,0,0,0.0
802218.0,0,0,0.0
802218.0,0,0,0.0
802132.0,0,0,0.0
821110.0,0,0,0.0
802220.0,0,0,0.0
802220.0,0,0,0.0
821113.0,0,0,0.0
821015.0,0,0,0.0
821113.0,0,0,0.0
821113.0,0,0,0.0
844111.0,0,0,0.0
844111.0,0,0,0.0
844111.0,0,0,0.0
844103.0,0,0,0.0
844103.0,0,0,0.0
844103.0,0,0,0.0
844501.0,0,0,0.0
844501.0,0,0,0.0
844114.0,0,0,0.0
844114.0,0,0,0.0
844114.0,0,0,0.0
844114.0,0,0,0.0
844503.0,0,0,0.0
844503.0,0,0,0.0
844503.0,0,0,0.0
844502.0,0,0,0.0
844502.0,0,0,0.0
844502.0,0,0,0.0
844502.0,0,0,0.0
844115.0,0,0,0.0
844115.0,0,0,0.0
844504.0,0,0,0.0
844504.0,0,0,0.0
844504.0,0,0,0.0
844116.0,0,0,0.0
844118.0,0,0,0.0
844118.0,0,0,0.0
844102.0,0,0,0.0
844505.0,0,0,0.0
844505.0,0,0,0.0
844505.0,0,0,0.0
844121.0,0,0,0.0
844506.0,0,0,0.0
844506.0,0,0,0.0
844506.0,0,0,0.0
844506.0,0,0,0.0
844122.0,0,0,0.0
844122.0,0,0,0.0
844122.0,0,0,0.0
844122.0,0,0,0.0
843114.0,0,0,0.0
843114.0,0,0,0.0
844123.0,0,0,0.0
844123.0,0,0,0.0
844508.0,0,0,0.0
844508.0,0,0,0.0
844124.0,0,0,0.0
844509.0,0,0,0.0
844125.0,0,0,0.0
844125.0,0,0,0.0
494001.0,0,0,0.0
494001.0,0,0,0.0
494001.0,0,0,0.0
494001.0,0,0,0.0
494001.0,0,0,0.0
494001.0,0,0,0.0
494001.0,0,0,0.0
494001.0,0,0,0.0
494001.0,0,0,0.0
494001.0,0,0,0.0
494001.0,0,0,0.0
494001.0,0,0,0.0
494001.0,0,0,0.0
494001.0,0,0,0.0
494221.0,0,0,0.0
494447.0,0,0,0.0
494447.0,0,0,0.0
494447.0,0,0,0.0
494447.0,0,0,0.0
494447.0,0,0,0.0
494447.0,0,0,0.0
494447.0,0,0,0.0
494447.0,0,0,0.0
494553.0,0,0,0.0
494553.0,0,0,0.0
494222.0,0,0,0.0
494222.0,0,0,0.0
494222.0,0,0,0.0
494222.0,0,0,0.0
494222.0,0,0,0.0
494223.0,0,0,0.0
494223.0,0,0,0.0
494223.0,0,0,0.0
494450.0,0,0,0.0
494450.0,0,0,0.0
494450.0,0,0,0.0
494450.0,0,0,0.0
494450.0,0,0,0.0
494450.0,0,0,0.0
494450.0,0,0,0.0
494450.0,0,0,0.0
494450.0,0,0,0.0
494450.0,0,0,0.0
494450.0,0,0,0.0
494450.0,0,0,0.0
494450.0,0,0,0.0
494450.0,0,0,0.0
494450.0,0,0,0.0
494450.0,0,0,0.0
494450.0,0,0,0.0
494450.0,0,0,0.0
494450.0,0,0,0.0
494450.0,0,0,0.0
494450.0,0,0,0.0
494450.0,0,0,0.0
494450.0,0,0,0.0
494450.0,0,0,0.0
494224.0,0,0,0.0
494224.0,0,0,0.0
494224.0,0,0,0.0
494224.0,0,0,0.0
494224.0,0,0,0.0
494224.0,0,0,0.0
494224.0,0,0,0.0
494224.0,0,0,0.0
494446.0,0,0,0.0
494446.0,0,0,0.0
494446.0,0,0,0.0
494446.0,0,0,0.0
494444.0,0,0,0.0
494444.0,0,0,0.0
494444.0,0,0,0.0
494444.0,0,0,0.0
494444.0,0,0,0.0
494444.0,0,0,0.0
494444.0,0,0,0.0
494444.0,0,0,0.0
494444.0,0,0,0.0
494444.0,0,0,0.0
494444.0,0,0,0.0
494449.0,0,0,0.0
494449.0,0,0,0.0
494449.0,0,0,0.0
494449.0,0,0,0.0
494449.0,0,0,0.0
494449.0,0,0,0.0
494449.0,0,0,0.0
494001.0,0,0,0.0
494122.0,0,0,0.0
494122.0,0,0,0.0
494122.0,0,0,0.0
494111.0,0,0,0.0
494111.0,0,0,0.0
494111.0,0,0,0.0
494111.0,0,0,0.0
494111.0,0,0,0.0
494441.0,0,0,0.0
494441.0,0,0,0.0
494441.0,0,0,0.0
494441.0,0,0,0.0
494441.0,0,0,0.0
494441.0,0,0,0.0
494441.0,0,0,0.0
494441.0,0,0,0.0
494441.0,0,0,0.0
494441.0,0,0,0.0
494556.0,0,0,0.0
494114.0,0,0,0.0
494114.0,0,0,0.0
494114.0,0,0,0.0
494114.0,0,0,0.0
494114.0,0,0,0.0
494114.0,0,0,0.0
494114.0,0,0,0.0
494010.0,0,0,0.0
494010.0,0,0,0.0
494010.0,0,0,0.0
494010.0,0,0,0.0
494010.0,0,0,0.0
494010.0,0,0,0.0
494010.0,0,0,0.0
494448.0,0,0,0.0
494448.0,0,0,0.0
494448.0,0,0,0.0
494448.0,0,0,0.0
494448.0,0,0,0.0
494448.0,0,0,0.0
494448.0,0,0,0.0
494552.0,0,0,0.0
494552.0,0,0,0.0
494552.0,0,0,0.0
494552.0,0,0,0.0
494552.0,0,0,0.0
494552.0,0,0,0.0
494111.0,0,0,0.0
494111.0,0,0,0.0
523335.0,0,0,0.0
523334.0,0,0,0.0
523333.0,0,0,0.0
523333.0,0,0,0.0
523305.0,0,0,0.0
523305.0,0,0,0.0
523330.0,0,0,0.0
523356.0,0,0,0.0
523327.0,0,0,0.0
523327.0,0,0,0.0
523327.0,0,0,0.0
523327.0,0,0,0.0
523315.0,0,0,0.0
523357.0,0,0,0.0
523357.0,0,0,0.0
523336.0,0,0,0.0
523367.0,0,0,0.0
523331.0,0,0,0.0
523346.0,0,0,0.0
523328.0,0,0,0.0
523368.0,0,0,0.0
523369.0,0,0,0.0
523370.0,0,0,0.0
523370.0,0,0,0.0
523370.0,0,0,0.0
523332.0,0,0,0.0
523332.0,0,0,0.0
523372.0,0,0,0.0
523320.0,0,0,0.0
523320.0,0,0,0.0
523326.0,0,0,0.0
523326.0,0,0,0.0
523326.0,0,0,0.0
523329.0,0,0,0.0
518583.0,0,0,0.0
518583.0,0,0,0.0
523101.0,0,0,0.0
518563.0,0,0,0.0
516356.0,0,0,0.0
516356.0,0,0,0.0
516356.0,0,0,0.0
535502.0,0,0,0.0
516310.0,0,0,0.0
516433.0,0,0,0.0
516431.0,0,0,0.0
516175.0,0,0,0.0
516175.0,0,0,0.0
516175.0,0,0,0.0
516361.0,0,0,0.0
516361.0,0,0,0.0
516434.0,0,0,0.0
516434.0,0,0,0.0
516434.0,0,0,0.0
516434.0,0,0,0.0
516434.0,0,0,0.0
516355.0,0,0,0.0
516362.0,0,0,0.0
516359.0,0,0,0.0
516359.0,0,0,0.0
516359.0,0,0,0.0
516359.0,0,0,0.0
516380.0,0,0,0.0
516380.0,0,0,0.0
516380.0,0,0,0.0
516172.0,0,0,0.0
516172.0,0,0,0.0
516432.0,0,0,0.0
516432.0,0,0,0.0
516312.0,0,0,0.0
516421.0,0,0,0.0
516484.0,0,0,0.0
516289.0,0,0,0.0
516289.0,0,0,0.0
516289.0,0,0,0.0
516444.0,0,0,0.0
516396.0,0,0,0.0
516396.0,0,0,0.0
516339.0,0,0,0.0
516216.0,0,0,0.0
516216.0,0,0,0.0
516216.0,0,0,0.0
516391.0,0,0,0.0
516391.0,0,0,0.0
516391.0,0,0,0.0
516454.0,0,0,0.0
516454.0,0,0,0.0
516350.0,0,0,0.0
516350.0,0,0,0.0
516350.0,0,0,0.0
516474.0,0,0,0.0
516474.0,0,0,0.0
516293.0,0,0,0.0
516293.0,0,0,0.0
516293.0,0,0,0.0
516321.0,0,0,0.0
516321.0,0,0,0.0
516321.0,0,0,0.0
516321.0,0,0,0.0
516321.0,0,0,0.0
517113.0,0,0,0.0
517172.0,0,0,0.0
517112.0,0,0,0.0
517112.0,0,0,0.0
517214.0,0,0,0.0
517192.0,0,0,0.0
517592.0,0,0,0.0
517592.0,0,0,0.0
517582.0,0,0,0.0
517582.0,0,0,0.0
517582.0,0,0,0.0
517589.0,0,0,0.0
517590.0,0,0,0.0
517590.0,0,0,0.0
517590.0,0,0,0.0
517591.0,0,0,0.0
517591.0,0,0,0.0
517586.0,0,0,0.0
517587.0,0,0,0.0
517569.0,0,0,0.0
534235.0,0,0,0.0
534235.0,0,0,0.0
534239.0,0,0,0.0
534239.0,0,0,0.0
534237.0,0,0,0.0
534240.0,0,0,0.0
534210.0,0,0,0.0
534247.0,0,0,0.0
534208.0,0,0,0.0
534207.0,0,0,0.0
534199.0,0,0,0.0
534199.0,0,0,0.0
534244.0,0,0,0.0
534126.0,0,0,0.0
534123.0,0,0,0.0
534268.0,0,0,0.0
534268.0,0,0,0.0
534268.0,0,0,0.0
534267.0,0,0,0.0
534267.0,0,0,0.0
534250.0,0,0,0.0
534281.0,0,0,0.0
534275.0,0,0,0.0
534275.0,0,0,0.0
534280.0,0,0,0.0
534280.0,0,0,0.0
534134.0,0,0,0.0
534134.0,0,0,0.0
534134.0,0,0,0.0
534134.0,0,0,0.0
534217.0,0,0,0.0
534330.0,0,0,0.0
534330.0,0,0,0.0
534218.0,0,0,0.0
534218.0,0,0,0.0
534227.0,0,0,0.0
534320.0,0,0,0.0
534320.0,0,0,0.0
534328.0,0,0,0.0
534225.0,0,0,0.0
534216.0,0,0,0.0
534427.0,0,0,0.0
534437.0,0,0,0.0
534003.0,0,0,0.0
534002.0,0,0,0.0
534002.0,0,0,0.0
534002.0,0,0,0.0
534475.0,0,0,0.0
534425.0,0,0,0.0
534448.0,0,0,0.0
534448.0,0,0,0.0
534448.0,0,0,0.0
534406.0,0,0,0.0
534406.0,0,0,0.0
534460.0,0,0,0.0
534460.0,0,0,0.0
534455.0,0,0,0.0
534455.0,0,0,0.0
534455.0,0,0,0.0
534456.0,0,0,0.0
534456.0,0,0,0.0
534456.0,0,0,0.0
534456.0,0,0,0.0
534456.0,0,0,0.0
534449.0,0,0,0.0
534449.0,0,0,0.0
534449.0,0,0,0.0
534311.0,0,0,0.0
534312.0,0,0,0.0
534451.0,0,0,0.0
534461.0,0,0,0.0
534401.0,0,0,0.0
534452.0,0,0,0.0
534444.0,0,0,0.0
521330.0,0,0,0.0
521330.0,0,0,0.0
521324.0,0,0,0.0
521324.0,0,0,0.0
521322.0,0,0,0.0
521321.0,0,0,0.0
521333.0,0,0,0.0
521343.0,0,0,0.0
521345.0,0,0,0.0
521345.0,0,0,0.0
521345.0,0,0,0.0
521323.0,0,0,0.0
521325.0,0,0,0.0
521340.0,0,0,0.0
521340.0,0,0,0.0
521329.0,0,0,0.0
521263.0,0,0,0.0
521202.0,0,0,0.0
521111.0,0,0,0.0
521311.0,0,0,0.0
521106.0,0,0,0.0
521106.0,0,0,0.0
521106.0,0,0,0.0
521207.0,0,0,0.0
521213.0,0,0,0.0
521213.0,0,0,0.0
521214.0,0,0,0.0
521215.0,0,0,0.0
521215.0,0,0,0.0
521401.0,0,0,0.0
521401.0,0,0,0.0
521109.0,0,0,0.0
521235.0,0,0,0.0
521110.0,0,0,0.0
521110.0,0,0,0.0
524404.0,0,0,0.0
524341.0,0,0,0.0
524406.0,0,0,0.0
524406.0,0,0,0.0
524406.0,0,0,0.0
524342.0,0,0,0.0
524134.0,0,0,0.0
524414.0,0,0,0.0
524414.0,0,0,0.0
524131.0,0,0,0.0
524131.0,0,0,0.0
524131.0,0,0,0.0
524131.0,0,0,0.0
524131.0,0,0,0.0
524410.0,0,0,0.0
524343.0,0,0,0.0
524343.0,0,0,0.0
524403.0,0,0,0.0
524403.0,0,0,0.0
524405.0,0,0,0.0
524405.0,0,0,0.0
524405.0,0,0,0.0
524421.0,0,0,0.0
524421.0,0,0,0.0
524421.0,0,0,0.0
524421.0,0,0,0.0
524126.0,0,0,0.0
524126.0,0,0,0.0
524323.0,0,0,0.0
524129.0,0,0,0.0
524345.0,0,0,0.0
524345.0,0,0,0.0
524345.0,0,0,0.0
524408.0,0,0,0.0
524408.0,0,0,0.0
524121.0,0,0,0.0
524121.0,0,0,0.0
524121.0,0,0,0.0
524321.0,0,0,0.0
524407.0,0,0,0.0
524415.0,0,0,0.0
524320.0,0,0,0.0
524320.0,0,0,0.0
524320.0,0,0,0.0
524132.0,0,0,0.0
524132.0,0,0,0.0
524413.0,0,0,0.0
524309.0,0,0,0.0
524309.0,0,0,0.0
524309.0,0,0,0.0
524402.0,0,0,0.0
524402.0,0,0,0.0
524402.0,0,0,0.0
524402.0,0,0,0.0
524127.0,0,0,0.0
524127.0,0,0,0.0
522015.0,0,0,0.0
522017.0,0,0,0.0
522017.0,0,0,0.0
522017.0,0,0,0.0
522017.0,0,0,0.0
522235.0,0,0,0.0
522235.0,0,0,0.0
522019.0,0,0,0.0
522019.0,0,0,0.0
522020.0,0,0,0.0
522016.0,0,0,0.0
522016.0,0,0,0.0
522508.0,0,0,0.0
522016.0,0,0,0.0
522509.0,0,0,0.0
522305.0,0,0,0.0
522302.0,0,0,0.0
522302.0,0,0,0.0
522302.0,0,0,0.0
522018.0,0,0,0.0
522018.0,0,0,0.0
522501.0,0,0,0.0
522236.0,0,0,0.0
534444.0,0,0,0.0
507114.0,0,0,0.0
507114.0,0,0,0.0
507136.0,0,0,0.0
507133.0,0,0,0.0
507137.0,0,0,0.0
507137.0,0,0,0.0
507137.0,0,0,0.0
507137.0,0,0,0.0
507116.0,0,0,0.0
507116.0,0,0,0.0
507116.0,0,0,0.0
507117.0,0,0,0.0
507117.0,0,0,0.0
507117.0,0,0,0.0
507117.0,0,0,0.0
507117.0,0,0,0.0
507117.0,0,0,0.0
507117.0,0,0,0.0
533347.0,0,0,0.0
533352.0,0,0,0.0
533352.0,0,0,0.0
533352.0,0,0,0.0
507115.0,0,0,0.0
507112.0,0,0,0.0
507115.0,0,0,0.0
507115.0,0,0,0.0
507112.0,0,0,0.0
507115.0,0,0,0.0
507115.0,0,0,0.0
507115.0,0,0,0.0
507115.0,0,0,0.0
507115.0,0,0,0.0
507140.0,0,0,0.0
507140.0,0,0,0.0
507140.0,0,0,0.0
533351.0,0,0,0.0
534444.0,0,0,0.0
507136.0,0,0,0.0
507136.0,0,0,0.0
507202.0,0,0,0.0
507202.0,0,0,0.0
507211.0,0,0,0.0
507204.0,0,0,0.0
507204.0,0,0,0.0
507204.0,0,0,0.0
507208.0,0,0,0.0
507208.0,0,0,0.0
507002.0,0,0,0.0
507002.0,0,0,0.0
507002.0,0,0,0.0
507168.0,0,0,0.0
507168.0,0,0,0.0
507168.0,0,0,0.0
507003.0,0,0,0.0
507210.0,0,0,0.0
507210.0,0,0,0.0
507210.0,0,0,0.0
507158.0,0,0,0.0
507158.0,0,0,0.0
507209.0,0,0,0.0
507209.0,0,0,0.0
507209.0,0,0,0.0
507209.0,0,0,0.0
507209.0,0,0,0.0
507122.0,0,0,0.0
507122.0,0,0,0.0
507122.0,0,0,0.0
507122.0,0,0,0.0
507122.0,0,0,0.0
507182.0,0,0,0.0
507182.0,0,0,0.0
507182.0,0,0,0.0
507159.0,0,0,0.0
507159.0,0,0,0.0
507203.0,0,0,0.0
507203.0,0,0,0.0
507203.0,0,0,0.0
507160.0,0,0,0.0
507160.0,0,0,0.0
507160.0,0,0,0.0
507160.0,0,0,0.0
507157.0,0,0,0.0
507183.0,0,0,0.0
507183.0,0,0,0.0
507304.0,0,0,0.0
507304.0,0,0,0.0
507161.0,0,0,0.0
507167.0,0,0,0.0
507167.0,0,0,0.0
507167.0,0,0,0.0
507170.0,0,0,0.0
507170.0,0,0,0.0
507305.0,0,0,0.0
507305.0,0,0,0.0
507305.0,0,0,0.0
507305.0,0,0,0.0
507163.0,0,0,0.0
507318.0,0,0,0.0
507318.0,0,0,0.0
507165.0,0,0,0.0
507165.0,0,0,0.0
507165.0,0,0,0.0
507165.0,0,0,0.0
507165.0,0,0,0.0
507165.0,0,0,0.0
507201.0,0,0,0.0
507201.0,0,0,0.0
507201.0,0,0,0.0
507201.0,0,0,0.0
507301.0,0,0,0.0
507301.0,0,0,0.0
507301.0,0,0,0.0
507301.0,0,0,0.0
507306.0,0,0,0.0
507306.0,0,0,0.0
507306.0,0,0,0.0
507306.0,0,0,0.0
507306.0,0,0,0.0
784149.0,0,0,0.0
848201.0,0,0,0.0
848201.0,0,0,0.0
851113.0,0,0,0.0
851111.0,0,0,0.0
851112.0,0,0,0.0
851112.0,0,0,0.0
852161.0,0,0,0.0
852161.0,0,0,0.0
852161.0,0,0,0.0
851120.0,0,0,0.0
851201.0,0,0,0.0
851201.0,0,0,0.0
851201.0,0,0,0.0
851201.0,0,0,0.0
848204.0,0,0,0.0
851203.0,0,0,0.0
851203.0,0,0,0.0
851204.0,0,0,0.0
851204.0,0,0,0.0
851204.0,0,0,0.0
851204.0,0,0,0.0
851204.0,0,0,0.0
851204.0,0,0,0.0
851204.0,0,0,0.0
851204.0,0,0,0.0
851205.0,0,0,0.0
851205.0,0,0,0.0
851205.0,0,0,0.0
851205.0,0,0,0.0
851211.0,0,0,0.0
851211.0,0,0,0.0
851211.0,0,0,0.0
851211.0,0,0,0.0
851213.0,0,0,0.0
851213.0,0,0,0.0
851127.0,0,0,0.0
851127.0,0,0,0.0
851127.0,0,0,0.0
851127.0,0,0,0.0
851127.0,0,0,0.0
851127.0,0,0,0.0
851214.0,0,0,0.0
851214.0,0,0,0.0
851214.0,0,0,0.0
851128.0,0,0,0.0
851128.0,0,0,0.0
848202.0,0,0,0.0
848202.0,0,0,0.0
848202.0,0,0,0.0
851129.0,0,0,0.0
851129.0,0,0,0.0
851129.0,0,0,0.0
851212.0,0,0,0.0
851130.0,0,0,0.0
851130.0,0,0,0.0
851215.0,0,0,0.0
851131.0,0,0,0.0
851131.0,0,0,0.0
851217.0,0,0,0.0
851217.0,0,0,0.0
851217.0,0,0,0.0
851217.0,0,0,0.0
848203.0,0,0,0.0
848203.0,0,0,0.0
848203.0,0,0,0.0
851132.0,0,0,0.0
851218.0,0,0,0.0
851134.0,0,0,0.0
847201.0,0,0,0.0
847201.0,0,0,0.0
847201.0,0,0,0.0
847201.0,0,0,0.0
847103.0,0,0,0.0
847103.0,0,0,0.0
847103.0,0,0,0.0
847103.0,0,0,0.0
847103.0,0,0,0.0
847104.0,0,0,0.0
847104.0,0,0,0.0
847302.0,0,0,0.0
847303.0,0,0,0.0
847303.0,0,0,0.0
847304.0,0,0,0.0
847304.0,0,0,0.0
847304.0,0,0,0.0
847106.0,0,0,0.0
847121.0,0,0,0.0
847121.0,0,0,0.0
847107.0,0,0,0.0
847107.0,0,0,0.0
847107.0,0,0,0.0
847115.0,0,0,0.0
847115.0,0,0,0.0
847306.0,0,0,0.0
847306.0,0,0,0.0
847306.0,0,0,0.0
846005.0,0,0,0.0
847307.0,0,0,0.0
847337.0,0,0,0.0
847337.0,0,0,0.0
847337.0,0,0,0.0
847123.0,0,0,0.0
847123.0,0,0,0.0
847202.0,0,0,0.0
847202.0,0,0,0.0
847202.0,0,0,0.0
847202.0,0,0,0.0
847202.0,0,0,0.0
847101.0,0,0,0.0
847101.0,0,0,0.0
847101.0,0,0,0.0
847105.0,0,0,0.0
847105.0,0,0,0.0
847203.0,0,0,0.0
847203.0,0,0,0.0
847203.0,0,0,0.0
847203.0,0,0,0.0
847203.0,0,0,0.0
847203.0,0,0,0.0
847204.0,0,0,0.0
846003.0,0,0,0.0
846003.0,0,0,0.0
846003.0,0,0,0.0
846003.0,0,0,0.0
847427.0,0,0,0.0
847427.0,0,0,0.0
847301.0,0,0,0.0
847405.0,0,0,0.0
847405.0,0,0,0.0
847407.0,0,0,0.0
847422.0,0,0,0.0
847233.0,0,0,0.0
847233.0,0,0,0.0
847423.0,0,0,0.0
846002.0,0,0,0.0
846002.0,0,0,0.0
846002.0,0,0,0.0
845301.0,0,0,0.0
845301.0,0,0,0.0
845301.0,0,0,0.0
845301.0,0,0,0.0
845411.0,0,0,0.0
845411.0,0,0,0.0
845413.0,0,0,0.0
845412.0,0,0,0.0
845412.0,0,0,0.0
845412.0,0,0,0.0
845302.0,0,0,0.0
845302.0,0,0,0.0
845302.0,0,0,0.0
845415.0,0,0,0.0
845415.0,0,0,0.0
845416.0,0,0,0.0
845416.0,0,0,0.0
845416.0,0,0,0.0
845417.0,0,0,0.0
845418.0,0,0,0.0
845418.0,0,0,0.0
845418.0,0,0,0.0
845418.0,0,0,0.0
845418.0,0,0,0.0
845303.0,0,0,0.0
845303.0,0,0,0.0
845419.0,0,0,0.0
845420.0,0,0,0.0
845420.0,0,0,0.0
845422.0,0,0,0.0
845422.0,0,0,0.0
845422.0,0,0,0.0
845423.0,0,0,0.0
845423.0,0,0,0.0
845440.0,0,0,0.0
845440.0,0,0,0.0
845424.0,0,0,0.0
845304.0,0,0,0.0
845304.0,0,0,0.0
845401.0,0,0,0.0
845425.0,0,0,0.0
845425.0,0,0,0.0
845458.0,0,0,0.0
845458.0,0,0,0.0
845426.0,0,0,0.0
845426.0,0,0,0.0
845427.0,0,0,0.0
845457.0,0,0,0.0
845430.0,0,0,0.0
845430.0,0,0,0.0
845430.0,0,0,0.0
845429.0,0,0,0.0
845431.0,0,0,0.0
845431.0,0,0,0.0
845432.0,0,0,0.0
845432.0,0,0,0.0
845432.0,0,0,0.0
845432.0,0,0,0.0
845433.0,0,0,0.0
845433.0,0,0,0.0
845433.0,0,0,0.0
845305.0,0,0,0.0
845305.0,0,0,0.0
845305.0,0,0,0.0
845435.0,0,0,0.0
845435.0,0,0,0.0
845456.0,0,0,0.0
845436.0,0,0,0.0
845437.0,0,0,0.0
845437.0,0,0,0.0
845437.0,0,0,0.0
845437.0,0,0,0.0
845437.0,0,0,0.0
847401.0,0,0,0.0
847401.0,0,0,0.0
847222.0,0,0,0.0
847222.0,0,0,0.0
847224.0,0,0,0.0
847224.0,0,0,0.0
847224.0,0,0,0.0
847102.0,0,0,0.0
847102.0,0,0,0.0
847102.0,0,0,0.0
847223.0,0,0,0.0
847223.0,0,0,0.0
847212.0,0,0,0.0
847226.0,0,0,0.0
847226.0,0,0,0.0
847226.0,0,0,0.0
847226.0,0,0,0.0
847226.0,0,0,0.0
847403.0,0,0,0.0
847403.0,0,0,0.0
847403.0,0,0,0.0
847404.0,0,0,0.0
847404.0,0,0,0.0
847404.0,0,0,0.0
847229.0,0,0,0.0
847228.0,0,0,0.0
847228.0,0,0,0.0
847230.0,0,0,0.0
847230.0,0,0,0.0
847227.0,0,0,0.0
847227.0,0,0,0.0
847227.0,0,0,0.0
847227.0,0,0,0.0
847232.0,0,0,0.0
847232.0,0,0,0.0
847232.0,0,0,0.0
847421.0,0,0,0.0
847421.0,0,0,0.0
847421.0,0,0,0.0
847231.0,0,0,0.0
847214.0,0,0,0.0
847214.0,0,0,0.0
847408.0,0,0,0.0
847408.0,0,0,0.0
847408.0,0,0,0.0
847408.0,0,0,0.0
847408.0,0,0,0.0
847408.0,0,0,0.0
852133.0,0,0,0.0
852133.0,0,0,0.0
852133.0,0,0,0.0
847108.0,0,0,0.0
847108.0,0,0,0.0
847108.0,0,0,0.0
847108.0,0,0,0.0
847108.0,0,0,0.0
847108.0,0,0,0.0
847108.0,0,0,0.0
847452.0,0,0,0.0
847108.0,0,0,0.0
847452.0,0,0,0.0
847452.0,0,0,0.0
847452.0,0,0,0.0
847452.0,0,0,0.0
847108.0,0,0,0.0
847234.0,0,0,0.0
847234.0,0,0,0.0
847409.0,0,0,0.0
847235.0,0,0,0.0
847235.0,0,0,0.0
847236.0,0,0,0.0
847411.0,0,0,0.0
847308.0,0,0,0.0
847239.0,0,0,0.0
847239.0,0,0,0.0
847424.0,0,0,0.0
847424.0,0,0,0.0
847424.0,0,0,0.0
847240.0,0,0,0.0
847240.0,0,0,0.0
847240.0,0,0,0.0
847240.0,0,0,0.0
843312.0,0,0,0.0
843312.0,0,0,0.0
844112.0,0,0,0.0
844112.0,0,0,0.0
843101.0,0,0,0.0
843102.0,0,0,0.0
843127.0,0,0,0.0
843103.0,0,0,0.0
843103.0,0,0,0.0
843103.0,0,0,0.0
843103.0,0,0,0.0
843103.0,0,0,0.0
843104.0,0,0,0.0
843104.0,0,0,0.0
843121.0,0,0,0.0
843120.0,0,0,0.0
843120.0,0,0,0.0
843105.0,0,0,0.0
843105.0,0,0,0.0
843105.0,0,0,0.0
843107.0,0,0,0.0
843107.0,0,0,0.0
843107.0,0,0,0.0
843106.0,0,0,0.0
843122.0,0,0,0.0
843122.0,0,0,0.0
843122.0,0,0,0.0
843123.0,0,0,0.0
843123.0,0,0,0.0
843123.0,0,0,0.0
843360.0,0,0,0.0
843109.0,0,0,0.0
843109.0,0,0,0.0
843109.0,0,0,0.0
843109.0,0,0,0.0
843124.0,0,0,0.0
843124.0,0,0,0.0
843321.0,0,0,0.0
843125.0,0,0,0.0
843125.0,0,0,0.0
843128.0,0,0,0.0
843128.0,0,0,0.0
843128.0,0,0,0.0
843128.0,0,0,0.0
843128.0,0,0,0.0
843111.0,0,0,0.0
843111.0,0,0,0.0
843111.0,0,0,0.0
843111.0,0,0,0.0
843111.0,0,0,0.0
843129.0,0,0,0.0
843129.0,0,0,0.0
843112.0,0,0,0.0
843113.0,0,0,0.0
843113.0,0,0,0.0
843115.0,0,0,0.0
843115.0,0,0,0.0
843115.0,0,0,0.0
843115.0,0,0,0.0
842002.0,0,0,0.0
842002.0,0,0,0.0
843116.0,0,0,0.0
843117.0,0,0,0.0
843117.0,0,0,0.0
843117.0,0,0,0.0
843116.0,0,0,0.0
843117.0,0,0,0.0
843117.0,0,0,0.0
843116.0,0,0,0.0
843116.0,0,0,0.0
843131.0,0,0,0.0
843126.0,0,0,0.0
843118.0,0,0,0.0
843118.0,0,0,0.0
843118.0,0,0,0.0
843118.0,0,0,0.0
843132.0,0,0,0.0
843132.0,0,0,0.0
843119.0,0,0,0.0
843119.0,0,0,0.0
843119.0,0,0,0.0
843132.0,0,0,0.0
843119.0,0,0,0.0
843119.0,0,0,0.0
844127.0,0,0,0.0
844127.0,0,0,0.0
844127.0,0,0,0.0
842004.0,0,0,0.0
843108.0,0,0,0.0
854112.0,0,0,0.0
854112.0,0,0,0.0
854112.0,0,0,0.0
854101.0,0,0,0.0
854101.0,0,0,0.0
854101.0,0,0,0.0
855101.0,0,0,0.0
855101.0,0,0,0.0
855101.0,0,0,0.0
855101.0,0,0,0.0
855101.0,0,0,0.0
855101.0,0,0,0.0
855102.0,0,0,0.0
855102.0,0,0,0.0
854317.0,0,0,0.0
854317.0,0,0,0.0
854317.0,0,0,0.0
854317.0,0,0,0.0
854317.0,0,0,0.0
854104.0,0,0,0.0
854104.0,0,0,0.0
854104.0,0,0,0.0
854104.0,0,0,0.0
854107.0,0,0,0.0
855108.0,0,0,0.0
855108.0,0,0,0.0
855107.0,0,0,0.0
855107.0,0,0,0.0
855107.0,0,0,0.0
855107.0,0,0,0.0
855107.0,0,0,0.0
855107.0,0,0,0.0
855115.0,0,0,0.0
854108.0,0,0,0.0
854116.0,0,0,0.0
854113.0,0,0,0.0
854113.0,0,0,0.0
854113.0,0,0,0.0
854113.0,0,0,0.0
854113.0,0,0,0.0
854114.0,0,0,0.0
854117.0,0,0,0.0
855113.0,0,0,0.0
855113.0,0,0,0.0
854115.0,0,0,0.0
854115.0,0,0,0.0
854115.0,0,0,0.0
855114.0,0,0,0.0
855115.0,0,0,0.0
855115.0,0,0,0.0
855117.0,0,0,0.0
855117.0,0,0,0.0
855117.0,0,0,0.0
855116.0,0,0,0.0
854311.0,0,0,0.0
854311.0,0,0,0.0
854311.0,0,0,0.0
854311.0,0,0,0.0
854315.0,0,0,0.0
854315.0,0,0,0.0
854315.0,0,0,0.0
854201.0,0,0,0.0
854201.0,0,0,0.0
854202.0,0,0,0.0
854202.0,0,0,0.0
854202.0,0,0,0.0
854202.0,0,0,0.0
854316.0,0,0,0.0
854204.0,0,0,0.0
854204.0,0,0,0.0
854204.0,0,0,0.0
854102.0,0,0,0.0
854102.0,0,0,0.0
854102.0,0,0,0.0
854318.0,0,0,0.0
854318.0,0,0,0.0
854318.0,0,0,0.0
854318.0,0,0,0.0
854318.0,0,0,0.0
854318.0,0,0,0.0
854318.0,0,0,0.0
854318.0,0,0,0.0
854318.0,0,0,0.0
854325.0,0,0,0.0
854325.0,0,0,0.0
854325.0,0,0,0.0
854326.0,0,0,0.0
854326.0,0,0,0.0
854329.0,0,0,0.0
854329.0,0,0,0.0
854329.0,0,0,0.0
854330.0,0,0,0.0
854330.0,0,0,0.0
854330.0,0,0,0.0
854330.0,0,0,0.0
854331.0,0,0,0.0
854331.0,0,0,0.0
854331.0,0,0,0.0
854333.0,0,0,0.0
854333.0,0,0,0.0
854334.0,0,0,0.0
854334.0,0,0,0.0
854334.0,0,0,0.0
854335.0,0,0,0.0
854317.0,0,0,0.0
854336.0,0,0,0.0
854304.0,0,0,0.0
854304.0,0,0,0.0
854304.0,0,0,0.0
854304.0,0,0,0.0
854304.0,0,0,0.0
854303.0,0,0,0.0
854303.0,0,0,0.0
854337.0,0,0,0.0
854337.0,0,0,0.0
854306.0,0,0,0.0
852212.0,0,0,0.0
852212.0,0,0,0.0
852101.0,0,0,0.0
852101.0,0,0,0.0
852101.0,0,0,0.0
852101.0,0,0,0.0
852101.0,0,0,0.0
852105.0,0,0,0.0
852114.0,0,0,0.0
852114.0,0,0,0.0
852114.0,0,0,0.0
852114.0,0,0,0.0
852114.0,0,0,0.0
852106.0,0,0,0.0
852106.0,0,0,0.0
852213.0,0,0,0.0
852213.0,0,0,0.0
852107.0,0,0,0.0
852108.0,0,0,0.0
852110.0,0,0,0.0
852115.0,0,0,0.0
852214.0,0,0,0.0
852214.0,0,0,0.0
852214.0,0,0,0.0
852214.0,0,0,0.0
852111.0,0,0,0.0
852111.0,0,0,0.0
852215.0,0,0,0.0
852215.0,0,0,0.0
852112.0,0,0,0.0
852112.0,0,0,0.0
852113.0,0,0,0.0
852113.0,0,0,0.0
852113.0,0,0,0.0
852113.0,0,0,0.0
852216.0,0,0,0.0
852217.0,0,0,0.0
852122.0,0,0,0.0
852122.0,0,0,0.0
852122.0,0,0,0.0
852123.0,0,0,0.0
852124.0,0,0,0.0
852124.0,0,0,0.0
852124.0,0,0,0.0
852124.0,0,0,0.0
852124.0,0,0,0.0
852124.0,0,0,0.0
852124.0,0,0,0.0
852218.0,0,0,0.0
852218.0,0,0,0.0
852125.0,0,0,0.0
852116.0,0,0,0.0
852116.0,0,0,0.0
852116.0,0,0,0.0
852202.0,0,0,0.0
852202.0,0,0,0.0
852202.0,0,0,0.0
852202.0,0,0,0.0
852202.0,0,0,0.0
852126.0,0,0,0.0
852219.0,0,0,0.0
852219.0,0,0,0.0
852219.0,0,0,0.0
852219.0,0,0,0.0
852219.0,0,0,0.0
852219.0,0,0,0.0
852219.0,0,0,0.0
852219.0,0,0,0.0
852127.0,0,0,0.0
852127.0,0,0,0.0
852127.0,0,0,0.0
852128.0,0,0,0.0
852132.0,0,0,0.0
852128.0,0,0,0.0
852132.0,0,0,0.0
852128.0,0,0,0.0
852132.0,0,0,0.0
852129.0,0,0,0.0
852129.0,0,0,0.0
852221.0,0,0,0.0
852221.0,0,0,0.0
852130.0,0,0,0.0
852130.0,0,0,0.0
852130.0,0,0,0.0
852134.0,0,0,0.0
852134.0,0,0,0.0
852134.0,0,0,0.0
852134.0,0,0,0.0
852137.0,0,0,0.0
852137.0,0,0,0.0
852138.0,0,0,0.0
852138.0,0,0,0.0
852139.0,0,0,0.0
852139.0,0,0,0.0
852132.0,0,0,0.0
848506.0,0,0,0.0
848113.0,0,0,0.0
848207.0,0,0,0.0
848207.0,0,0,0.0
848207.0,0,0,0.0
848114.0,0,0,0.0
848114.0,0,0,0.0
848114.0,0,0,0.0
848114.0,0,0,0.0
848114.0,0,0,0.0
848114.0,0,0,0.0
848114.0,0,0,0.0
848114.0,0,0,0.0
848114.0,0,0,0.0
848115.0,0,0,0.0
848115.0,0,0,0.0
848205.0,0,0,0.0
848117.0,0,0,0.0
848117.0,0,0,0.0
848117.0,0,0,0.0
848117.0,0,0,0.0
848117.0,0,0,0.0
848134.0,0,0,0.0
848134.0,0,0,0.0
848134.0,0,0,0.0
848302.0,0,0,0.0
848302.0,0,0,0.0
848302.0,0,0,0.0
848302.0,0,0,0.0
848302.0,0,0,0.0
848160.0,0,0,0.0
848160.0,0,0,0.0
848103.0,0,0,0.0
848104.0,0,0,0.0
848103.0,0,0,0.0
848103.0,0,0,0.0
848103.0,0,0,0.0
848104.0,0,0,0.0
848301.0,0,0,0.0
848206.0,0,0,0.0
848206.0,0,0,0.0
848213.0,0,0,0.0
848213.0,0,0,0.0
848213.0,0,0,0.0
848122.0,0,0,0.0
848208.0,0,0,0.0
848501.0,0,0,0.0
848102.0,0,0,0.0
848505.0,0,0,0.0
848505.0,0,0,0.0
848505.0,0,0,0.0
848505.0,0,0,0.0
848505.0,0,0,0.0
848504.0,0,0,0.0
848504.0,0,0,0.0
848504.0,0,0,0.0
848504.0,0,0,0.0
848504.0,0,0,0.0
848125.0,0,0,0.0
848210.0,0,0,0.0
848210.0,0,0,0.0
848210.0,0,0,0.0
848210.0,0,0,0.0
848129.0,0,0,0.0
848236.0,0,0,0.0
848236.0,0,0,0.0
848236.0,0,0,0.0
848209.0,0,0,0.0
848209.0,0,0,0.0
848130.0,0,0,0.0
848132.0,0,0,0.0
848503.0,0,0,0.0
848503.0,0,0,0.0
848131.0,0,0,0.0
848133.0,0,0,0.0
841403.0,0,0,0.0
841403.0,0,0,0.0
841202.0,0,0,0.0
841204.0,0,0,0.0
841205.0,0,0,0.0
841205.0,0,0,0.0
841205.0,0,0,0.0
841207.0,0,0,0.0
841207.0,0,0,0.0
841207.0,0,0,0.0
841208.0,0,0,0.0
841209.0,0,0,0.0
841209.0,0,0,0.0
841412.0,0,0,0.0
841412.0,0,0,0.0
841412.0,0,0,0.0
841412.0,0,0,0.0
841412.0,0,0,0.0
841212.0,0,0,0.0
841212.0,0,0,0.0
841214.0,0,0,0.0
841213.0,0,0,0.0
841213.0,0,0,0.0
841215.0,0,0,0.0
841313.0,0,0,0.0
841219.0,0,0,0.0
841219.0,0,0,0.0
841219.0,0,0,0.0
841220.0,0,0,0.0
841220.0,0,0,0.0
841225.0,0,0,0.0
841302.0,0,0,0.0
841305.0,0,0,0.0
841305.0,0,0,0.0
841422.0,0,0,0.0
841422.0,0,0,0.0
841422.0,0,0,0.0
841221.0,0,0,0.0
841101.0,0,0,0.0
841101.0,0,0,0.0
841222.0,0,0,0.0
841222.0,0,0,0.0
841401.0,0,0,0.0
841401.0,0,0,0.0
841402.0,0,0,0.0
841402.0,0,0,0.0
841402.0,0,0,0.0
841402.0,0,0,0.0
841460.0,0,0,0.0
841410.0,0,0,0.0
841443.0,0,0,0.0
841443.0,0,0,0.0
841443.0,0,0,0.0
841411.0,0,0,0.0
841411.0,0,0,0.0
841414.0,0,0,0.0
841414.0,0,0,0.0
841415.0,0,0,0.0
841415.0,0,0,0.0
841415.0,0,0,0.0
841417.0,0,0,0.0
841417.0,0,0,0.0
841417.0,0,0,0.0
841419.0,0,0,0.0
841419.0,0,0,0.0
841442.0,0,0,0.0
841421.0,0,0,0.0
841421.0,0,0,0.0
841421.0,0,0,0.0
841424.0,0,0,0.0
841424.0,0,0,0.0
843311.0,0,0,0.0
843313.0,0,0,0.0
843314.0,0,0,0.0
843314.0,0,0,0.0
843314.0,0,0,0.0
843315.0,0,0,0.0
843315.0,0,0,0.0
843316.0,0,0,0.0
843316.0,0,0,0.0
843316.0,0,0,0.0
843317.0,0,0,0.0
843318.0,0,0,0.0
843319.0,0,0,0.0
843320.0,0,0,0.0
843320.0,0,0,0.0
843322.0,0,0,0.0
843322.0,0,0,0.0
843332.0,0,0,0.0
843323.0,0,0,0.0
843333.0,0,0,0.0
843333.0,0,0,0.0
843333.0,0,0,0.0
843333.0,0,0,0.0
843324.0,0,0,0.0
843325.0,0,0,0.0
843325.0,0,0,0.0
843334.0,0,0,0.0
843326.0,0,0,0.0
843326.0,0,0,0.0
843326.0,0,0,0.0
843327.0,0,0,0.0
843327.0,0,0,0.0
843327.0,0,0,0.0
843327.0,0,0,0.0
843328.0,0,0,0.0
843328.0,0,0,0.0
843329.0,0,0,0.0
843329.0,0,0,0.0
843302.0,0,0,0.0
843302.0,0,0,0.0
843302.0,0,0,0.0
843330.0,0,0,0.0
843331.0,0,0,0.0
843331.0,0,0,0.0
843331.0,0,0,0.0
841405.0,0,0,0.0
841405.0,0,0,0.0
841425.0,0,0,0.0
841426.0,0,0,0.0
841508.0,0,0,0.0
841407.0,0,0,0.0
841407.0,0,0,0.0
841427.0,0,0,0.0
841427.0,0,0,0.0
841428.0,0,0,0.0
841428.0,0,0,0.0
841428.0,0,0,0.0
841428.0,0,0,0.0
841428.0,0,0,0.0
841428.0,0,0,0.0
841436.0,0,0,0.0
841436.0,0,0,0.0
841437.0,0,0,0.0
841437.0,0,0,0.0
841437.0,0,0,0.0
841501.0,0,0,0.0
841501.0,0,0,0.0
841501.0,0,0,0.0
841501.0,0,0,0.0
841501.0,0,0,0.0
841438.0,0,0,0.0
841438.0,0,0,0.0
841438.0,0,0,0.0
841438.0,0,0,0.0
841438.0,0,0,0.0
841503.0,0,0,0.0
841503.0,0,0,0.0
841503.0,0,0,0.0
841503.0,0,0,0.0
841420.0,0,0,0.0
841420.0,0,0,0.0
841505.0,0,0,0.0
841505.0,0,0,0.0
841423.0,0,0,0.0
841423.0,0,0,0.0
841440.0,0,0,0.0
841231.0,0,0,0.0
841286.0,0,0,0.0
841232.0,0,0,0.0
841406.0,0,0,0.0
841406.0,0,0,0.0
841406.0,0,0,0.0
841406.0,0,0,0.0
841408.0,0,0,0.0
841234.0,0,0,0.0
841234.0,0,0,0.0
841233.0,0,0,0.0
841233.0,0,0,0.0
841235.0,0,0,0.0
841235.0,0,0,0.0
841227.0,0,0,0.0
841227.0,0,0,0.0
841227.0,0,0,0.0
841435.0,0,0,0.0
841435.0,0,0,0.0
841236.0,0,0,0.0
841237.0,0,0,0.0
841447.0,0,0,0.0
841238.0,0,0,0.0
841238.0,0,0,0.0
841238.0,0,0,0.0
841238.0,0,0,0.0
841238.0,0,0,0.0
841239.0,0,0,0.0
841239.0,0,0,0.0
841239.0,0,0,0.0
841239.0,0,0,0.0
841239.0,0,0,0.0
841507.0,0,0,0.0
841507.0,0,0,0.0
841507.0,0,0,0.0
841439.0,0,0,0.0
841241.0,0,0,0.0
841241.0,0,0,0.0
841241.0,0,0,0.0
841241.0,0,0,0.0
841243.0,0,0,0.0
841243.0,0,0,0.0
841243.0,0,0,0.0
841228.0,0,0,0.0
841228.0,0,0,0.0
841228.0,0,0,0.0
841226.0,0,0,0.0
841244.0,0,0,0.0
841506.0,0,0,0.0
841506.0,0,0,0.0
841506.0,0,0,0.0
841506.0,0,0,0.0
841506.0,0,0,0.0
841245.0,0,0,0.0
841245.0,0,0,0.0
841245.0,0,0,0.0
845101.0,0,0,0.0
845101.0,0,0,0.0
845439.0,0,0,0.0
845439.0,0,0,0.0
845439.0,0,0,0.0
845439.0,0,0,0.0
845449.0,0,0,0.0
845450.0,0,0,0.0
845450.0,0,0,0.0
845451.0,0,0,0.0
845451.0,0,0,0.0
845103.0,0,0,0.0
845103.0,0,0,0.0
845103.0,0,0,0.0
845459.0,0,0,0.0
845452.0,0,0,0.0
845452.0,0,0,0.0
845453.0,0,0,0.0
845453.0,0,0,0.0
845453.0,0,0,0.0
845453.0,0,0,0.0
845453.0,0,0,0.0
845104.0,0,0,0.0
845104.0,0,0,0.0
845306.0,0,0,0.0
845306.0,0,0,0.0
845454.0,0,0,0.0
845105.0,0,0,0.0
845105.0,0,0,0.0
845105.0,0,0,0.0
845105.0,0,0,0.0
845105.0,0,0,0.0
845105.0,0,0,0.0
845105.0,0,0,0.0
845455.0,0,0,0.0
845455.0,0,0,0.0
845455.0,0,0,0.0
845455.0,0,0,0.0
845455.0,0,0,0.0
845439.0,0,0,0.0
845439.0,0,0,0.0
845439.0,0,0,0.0
845439.0,0,0,0.0
845439.0,0,0,0.0
845439.0,0,0,0.0
845106.0,0,0,0.0
845106.0,0,0,0.0
845106.0,0,0,0.0
845307.0,0,0,0.0
845307.0,0,0,0.0
845107.0,0,0,0.0
824111.0,0,0,0.0
824111.0,0,0,0.0
824111.0,0,0,0.0
824111.0,0,0,0.0
824111.0,0,0,0.0
824217.0,0,0,0.0
824217.0,0,0,0.0
824201.0,0,0,0.0
824201.0,0,0,0.0
824201.0,0,0,0.0
824201.0,0,0,0.0
824201.0,0,0,0.0
824112.0,0,0,0.0
824112.0,0,0,0.0
824112.0,0,0,0.0
824112.0,0,0,0.0
824112.0,0,0,0.0
824113.0,0,0,0.0
824113.0,0,0,0.0
824143.0,0,0,0.0
824143.0,0,0,0.0
824143.0,0,0,0.0
824202.0,0,0,0.0
824202.0,0,0,0.0
824202.0,0,0,0.0
824114.0,0,0,0.0
824220.0,0,0,0.0
824220.0,0,0,0.0
824220.0,0,0,0.0
824203.0,0,0,0.0
824203.0,0,0,0.0
824203.0,0,0,0.0
824203.0,0,0,0.0
824205.0,0,0,0.0
824205.0,0,0,0.0
824120.0,0,0,0.0
824120.0,0,0,0.0
824221.0,0,0,0.0
824122.0,0,0,0.0
824122.0,0,0,0.0
824122.0,0,0,0.0
824122.0,0,0,0.0
824122.0,0,0,0.0
824121.0,0,0,0.0
824121.0,0,0,0.0
824121.0,0,0,0.0
824127.0,0,0,0.0
824207.0,0,0,0.0
824207.0,0,0,0.0
824208.0,0,0,0.0
824303.0,0,0,0.0
824303.0,0,0,0.0
824303.0,0,0,0.0
824301.0,0,0,0.0
824301.0,0,0,0.0
824301.0,0,0,0.0
824124.0,0,0,0.0
824124.0,0,0,0.0
824124.0,0,0,0.0
824124.0,0,0,0.0
824125.0,0,0,0.0
824210.0,0,0,0.0
824129.0,0,0,0.0
824129.0,0,0,0.0
824129.0,0,0,0.0
824102.0,0,0,0.0
824102.0,0,0,0.0
824211.0,0,0,0.0
824211.0,0,0,0.0
824211.0,0,0,0.0
824211.0,0,0,0.0
824115.0,0,0,0.0
824302.0,0,0,0.0
824302.0,0,0,0.0
824103.0,0,0,0.0
824103.0,0,0,0.0
824103.0,0,0,0.0
824103.0,0,0,0.0
824221.0,0,0,0.0
824221.0,0,0,0.0
813101.0,0,0,0.0
813101.0,0,0,0.0
813101.0,0,0,0.0
813101.0,0,0,0.0
813101.0,0,0,0.0
813101.0,0,0,0.0
813101.0,0,0,0.0
813103.0,0,0,0.0
813103.0,0,0,0.0
813103.0,0,0,0.0
813103.0,0,0,0.0
813103.0,0,0,0.0
813202.0,0,0,0.0
813202.0,0,0,0.0
813104.0,0,0,0.0
813104.0,0,0,0.0
813104.0,0,0,0.0
813104.0,0,0,0.0
813104.0,0,0,0.0
813104.0,0,0,0.0
813106.0,0,0,0.0
813106.0,0,0,0.0
813106.0,0,0,0.0
813106.0,0,0,0.0
813106.0,0,0,0.0
813106.0,0,0,0.0
813106.0,0,0,0.0
813106.0,0,0,0.0
813106.0,0,0,0.0
813207.0,0,0,0.0
813207.0,0,0,0.0
813110.0,0,0,0.0
813109.0,0,0,0.0
813109.0,0,0,0.0
813109.0,0,0,0.0
813109.0,0,0,0.0
813109.0,0,0,0.0
813107.0,0,0,0.0
813211.0,0,0,0.0
813211.0,0,0,0.0
813211.0,0,0,0.0
813211.0,0,0,0.0
813201.0,0,0,0.0
813201.0,0,0,0.0
813201.0,0,0,0.0
853201.0,0,0,0.0
853201.0,0,0,0.0
813204.0,0,0,0.0
813204.0,0,0,0.0
813204.0,0,0,0.0
813205.0,0,0,0.0
813205.0,0,0,0.0
813205.0,0,0,0.0
813205.0,0,0,0.0
813105.0,0,0,0.0
813105.0,0,0,0.0
813105.0,0,0,0.0
813105.0,0,0,0.0
813105.0,0,0,0.0
813105.0,0,0,0.0
813203.0,0,0,0.0
813203.0,0,0,0.0
813222.0,0,0,0.0
813222.0,0,0,0.0
812005.0,0,0,0.0
812005.0,0,0,0.0
853203.0,0,0,0.0
853203.0,0,0,0.0
812006.0,0,0,0.0
812006.0,0,0,0.0
812006.0,0,0,0.0
812006.0,0,0,0.0
853204.0,0,0,0.0
853204.0,0,0,0.0
853204.0,0,0,0.0
853204.0,0,0,0.0
853204.0,0,0,0.0
853204.0,0,0,0.0
853204.0,0,0,0.0
853204.0,0,0,0.0
853204.0,0,0,0.0
853204.0,0,0,0.0
813209.0,0,0,0.0
813209.0,0,0,0.0
813209.0,0,0,0.0
813210.0,0,0,0.0
813210.0,0,0,0.0
813210.0,0,0,0.0
813108.0,0,0,0.0
813212.0,0,0,0.0
813212.0,0,0,0.0
813213.0,0,0,0.0
813213.0,0,0,0.0
813213.0,0,0,0.0
813213.0,0,0,0.0
813211.0,0,0,0.0
813211.0,0,0,0.0
813221.0,0,0,0.0
813221.0,0,0,0.0
813221.0,0,0,0.0
813221.0,0,0,0.0
802202.0,0,0,0.0
802201.0,0,0,0.0
802201.0,0,0,0.0
802201.0,0,0,0.0
802201.0,0,0,0.0
802201.0,0,0,0.0
802201.0,0,0,0.0
802201.0,0,0,0.0
802311.0,0,0,0.0
802311.0,0,0,0.0
802311.0,0,0,0.0
802351.0,0,0,0.0
802152.0,0,0,0.0
802312.0,0,0,0.0
802312.0,0,0,0.0
802223.0,0,0,0.0
802154.0,0,0,0.0
802154.0,0,0,0.0
802154.0,0,0,0.0
802155.0,0,0,0.0
802156.0,0,0,0.0
802203.0,0,0,0.0
802203.0,0,0,0.0
802158.0,0,0,0.0
802158.0,0,0,0.0
802159.0,0,0,0.0
802205.0,0,0,0.0
802205.0,0,0,0.0
802205.0,0,0,0.0
802206.0,0,0,0.0
802206.0,0,0,0.0
802160.0,0,0,0.0
802160.0,0,0,0.0
802161.0,0,0,0.0
802161.0,0,0,0.0
802162.0,0,0,0.0
802207.0,0,0,0.0
802207.0,0,0,0.0
802207.0,0,0,0.0
802207.0,0,0,0.0
802207.0,0,0,0.0
802208.0,0,0,0.0
802164.0,0,0,0.0
802164.0,0,0,0.0
802165.0,0,0,0.0
802165.0,0,0,0.0
802316.0,0,0,0.0
802209.0,0,0,0.0
802209.0,0,0,0.0
802166.0,0,0,0.0
802112.0,0,0,0.0
802112.0,0,0,0.0
802103.0,0,0,0.0
802102.0,0,0,0.0
802117.0,0,0,0.0
802120.0,0,0,0.0
802119.0,0,0,0.0
802122.0,0,0,0.0
802123.0,0,0,0.0
802123.0,0,0,0.0
802125.0,0,0,0.0
802125.0,0,0,0.0
802126.0,0,0,0.0
802126.0,0,0,0.0
802126.0,0,0,0.0
802128.0,0,0,0.0
802128.0,0,0,0.0
802128.0,0,0,0.0
802128.0,0,0,0.0
802129.0,0,0,0.0
802131.0,0,0,0.0
802133.0,0,0,0.0
802133.0,0,0,0.0
802134.0,0,0,0.0
802134.0,0,0,0.0
802134.0,0,0,0.0
802134.0,0,0,0.0
823311.0,0,0,0.0
823311.0,0,0,0.0
804403.0,0,0,0.0
824231.0,0,0,0.0
824231.0,0,0,0.0
824231.0,0,0,0.0
823003.0,0,0,0.0
824237.0,0,0,0.0
824237.0,0,0,0.0
824237.0,0,0,0.0
823004.0,0,0,0.0
823004.0,0,0,0.0
824232.0,0,0,0.0
508210.0,0,0,0.0
509102.0,0,0,0.0
506332.0,0,0,0.0
506324.0,0,0,0.0
506381.0,0,0,0.0
506134.0,0,0,0.0
506134.0,0,0,0.0
506112.0,0,0,0.0
506112.0,0,0,0.0
506112.0,0,0,0.0
506135.0,0,0,0.0
506135.0,0,0,0.0
506135.0,0,0,0.0
506135.0,0,0,0.0
506105.0,0,0,0.0
506368.0,0,0,0.0
506368.0,0,0,0.0
506132.0,0,0,0.0
506132.0,0,0,0.0
506132.0,0,0,0.0
506132.0,0,0,0.0
506104.0,0,0,0.0
506104.0,0,0,0.0
506104.0,0,0,0.0
506104.0,0,0,0.0
506122.0,0,0,0.0
506103.0,0,0,0.0
506102.0,0,0,0.0
506102.0,0,0,0.0
506369.0,0,0,0.0
506006.0,0,0,0.0
506006.0,0,0,0.0
506222.0,0,0,0.0
506222.0,0,0,0.0
506310.0,0,0,0.0
506310.0,0,0,0.0
506365.0,0,0,0.0
506365.0,0,0,0.0
506365.0,0,0,0.0
506317.0,0,0,0.0
506317.0,0,0,0.0
506314.0,0,0,0.0
506005.0,0,0,0.0
506331.0,0,0,0.0
506163.0,0,0,0.0
506163.0,0,0,0.0
506318.0,0,0,0.0
521260.0,0,0,0.0
500075.0,0,0,0.0
500089.0,0,0,0.0
500005.0,0,0,0.0
500005.0,0,0,0.0
501359.0,0,0,0.0
501359.0,0,0,0.0
501218.0,0,0,0.0
501505.0,0,0,0.0
501506.0,0,0,0.0
501506.0,0,0,0.0
500036.0,0,0,0.0
501508.0,0,0,0.0
501508.0,0,0,0.0
501508.0,0,0,0.0
501512.0,0,0,0.0
501512.0,0,0,0.0
501505.0,0,0,0.0
500039.0,0,0,0.0
501509.0,0,0,0.0
501509.0,0,0,0.0
501509.0,0,0,0.0
501509.0,0,0,0.0
501509.0,0,0,0.0
501509.0,0,0,0.0
501302.0,0,0,0.0
500043.0,0,0,0.0
500100.0,0,0,0.0
500101.0,0,0,0.0
500078.0,0,0,0.0
501143.0,0,0,0.0
501143.0,0,0,0.0
501143.0,0,0,0.0
501143.0,0,0,0.0
501502.0,0,0,0.0
501502.0,0,0,0.0
501158.0,0,0,0.0
501503.0,0,0,0.0
501503.0,0,0,0.0
501503.0,0,0,0.0
501106.0,0,0,0.0
501106.0,0,0,0.0
501106.0,0,0,0.0
501504.0,0,0,0.0
501111.0,0,0,0.0
501142.0,0,0,0.0
501501.0,0,0,0.0
501203.0,0,0,0.0
501203.0,0,0,0.0
501203.0,0,0,0.0
501144.0,0,0,0.0
501504.0,0,0,0.0
501102.0,0,0,0.0
515445.0,0,0,0.0
515445.0,0,0,0.0
515002.0,0,0,0.0
515002.0,0,0,0.0
515751.0,0,0,0.0
515751.0,0,0,0.0
515751.0,0,0,0.0
515751.0,0,0,0.0
515751.0,0,0,0.0
515741.0,0,0,0.0
515741.0,0,0,0.0
515763.0,0,0,0.0
515701.0,0,0,0.0
515415.0,0,0,0.0
515415.0,0,0,0.0
515731.0,0,0,0.0
515731.0,0,0,0.0
515731.0,0,0,0.0
515004.0,0,0,0.0
515004.0,0,0,0.0
515722.0,0,0,0.0
515761.0,0,0,0.0
515761.0,0,0,0.0
515761.0,0,0,0.0
515761.0,0,0,0.0
515761.0,0,0,0.0
515761.0,0,0,0.0
515765.0,0,0,0.0
515765.0,0,0,0.0
515711.0,0,0,0.0
515711.0,0,0,0.0
515766.0,0,0,0.0
515425.0,0,0,0.0
515425.0,0,0,0.0
515787.0,0,0,0.0
515787.0,0,0,0.0
515787.0,0,0,0.0
515414.0,0,0,0.0
515414.0,0,0,0.0
515767.0,0,0,0.0
515767.0,0,0,0.0
515767.0,0,0,0.0
515435.0,0,0,0.0
515411.0,0,0,0.0
515411.0,0,0,0.0
515411.0,0,0,0.0
515465.0,0,0,0.0
515465.0,0,0,0.0
515465.0,0,0,0.0
515822.0,0,0,0.0
515822.0,0,0,0.0
515401.0,0,0,0.0
515863.0,0,0,0.0
515863.0,0,0,0.0
515774.0,0,0,0.0
515774.0,0,0,0.0
515774.0,0,0,0.0
515871.0,0,0,0.0
515871.0,0,0,0.0
515871.0,0,0,0.0
515871.0,0,0,0.0
515842.0,0,0,0.0
515803.0,0,0,0.0
515803.0,0,0,0.0
515775.0,0,0,0.0
515405.0,0,0,0.0
515405.0,0,0,0.0
515865.0,0,0,0.0
515865.0,0,0,0.0
515865.0,0,0,0.0
515455.0,0,0,0.0
515455.0,0,0,0.0
515867.0,0,0,0.0
515867.0,0,0,0.0
515867.0,0,0,0.0
515812.0,0,0,0.0
515812.0,0,0,0.0
515870.0,0,0,0.0
515408.0,0,0,0.0
515408.0,0,0,0.0
517129.0,0,0,0.0
517004.0,0,0,0.0
517004.0,0,0,0.0
517004.0,0,0,0.0
517002.0,0,0,0.0
517125.0,0,0,0.0
517125.0,0,0,0.0
517130.0,0,0,0.0
517130.0,0,0,0.0
517128.0,0,0,0.0
517131.0,0,0,0.0
517432.0,0,0,0.0
517432.0,0,0,0.0
517167.0,0,0,0.0
517167.0,0,0,0.0
517127.0,0,0,0.0
517132.0,0,0,0.0
517132.0,0,0,0.0
517408.0,0,0,0.0
517408.0,0,0,0.0
517408.0,0,0,0.0
517126.0,0,0,0.0
517126.0,0,0,0.0
517126.0,0,0,0.0
517124.0,0,0,0.0
517124.0,0,0,0.0
517403.0,0,0,0.0
517421.0,0,0,0.0
517599.0,0,0,0.0
517422.0,0,0,0.0
517422.0,0,0,0.0
517351.0,0,0,0.0
517417.0,0,0,0.0
517417.0,0,0,0.0
517319.0,0,0,0.0
517319.0,0,0,0.0
517257.0,0,0,0.0
517257.0,0,0,0.0
517257.0,0,0,0.0
517257.0,0,0,0.0
517426.0,0,0,0.0
517425.0,0,0,0.0
517425.0,0,0,0.0
517425.0,0,0,0.0
517425.0,0,0,0.0
517350.0,0,0,0.0
517326.0,0,0,0.0
517326.0,0,0,0.0
517326.0,0,0,0.0
517326.0,0,0,0.0
517280.0,0,0,0.0
517391.0,0,0,0.0
517247.0,0,0,0.0
517247.0,0,0,0.0
517247.0,0,0,0.0
517247.0,0,0,0.0
517247.0,0,0,0.0
517247.0,0,0,0.0
517247.0,0,0,0.0
517423.0,0,0,0.0
517401.0,0,0,0.0
517401.0,0,0,0.0
517123.0,0,0,0.0
517418.0,0,0,0.0
517424.0,0,0,0.0
517424.0,0,0,0.0
517424.0,0,0,0.0
516228.0,0,0,0.0
516228.0,0,0,0.0
516228.0,0,0,0.0
516227.0,0,0,0.0
516259.0,0,0,0.0
516259.0,0,0,0.0
516502.0,0,0,0.0
516502.0,0,0,0.0
516162.0,0,0,0.0
516162.0,0,0,0.0
516162.0,0,0,0.0
516162.0,0,0,0.0
516233.0,0,0,0.0
516233.0,0,0,0.0
516233.0,0,0,0.0
516217.0,0,0,0.0
516503.0,0,0,0.0
516503.0,0,0,0.0
516503.0,0,0,0.0
516503.0,0,0,0.0
516203.0,0,0,0.0
516203.0,0,0,0.0
516203.0,0,0,0.0
516203.0,0,0,0.0
516193.0,0,0,0.0
516193.0,0,0,0.0
516193.0,0,0,0.0
516003.0,0,0,0.0
516003.0,0,0,0.0
516003.0,0,0,0.0
516505.0,0,0,0.0
516501.0,0,0,0.0
516501.0,0,0,0.0
516501.0,0,0,0.0
516237.0,0,0,0.0
516151.0,0,0,0.0
516213.0,0,0,0.0
515621.0,0,0,0.0
515621.0,0,0,0.0
518422.0,0,0,0.0
782125.0,0,0,0.0
782125.0,0,0,0.0
782125.0,0,0,0.0
782125.0,0,0,0.0
782125.0,0,0,0.0
782140.0,0,0,0.0
782140.0,0,0,0.0
782140.0,0,0,0.0
782143.0,0,0,0.0
782143.0,0,0,0.0
782128.0,0,0,0.0
785611.0,0,0,0.0
785618.0,0,0,0.0
785702.0,0,0,0.0
785702.0,0,0,0.0
785702.0,0,0,0.0
785702.0,0,0,0.0
785612.0,0,0,0.0
785612.0,0,0,0.0
785612.0,0,0,0.0
785614.0,0,0,0.0
785614.0,0,0,0.0
785622.0,0,0,0.0
785619.0,0,0,0.0
785613.0,0,0,0.0
785626.0,0,0,0.0
785626.0,0,0,0.0
785615.0,0,0,0.0
785615.0,0,0,0.0
785603.0,0,0,0.0
785603.0,0,0,0.0
785703.0,0,0,0.0
785601.0,0,0,0.0
785101.0,0,0,0.0
785631.0,0,0,0.0
785631.0,0,0,0.0
785631.0,0,0,0.0
785010.0,0,0,0.0
785008.0,0,0,0.0
785008.0,0,0,0.0
785102.0,0,0,0.0
785104.0,0,0,0.0
785104.0,0,0,0.0
785104.0,0,0,0.0
785104.0,0,0,0.0
785104.0,0,0,0.0
785616.0,0,0,0.0
785616.0,0,0,0.0
785616.0,0,0,0.0
785105.0,0,0,0.0
785105.0,0,0,0.0
785105.0,0,0,0.0
785007.0,0,0,0.0
785107.0,0,0,0.0
785107.0,0,0,0.0
785107.0,0,0,0.0
785108.0,0,0,0.0
785106.0,0,0,0.0
785106.0,0,0,0.0
785633.0,0,0,0.0
785015.0,0,0,0.0
785015.0,0,0,0.0
785015.0,0,0,0.0
785700.0,0,0,0.0
785110.0,0,0,0.0
785110.0,0,0,0.0
785009.0,0,0,0.0
785632.0,0,0,0.0
785632.0,0,0,0.0
785014.0,0,0,0.0
785636.0,0,0,0.0
785636.0,0,0,0.0
785112.0,0,0,0.0
785112.0,0,0,0.0
785112.0,0,0,0.0
785112.0,0,0,0.0
785630.0,0,0,0.0
785630.0,0,0,0.0
785630.0,0,0,0.0
785630.0,0,0,0.0
785630.0,0,0,0.0
785681.0,0,0,0.0
785680.0,0,0,0.0
785691.0,0,0,0.0
785691.0,0,0,0.0
785691.0,0,0,0.0
785693.0,0,0,0.0
785693.0,0,0,0.0
785661.0,0,0,0.0
785662.0,0,0,0.0
785662.0,0,0,0.0
785664.0,0,0,0.0
785696.0,0,0,0.0
785696.0,0,0,0.0
785683.0,0,0,0.0
785665.0,0,0,0.0
785670.0,0,0,0.0
785684.0,0,0,0.0
785684.0,0,0,0.0
785685.0,0,0,0.0
785685.0,0,0,0.0
785685.0,0,0,0.0
785685.0,0,0,0.0
785685.0,0,0,0.0
785674.0,0,0,0.0
785671.0,0,0,0.0
785671.0,0,0,0.0
785671.0,0,0,0.0
785697.0,0,0,0.0
785697.0,0,0,0.0
785697.0,0,0,0.0
785672.0,0,0,0.0
785687.0,0,0,0.0
785687.0,0,0,0.0
785692.0,0,0,0.0
785692.0,0,0,0.0
785692.0,0,0,0.0
785692.0,0,0,0.0
785692.0,0,0,0.0
785673.0,0,0,0.0
785673.0,0,0,0.0
785690.0,0,0,0.0
785690.0,0,0,0.0
785689.0,0,0,0.0
785682.0,0,0,0.0
785682.0,0,0,0.0
786171.0,0,0,0.0
786151.0,0,0,0.0
786601.0,0,0,0.0
786188.0,0,0,0.0
786152.0,0,0,0.0
786158.0,0,0,0.0
786182.0,0,0,0.0
786181.0,0,0,0.0
786181.0,0,0,0.0
786183.0,0,0,0.0
786183.0,0,0,0.0
786174.0,0,0,0.0
786160.0,0,0,0.0
786160.0,0,0,0.0
786160.0,0,0,0.0
786154.0,0,0,0.0
786145.0,0,0,0.0
786146.0,0,0,0.0
786156.0,0,0,0.0
783335.0,0,0,0.0
783335.0,0,0,0.0
783339.0,0,0,0.0
783339.0,0,0,0.0
783339.0,0,0,0.0
783323.0,0,0,0.0
783349.0,0,0,0.0
783394.0,0,0,0.0
783390.0,0,0,0.0
783390.0,0,0,0.0
783390.0,0,0,0.0
783390.0,0,0,0.0
783348.0,0,0,0.0
783380.0,0,0,0.0
783380.0,0,0,0.0
783393.0,0,0,0.0
783393.0,0,0,0.0
783393.0,0,0,0.0
783393.0,0,0,0.0
783330.0,0,0,0.0
783331.0,0,0,0.0
783334.0,0,0,0.0
783334.0,0,0,0.0
783334.0,0,0,0.0
783392.0,0,0,0.0
783392.0,0,0,0.0
783392.0,0,0,0.0
783381.0,0,0,0.0
783391.0,0,0,0.0
783370.0,0,0,0.0
783370.0,0,0,0.0
783371.0,0,0,0.0
783376.0,0,0,0.0
783347.0,0,0,0.0
783347.0,0,0,0.0
783345.0,0,0,0.0
783360.0,0,0,0.0
783360.0,0,0,0.0
783360.0,0,0,0.0
783360.0,0,0,0.0
783350.0,0,0,0.0
783375.0,0,0,0.0
783337.0,0,0,0.0
783337.0,0,0,0.0
783337.0,0,0,0.0
783346.0,0,0,0.0
783346.0,0,0,0.0
783346.0,0,0,0.0
783346.0,0,0,0.0
783373.0,0,0,0.0
783373.0,0,0,0.0
783373.0,0,0,0.0
783361.0,0,0,0.0
783332.0,0,0,0.0
783332.0,0,0,0.0
782403.0,0,0,0.0
782403.0,0,0,0.0
781030.0,0,0,0.0
781027.0,0,0,0.0
782402.0,0,0,0.0
782402.0,0,0,0.0
781017.0,0,0,0.0
781137.0,0,0,0.0
781031.0,0,0,0.0
781017.0,0,0,0.0
781381.0,0,0,0.0
781380.0,0,0,0.0
781380.0,0,0,0.0
781141.0,0,0,0.0
781141.0,0,0,0.0
781121.0,0,0,0.0
781121.0,0,0,0.0
781122.0,0,0,0.0
781123.0,0,0,0.0
781123.0,0,0,0.0
781101.0,0,0,0.0
781101.0,0,0,0.0
781124.0,0,0,0.0
781124.0,0,0,0.0
781366.0,0,0,0.0
781366.0,0,0,0.0
781102.0,0,0,0.0
781102.0,0,0,0.0
781104.0,0,0,0.0
781104.0,0,0,0.0
781104.0,0,0,0.0
781364.0,0,0,0.0
781364.0,0,0,0.0
781125.0,0,0,0.0
781125.0,0,0,0.0
781127.0,0,0,0.0
781127.0,0,0,0.0
781127.0,0,0,0.0
781136.0,0,0,0.0
781136.0,0,0,0.0
781128.0,0,0,0.0
781132.0,0,0,0.0
781354.0,0,0,0.0
781131.0,0,0,0.0
781135.0,0,0,0.0
781103.0,0,0,0.0
781382.0,0,0,0.0
781328.0,0,0,0.0
781315.0,0,0,0.0
781315.0,0,0,0.0
781309.0,0,0,0.0
781309.0,0,0,0.0
781352.0,0,0,0.0
781305.0,0,0,0.0
781316.0,0,0,0.0
781327.0,0,0,0.0
781319.0,0,0,0.0
781330.0,0,0,0.0
781330.0,0,0,0.0
781308.0,0,0,0.0
781308.0,0,0,0.0
781321.0,0,0,0.0
781321.0,0,0,0.0
781311.0,0,0,0.0
781311.0,0,0,0.0
781329.0,0,0,0.0
781329.0,0,0,0.0
781325.0,0,0,0.0
781314.0,0,0,0.0
781314.0,0,0,0.0
781307.0,0,0,0.0
781307.0,0,0,0.0
781307.0,0,0,0.0
781307.0,0,0,0.0
781320.0,0,0,0.0
781317.0,0,0,0.0
781317.0,0,0,0.0
781355.0,0,0,0.0
781344.0,0,0,0.0
781340.0,0,0,0.0
781346.0,0,0,0.0
781346.0,0,0,0.0
781333.0,0,0,0.0
781138.0,0,0,0.0
781304.0,0,0,0.0
781304.0,0,0,0.0
781306.0,0,0,0.0
781306.0,0,0,0.0
781334.0,0,0,0.0
781373.0,0,0,0.0
781373.0,0,0,0.0
781369.0,0,0,0.0
781353.0,0,0,0.0
781310.0,0,0,0.0
781370.0,0,0,0.0
781351.0,0,0,0.0
781339.0,0,0,0.0
781339.0,0,0,0.0
781341.0,0,0,0.0
781360.0,0,0,0.0
781374.0,0,0,0.0
781348.0,0,0,0.0
781348.0,0,0,0.0
781337.0,0,0,0.0
781126.0,0,0,0.0
781126.0,0,0,0.0
781372.0,0,0,0.0
781372.0,0,0,0.0
781349.0,0,0,0.0
781349.0,0,0,0.0
781349.0,0,0,0.0
781312.0,0,0,0.0
781367.0,0,0,0.0
781367.0,0,0,0.0
781367.0,0,0,0.0
781367.0,0,0,0.0
781377.0,0,0,0.0
781371.0,0,0,0.0
788734.0,0,0,0.0
788734.0,0,0,0.0
788734.0,0,0,0.0
788117.0,0,0,0.0
788117.0,0,0,0.0
788736.0,0,0,0.0
788738.0,0,0,0.0
788736.0,0,0,0.0
788113.0,0,0,0.0
788160.0,0,0,0.0
788150.0,0,0,0.0
788150.0,0,0,0.0
788801.0,0,0,0.0
788801.0,0,0,0.0
788161.0,0,0,0.0
788152.0,0,0,0.0
788152.0,0,0,0.0
788152.0,0,0,0.0
788163.0,0,0,0.0
788163.0,0,0,0.0
788165.0,0,0,0.0
788164.0,0,0,0.0
788737.0,0,0,0.0
788737.0,0,0,0.0
788168.0,0,0,0.0
788166.0,0,0,0.0
788155.0,0,0,0.0
788155.0,0,0,0.0
788156.0,0,0,0.0
788725.0,0,0,0.0
788726.0,0,0,0.0
788728.0,0,0,0.0
788816.0,0,0,0.0
788815.0,0,0,0.0
788815.0,0,0,0.0
788720.0,0,0,0.0
788720.0,0,0,0.0
788711.0,0,0,0.0
788781.0,0,0,0.0
788722.0,0,0,0.0
788724.0,0,0,0.0
788712.0,0,0,0.0
788712.0,0,0,0.0
788712.0,0,0,0.0
788713.0,0,0,0.0
788025.0,0,0,0.0
788011.0,0,0,0.0
788123.0,0,0,0.0
788112.0,0,0,0.0
788102.0,0,0,0.0
788114.0,0,0,0.0
788114.0,0,0,0.0
788114.0,0,0,0.0
788114.0,0,0,0.0
788106.0,0,0,0.0
788820.0,0,0,0.0
788820.0,0,0,0.0
788820.0,0,0,0.0
788819.0,0,0,0.0
788819.0,0,0,0.0
788819.0,0,0,0.0
788819.0,0,0,0.0
788818.0,0,0,0.0
788818.0,0,0,0.0
788818.0,0,0,0.0
788104.0,0,0,0.0
788107.0,0,0,0.0
788107.0,0,0,0.0
788107.0,0,0,0.0
788832.0,0,0,0.0
788832.0,0,0,0.0
788830.0,0,0,0.0
788830.0,0,0,0.0
788830.0,0,0,0.0
788830.0,0,0,0.0
788830.0,0,0,0.0
788830.0,0,0,0.0
788831.0,0,0,0.0
788831.0,0,0,0.0
788831.0,0,0,0.0
788099.0,0,0,0.0
788115.0,0,0,0.0
788098.0,0,0,0.0
788116.0,0,0,0.0
788116.0,0,0,0.0
788116.0,0,0,0.0
788010.0,0,0,0.0
788013.0,0,0,0.0
788013.0,0,0,0.0
788119.0,0,0,0.0
788119.0,0,0,0.0
788119.0,0,0,0.0
788003.0,0,0,0.0
788030.0,0,0,0.0
788030.0,0,0,0.0
788030.0,0,0,0.0
788030.0,0,0,0.0
788007.0,0,0,0.0
784145.0,0,0,0.0
784145.0,0,0,0.0
784145.0,0,0,0.0
784527.0,0,0,0.0
784527.0,0,0,0.0
784513.0,0,0,0.0
784190.0,0,0,0.0
784529.0,0,0,0.0
784529.0,0,0,0.0
784529.0,0,0,0.0
784116.0,0,0,0.0
784116.0,0,0,0.0
784148.0,0,0,0.0
784510.0,0,0,0.0
784510.0,0,0,0.0
784524.0,0,0,0.0
784525.0,0,0,0.0
784525.0,0,0,0.0
784525.0,0,0,0.0
784525.0,0,0,0.0
784522.0,0,0,0.0
784113.0,0,0,0.0
784514.0,0,0,0.0
784507.0,0,0,0.0
784144.0,0,0,0.0
784144.0,0,0,0.0
784528.0,0,0,0.0
784528.0,0,0,0.0
784521.0,0,0,0.0
784521.0,0,0,0.0
784521.0,0,0,0.0
784521.0,0,0,0.0
784509.0,0,0,0.0
784509.0,0,0,0.0
784169.0,0,0,0.0
784169.0,0,0,0.0
784101.0,0,0,0.0
784101.0,0,0,0.0
784172.0,0,0,0.0
784172.0,0,0,0.0
784172.0,0,0,0.0
784150.0,0,0,0.0
784150.0,0,0,0.0
784167.0,0,0,0.0
784111.0,0,0,0.0
784110.0,0,0,0.0
784110.0,0,0,0.0
784105.0,0,0,0.0
784168.0,0,0,0.0
784170.0,0,0,0.0
784170.0,0,0,0.0
784170.0,0,0,0.0
784170.0,0,0,0.0
784178.0,0,0,0.0
784178.0,0,0,0.0
784178.0,0,0,0.0
784178.0,0,0,0.0
784027.0,0,0,0.0
784154.0,0,0,0.0
784102.0,0,0,0.0
784173.0,0,0,0.0
784182.0,0,0,0.0
784174.0,0,0,0.0
784174.0,0,0,0.0
784104.0,0,0,0.0
784117.0,0,0,0.0
784117.0,0,0,0.0
784175.0,0,0,0.0
784175.0,0,0,0.0
504101.0,0,0,0.0
504103.0,0,0,0.0
504304.0,0,0,0.0
504304.0,0,0,0.0
504304.0,0,0,0.0
504304.0,0,0,0.0
504304.0,0,0,0.0
505454.0,0,0,0.0
504002.0,0,0,0.0
504002.0,0,0,0.0
504002.0,0,0,0.0
504002.0,0,0,0.0
504002.0,0,0,0.0
504002.0,0,0,0.0
504306.0,0,0,0.0
504307.0,0,0,0.0
504307.0,0,0,0.0
504307.0,0,0,0.0
505425.0,0,0,0.0
504308.0,0,0,0.0
504308.0,0,0,0.0
504309.0,0,0,0.0
504346.0,0,0,0.0
504346.0,0,0,0.0
504346.0,0,0,0.0
504346.0,0,0,0.0
504346.0,0,0,0.0
504346.0,0,0,0.0
504313.0,0,0,0.0
504313.0,0,0,0.0
504313.0,0,0,0.0
504313.0,0,0,0.0
504203.0,0,0,0.0
504203.0,0,0,0.0
504203.0,0,0,0.0
504310.0,0,0,0.0
504102.0,0,0,0.0
504102.0,0,0,0.0
504102.0,0,0,0.0
504104.0,0,0,0.0
504104.0,0,0,0.0
504323.0,0,0,0.0
503164.0,0,0,0.0
505331.0,0,0,0.0
504106.0,0,0,0.0
504106.0,0,0,0.0
504311.0,0,0,0.0
504311.0,0,0,0.0
504311.0,0,0,0.0
502314.0,0,0,0.0
504311.0,0,0,0.0
504202.0,0,0,0.0
504202.0,0,0,0.0
504312.0,0,0,0.0
504312.0,0,0,0.0
504312.0,0,0,0.0
504312.0,0,0,0.0
504251.0,0,0,0.0
504251.0,0,0,0.0
504204.0,0,0,0.0
504201.0,0,0,0.0
504201.0,0,0,0.0
504201.0,0,0,0.0
503144.0,0,0,0.0
504201.0,0,0,0.0
504294.0,0,0,0.0
504294.0,0,0,0.0
504302.0,0,0,0.0
504206.0,0,0,0.0
504206.0,0,0,0.0
504206.0,0,0,0.0
504206.0,0,0,0.0
504207.0,0,0,0.0
504207.0,0,0,0.0
504216.0,0,0,0.0
504216.0,0,0,0.0
506356.0,0,0,0.0
504205.0,0,0,0.0
504231.0,0,0,0.0
504214.0,0,0,0.0
504214.0,0,0,0.0
504215.0,0,0,0.0
504209.0,0,0,0.0
504209.0,0,0,0.0
504219.0,0,0,0.0
505530.0,0,0,0.0
502291.0,0,0,0.0
502321.0,0,0,0.0
504292.0,0,0,0.0
504273.0,0,0,0.0
504273.0,0,0,0.0
825320.0,0,0,0.0
815317.0,0,0,0.0
815317.0,0,0,0.0
815317.0,0,0,0.0
815317.0,0,0,0.0
825311.0,0,0,0.0
825311.0,0,0,0.0
825311.0,0,0,0.0
825311.0,0,0,0.0
825311.0,0,0,0.0
825311.0,0,0,0.0
825311.0,0,0,0.0
825311.0,0,0,0.0
825312.0,0,0,0.0
825401.0,0,0,0.0
825401.0,0,0,0.0
825401.0,0,0,0.0
825401.0,0,0,0.0
825401.0,0,0,0.0
825401.0,0,0,0.0
825401.0,0,0,0.0
825401.0,0,0,0.0
825401.0,0,0,0.0
825401.0,0,0,0.0
825302.0,0,0,0.0
825302.0,0,0,0.0
825302.0,0,0,0.0
825313.0,0,0,0.0
825313.0,0,0,0.0
825313.0,0,0,0.0
825313.0,0,0,0.0
825313.0,0,0,0.0
825418.0,0,0,0.0
825418.0,0,0,0.0
825418.0,0,0,0.0
825418.0,0,0,0.0
825407.0,0,0,0.0
825402.0,0,0,0.0
825402.0,0,0,0.0
825402.0,0,0,0.0
825408.0,0,0,0.0
825408.0,0,0,0.0
825408.0,0,0,0.0
825408.0,0,0,0.0
825408.0,0,0,0.0
825408.0,0,0,0.0
825408.0,0,0,0.0
825408.0,0,0,0.0
825109.0,0,0,0.0
825109.0,0,0,0.0
825409.0,0,0,0.0
825409.0,0,0,0.0
825403.0,0,0,0.0
825403.0,0,0,0.0
825403.0,0,0,0.0
825403.0,0,0,0.0
825410.0,0,0,0.0
825315.0,0,0,0.0
825303.0,0,0,0.0
825318.0,0,0,0.0
825318.0,0,0,0.0
825411.0,0,0,0.0
825404.0,0,0,0.0
825404.0,0,0,0.0
825404.0,0,0,0.0
825404.0,0,0,0.0
825404.0,0,0,0.0
825404.0,0,0,0.0
825404.0,0,0,0.0
825404.0,0,0,0.0
825319.0,0,0,0.0
825319.0,0,0,0.0
825132.0,0,0,0.0
825132.0,0,0,0.0
825103.0,0,0,0.0
825103.0,0,0,0.0
825103.0,0,0,0.0
825103.0,0,0,0.0
825321.0,0,0,0.0
825321.0,0,0,0.0
825414.0,0,0,0.0
829101.0,0,0,0.0
829103.0,0,0,0.0
829109.0,0,0,0.0
829117.0,0,0,0.0
829118.0,0,0,0.0
825330.0,0,0,0.0
825330.0,0,0,0.0
829201.0,0,0,0.0
829202.0,0,0,0.0
829202.0,0,0,0.0
829202.0,0,0,0.0
829202.0,0,0,0.0
829202.0,0,0,0.0
829202.0,0,0,0.0
829202.0,0,0,0.0
822111.0,0,0,0.0
822112.0,0,0,0.0
822112.0,0,0,0.0
822112.0,0,0,0.0
822112.0,0,0,0.0
822112.0,0,0,0.0
822112.0,0,0,0.0
822112.0,0,0,0.0
822132.0,0,0,0.0
822132.0,0,0,0.0
822132.0,0,0,0.0
822132.0,0,0,0.0
829203.0,0,0,0.0
829203.0,0,0,0.0
829203.0,0,0,0.0
829203.0,0,0,0.0
829203.0,0,0,0.0
822113.0,0,0,0.0
822113.0,0,0,0.0
822113.0,0,0,0.0
822113.0,0,0,0.0
822113.0,0,0,0.0
822113.0,0,0,0.0
822113.0,0,0,0.0
822113.0,0,0,0.0
822113.0,0,0,0.0
822113.0,0,0,0.0
822113.0,0,0,0.0
822113.0,0,0,0.0
822113.0,0,0,0.0
829204.0,0,0,0.0
829204.0,0,0,0.0
829204.0,0,0,0.0
822102.0,0,0,0.0
822102.0,0,0,0.0
822114.0,0,0,0.0
822114.0,0,0,0.0
822114.0,0,0,0.0
822114.0,0,0,0.0
822114.0,0,0,0.0
822114.0,0,0,0.0
822114.0,0,0,0.0
822114.0,0,0,0.0
822114.0,0,0,0.0
822115.0,0,0,0.0
822115.0,0,0,0.0
822115.0,0,0,0.0
822115.0,0,0,0.0
822131.0,0,0,0.0
822115.0,0,0,0.0
822131.0,0,0,0.0
822116.0,0,0,0.0
822116.0,0,0,0.0
822116.0,0,0,0.0
822116.0,0,0,0.0
822116.0,0,0,0.0
822116.0,0,0,0.0
822116.0,0,0,0.0
822116.0,0,0,0.0
822116.0,0,0,0.0
822116.0,0,0,0.0
822116.0,0,0,0.0
822116.0,0,0,0.0
829205.0,0,0,0.0
829206.0,0,0,0.0
829206.0,0,0,0.0
829206.0,0,0,0.0
829206.0,0,0,0.0
829206.0,0,0,0.0
829206.0,0,0,0.0
829207.0,0,0,0.0
829207.0,0,0,0.0
822118.0,0,0,0.0
822118.0,0,0,0.0
822118.0,0,0,0.0
822118.0,0,0,0.0
822118.0,0,0,0.0
822118.0,0,0,0.0
822118.0,0,0,0.0
822118.0,0,0,0.0
822118.0,0,0,0.0
822119.0,0,0,0.0
822119.0,0,0,0.0
822119.0,0,0,0.0
822119.0,0,0,0.0
822119.0,0,0,0.0
822120.0,0,0,0.0
822120.0,0,0,0.0
822120.0,0,0,0.0
822120.0,0,0,0.0
822120.0,0,0,0.0
822121.0,0,0,0.0
822121.0,0,0,0.0
822121.0,0,0,0.0
822121.0,0,0,0.0
822121.0,0,0,0.0
822121.0,0,0,0.0
822122.0,0,0,0.0
822122.0,0,0,0.0
822122.0,0,0,0.0
822122.0,0,0,0.0
822122.0,0,0,0.0
822123.0,0,0,0.0
822123.0,0,0,0.0
822123.0,0,0,0.0
822123.0,0,0,0.0
822123.0,0,0,0.0
822123.0,0,0,0.0
822123.0,0,0,0.0
822123.0,0,0,0.0
822123.0,0,0,0.0
822110.0,0,0,0.0
822110.0,0,0,0.0
822110.0,0,0,0.0
822128.0,0,0,0.0
822128.0,0,0,0.0
822128.0,0,0,0.0
822128.0,0,0,0.0
822128.0,0,0,0.0
822124.0,0,0,0.0
822124.0,0,0,0.0
822124.0,0,0,0.0
822126.0,0,0,0.0
822126.0,0,0,0.0
822126.0,0,0,0.0
822126.0,0,0,0.0
822126.0,0,0,0.0
822126.0,0,0,0.0
822126.0,0,0,0.0
822134.0,0,0,0.0
822134.0,0,0,0.0
822134.0,0,0,0.0
822134.0,0,0,0.0
822134.0,0,0,0.0
835204.0,0,0,0.0
835204.0,0,0,0.0
835204.0,0,0,0.0
834004.0,0,0,0.0
835234.0,0,0,0.0
835234.0,0,0,0.0
835234.0,0,0,0.0
835234.0,0,0,0.0
835234.0,0,0,0.0
835209.0,0,0,0.0
835209.0,0,0,0.0
835210.0,0,0,0.0
835210.0,0,0,0.0
835210.0,0,0,0.0
835210.0,0,0,0.0
835210.0,0,0,0.0
835216.0,0,0,0.0
835216.0,0,0,0.0
835216.0,0,0,0.0
835216.0,0,0,0.0
835216.0,0,0,0.0
835216.0,0,0,0.0
835216.0,0,0,0.0
835216.0,0,0,0.0
834010.0,0,0,0.0
835102.0,0,0,0.0
835102.0,0,0,0.0
835102.0,0,0,0.0
835102.0,0,0,0.0
835102.0,0,0,0.0
835102.0,0,0,0.0
835102.0,0,0,0.0
835225.0,0,0,0.0
835225.0,0,0,0.0
835225.0,0,0,0.0
835225.0,0,0,0.0
835225.0,0,0,0.0
835225.0,0,0,0.0
835225.0,0,0,0.0
835225.0,0,0,0.0
835225.0,0,0,0.0
835225.0,0,0,0.0
835225.0,0,0,0.0
835225.0,0,0,0.0
835103.0,0,0,0.0
835103.0,0,0,0.0
835103.0,0,0,0.0
835227.0,0,0,0.0
835227.0,0,0,0.0
835227.0,0,0,0.0
835227.0,0,0,0.0
835221.0,0,0,0.0
835221.0,0,0,0.0
835221.0,0,0,0.0
835201.0,0,0,0.0
835201.0,0,0,0.0
835201.0,0,0,0.0
835229.0,0,0,0.0
835229.0,0,0,0.0
835229.0,0,0,0.0
835203.0,0,0,0.0
835203.0,0,0,0.0
835228.0,0,0,0.0
835228.0,0,0,0.0
835228.0,0,0,0.0
835228.0,0,0,0.0
835228.0,0,0,0.0
835231.0,0,0,0.0
835231.0,0,0,0.0
835231.0,0,0,0.0
835231.0,0,0,0.0
835231.0,0,0,0.0
835231.0,0,0,0.0
835206.0,0,0,0.0
835206.0,0,0,0.0
835206.0,0,0,0.0
835206.0,0,0,0.0
835208.0,0,0,0.0
835235.0,0,0,0.0
835211.0,0,0,0.0
835211.0,0,0,0.0
835211.0,0,0,0.0
835212.0,0,0,0.0
835212.0,0,0,0.0
835212.0,0,0,0.0
835212.0,0,0,0.0
835213.0,0,0,0.0
835213.0,0,0,0.0
835213.0,0,0,0.0
835302.0,0,0,0.0
835302.0,0,0,0.0
835302.0,0,0,0.0
835302.0,0,0,0.0
835302.0,0,0,0.0
835302.0,0,0,0.0
835302.0,0,0,0.0
835302.0,0,0,0.0
835302.0,0,0,0.0
835302.0,0,0,0.0
835302.0,0,0,0.0
835302.0,0,0,0.0
835232.0,0,0,0.0
835232.0,0,0,0.0
835230.0,0,0,0.0
835220.0,0,0,0.0
835220.0,0,0,0.0
835220.0,0,0,0.0
835220.0,0,0,0.0
835220.0,0,0,0.0
835220.0,0,0,0.0
835223.0,0,0,0.0
835223.0,0,0,0.0
835223.0,0,0,0.0
835223.0,0,0,0.0
835224.0,0,0,0.0
835224.0,0,0,0.0
835224.0,0,0,0.0
835226.0,0,0,0.0
835226.0,0,0,0.0
835233.0,0,0,0.0
835233.0,0,0,0.0
835233.0,0,0,0.0
835233.0,0,0,0.0
835202.0,0,0,0.0
835202.0,0,0,0.0
835202.0,0,0,0.0
835202.0,0,0,0.0
835202.0,0,0,0.0
835205.0,0,0,0.0
835301.0,0,0,0.0
835301.0,0,0,0.0
835301.0,0,0,0.0
835301.0,0,0,0.0
835301.0,0,0,0.0
835214.0,0,0,0.0
835214.0,0,0,0.0
835214.0,0,0,0.0
835214.0,0,0,0.0
835214.0,0,0,0.0
835214.0,0,0,0.0
835214.0,0,0,0.0
835214.0,0,0,0.0
835214.0,0,0,0.0
835214.0,0,0,0.0
835325.0,0,0,0.0
835325.0,0,0,0.0
835325.0,0,0,0.0
835325.0,0,0,0.0
835219.0,0,0,0.0
835219.0,0,0,0.0
835219.0,0,0,0.0
835219.0,0,0,0.0
835303.0,0,0,0.0
835303.0,0,0,0.0
835303.0,0,0,0.0
835303.0,0,0,0.0
834009.0,0,0,0.0
835222.0,0,0,0.0
835222.0,0,0,0.0
835222.0,0,0,0.0
835222.0,0,0,0.0
835222.0,0,0,0.0
814155.0,0,0,0.0
814155.0,0,0,0.0
814155.0,0,0,0.0
814157.0,0,0,0.0
814157.0,0,0,0.0
814113.0,0,0,0.0
814113.0,0,0,0.0
814114.0,0,0,0.0
814114.0,0,0,0.0
814114.0,0,0,0.0
814120.0,0,0,0.0
814133.0,0,0,0.0
814133.0,0,0,0.0
814133.0,0,0,0.0
814133.0,0,0,0.0
814133.0,0,0,0.0
814133.0,0,0,0.0
815351.0,0,0,0.0
815351.0,0,0,0.0
815351.0,0,0,0.0
815351.0,0,0,0.0
814142.0,0,0,0.0
814142.0,0,0,0.0
815352.0,0,0,0.0
815352.0,0,0,0.0
815352.0,0,0,0.0
815357.0,0,0,0.0
814143.0,0,0,0.0
814143.0,0,0,0.0
814143.0,0,0,0.0
815359.0,0,0,0.0
815359.0,0,0,0.0
815359.0,0,0,0.0
814165.0,0,0,0.0
814165.0,0,0,0.0
814165.0,0,0,0.0
815353.0,0,0,0.0
815353.0,0,0,0.0
815353.0,0,0,0.0
814154.0,0,0,0.0
814154.0,0,0,0.0
814154.0,0,0,0.0
814154.0,0,0,0.0
814160.0,0,0,0.0
814160.0,0,0,0.0
815354.0,0,0,0.0
815355.0,0,0,0.0
814147.0,0,0,0.0
814147.0,0,0,0.0
814147.0,0,0,0.0
814147.0,0,0,0.0
814147.0,0,0,0.0
814147.0,0,0,0.0
814153.0,0,0,0.0
814153.0,0,0,0.0
814153.0,0,0,0.0
814153.0,0,0,0.0
814153.0,0,0,0.0
814152.0,0,0,0.0
814152.0,0,0,0.0
814152.0,0,0,0.0
814151.0,0,0,0.0
814151.0,0,0,0.0
814151.0,0,0,0.0
814151.0,0,0,0.0
814151.0,0,0,0.0
814149.0,0,0,0.0
814156.0,0,0,0.0
814156.0,0,0,0.0
814156.0,0,0,0.0
814156.0,0,0,0.0
814156.0,0,0,0.0
814156.0,0,0,0.0
814156.0,0,0,0.0
814150.0,0,0,0.0
814150.0,0,0,0.0
814150.0,0,0,0.0
814150.0,0,0,0.0
814111.0,0,0,0.0
814111.0,0,0,0.0
814111.0,0,0,0.0
814111.0,0,0,0.0
814111.0,0,0,0.0
816102.0,0,0,0.0
816102.0,0,0,0.0
816102.0,0,0,0.0
816102.0,0,0,0.0
816102.0,0,0,0.0
816102.0,0,0,0.0
816101.0,0,0,0.0
816101.0,0,0,0.0
816101.0,0,0,0.0
816101.0,0,0,0.0
816101.0,0,0,0.0
816103.0,0,0,0.0
816103.0,0,0,0.0
816103.0,0,0,0.0
816103.0,0,0,0.0
816103.0,0,0,0.0
816120.0,0,0,0.0
816120.0,0,0,0.0
814166.0,0,0,0.0
814166.0,0,0,0.0
814166.0,0,0,0.0
814158.0,0,0,0.0
814158.0,0,0,0.0
814158.0,0,0,0.0
816104.0,0,0,0.0
816104.0,0,0,0.0
816104.0,0,0,0.0
816104.0,0,0,0.0
816104.0,0,0,0.0
816104.0,0,0,0.0
814141.0,0,0,0.0
814141.0,0,0,0.0
814141.0,0,0,0.0
814141.0,0,0,0.0
814103.0,0,0,0.0
814103.0,0,0,0.0
814103.0,0,0,0.0
814103.0,0,0,0.0
814103.0,0,0,0.0
814103.0,0,0,0.0
814103.0,0,0,0.0
814103.0,0,0,0.0
816105.0,0,0,0.0
814119.0,0,0,0.0
814119.0,0,0,0.0
814119.0,0,0,0.0
814119.0,0,0,0.0
816106.0,0,0,0.0
816106.0,0,0,0.0
816106.0,0,0,0.0
816106.0,0,0,0.0
814144.0,0,0,0.0
814144.0,0,0,0.0
814144.0,0,0,0.0
813208.0,0,0,0.0
813208.0,0,0,0.0
813208.0,0,0,0.0
814145.0,0,0,0.0
814145.0,0,0,0.0
814145.0,0,0,0.0
814145.0,0,0,0.0
814145.0,0,0,0.0
816107.0,0,0,0.0
816107.0,0,0,0.0
816107.0,0,0,0.0
816107.0,0,0,0.0
816117.0,0,0,0.0
816117.0,0,0,0.0
816117.0,0,0,0.0
816117.0,0,0,0.0
814146.0,0,0,0.0
814146.0,0,0,0.0
814146.0,0,0,0.0
814146.0,0,0,0.0
814146.0,0,0,0.0
816110.0,0,0,0.0
816110.0,0,0,0.0
814148.0,0,0,0.0
816108.0,0,0,0.0
814102.0,0,0,0.0
814102.0,0,0,0.0
814102.0,0,0,0.0
814102.0,0,0,0.0
814167.0,0,0,0.0
816109.0,0,0,0.0
816109.0,0,0,0.0
816109.0,0,0,0.0
816109.0,0,0,0.0
816118.0,0,0,0.0
816118.0,0,0,0.0
816118.0,0,0,0.0
816118.0,0,0,0.0
816118.0,0,0,0.0
814110.0,0,0,0.0
814110.0,0,0,0.0
814110.0,0,0,0.0
814110.0,0,0,0.0
814110.0,0,0,0.0
814110.0,0,0,0.0
814110.0,0,0,0.0
814110.0,0,0,0.0
814110.0,0,0,0.0
814110.0,0,0,0.0
814110.0,0,0,0.0
833102.0,0,0,0.0
833102.0,0,0,0.0
833102.0,0,0,0.0
833102.0,0,0,0.0
832401.0,0,0,0.0
833106.0,0,0,0.0
833106.0,0,0,0.0
833106.0,0,0,0.0
833106.0,0,0,0.0
833103.0,0,0,0.0
833103.0,0,0,0.0
833103.0,0,0,0.0
833103.0,0,0,0.0
833103.0,0,0,0.0
833214.0,0,0,0.0
833214.0,0,0,0.0
833214.0,0,0,0.0
833214.0,0,0,0.0
833204.0,0,0,0.0
833204.0,0,0,0.0
833204.0,0,0,0.0
833204.0,0,0,0.0
833204.0,0,0,0.0
833204.0,0,0,0.0
833204.0,0,0,0.0
833204.0,0,0,0.0
833204.0,0,0,0.0
833215.0,0,0,0.0
833215.0,0,0,0.0
833215.0,0,0,0.0
833216.0,0,0,0.0
833104.0,0,0,0.0
833104.0,0,0,0.0
833104.0,0,0,0.0
833104.0,0,0,0.0
833104.0,0,0,0.0
833104.0,0,0,0.0
833104.0,0,0,0.0
833104.0,0,0,0.0
833104.0,0,0,0.0
833218.0,0,0,0.0
833218.0,0,0,0.0
833219.0,0,0,0.0
833219.0,0,0,0.0
833220.0,0,0,0.0
833220.0,0,0,0.0
833220.0,0,0,0.0
833220.0,0,0,0.0
833220.0,0,0,0.0
833105.0,0,0,0.0
833105.0,0,0,0.0
833202.0,0,0,0.0
833202.0,0,0,0.0
832101.0,0,0,0.0
832101.0,0,0,0.0
832101.0,0,0,0.0
832101.0,0,0,0.0
832101.0,0,0,0.0
832101.0,0,0,0.0
832101.0,0,0,0.0
832101.0,0,0,0.0
832301.0,0,0,0.0
832401.0,0,0,0.0
832401.0,0,0,0.0
832401.0,0,0,0.0
832401.0,0,0,0.0
832404.0,0,0,0.0
832404.0,0,0,0.0
832404.0,0,0,0.0
832404.0,0,0,0.0
832404.0,0,0,0.0
832404.0,0,0,0.0
832404.0,0,0,0.0
832404.0,0,0,0.0
832404.0,0,0,0.0
832404.0,0,0,0.0
832302.0,0,0,0.0
832302.0,0,0,0.0
832302.0,0,0,0.0
832302.0,0,0,0.0
832303.0,0,0,0.0
832303.0,0,0,0.0
832303.0,0,0,0.0
832303.0,0,0,0.0
832303.0,0,0,0.0
832102.0,0,0,0.0
832102.0,0,0,0.0
832102.0,0,0,0.0
832102.0,0,0,0.0
832304.0,0,0,0.0
832304.0,0,0,0.0
831012.0,0,0,0.0
832104.0,0,0,0.0
832104.0,0,0,0.0
832104.0,0,0,0.0
832105.0,0,0,0.0
831001.0,0,0,0.0
832107.0,0,0,0.0
832107.0,0,0,0.0
832113.0,0,0,0.0
832113.0,0,0,0.0
832113.0,0,0,0.0
832113.0,0,0,0.0
832113.0,0,0,0.0
832403.0,0,0,0.0
832403.0,0,0,0.0
832112.0,0,0,0.0
832112.0,0,0,0.0
832113.0,0,0,0.0
832113.0,0,0,0.0
832113.0,0,0,0.0
560064.0,0,0,0.0
560077.0,0,0,0.0
560116.0,0,0,0.0
560116.0,0,0,0.0
560073.0,0,0,0.0
560091.0,0,0,0.0
562160.0,0,0,0.0
562106.0,0,0,0.0
562106.0,0,0,0.0
562106.0,0,0,0.0
562107.0,0,0,0.0
562107.0,0,0,0.0
560077.0,0,0,0.0
562157.0,0,0,0.0
562157.0,0,0,0.0
562108.0,0,0,0.0
562108.0,0,0,0.0
562109.0,0,0,0.0
562109.0,0,0,0.0
562110.0,0,0,0.0
562110.0,0,0,0.0
562110.0,0,0,0.0
562111.0,0,0,0.0
562111.0,0,0,0.0
561203.0,0,0,0.0
561203.0,0,0,0.0
561204.0,0,0,0.0
561204.0,0,0,0.0
561204.0,0,0,0.0
561204.0,0,0,0.0
562112.0,0,0,0.0
562112.0,0,0,0.0
562112.0,0,0,0.0
562138.0,0,0,0.0
562138.0,0,0,0.0
562138.0,0,0,0.0
562114.0,0,0,0.0
562165.0,0,0,0.0
562117.0,0,0,0.0
562119.0,0,0,0.0
562162.0,0,0,0.0
562120.0,0,0,0.0
562120.0,0,0,0.0
562120.0,0,0,0.0
562120.0,0,0,0.0
562120.0,0,0,0.0
562121.0,0,0,0.0
562121.0,0,0,0.0
562122.0,0,0,0.0
562123.0,0,0,0.0
562123.0,0,0,0.0
562159.0,0,0,0.0
562125.0,0,0,0.0
562125.0,0,0,0.0
562126.0,0,0,0.0
562126.0,0,0,0.0
562126.0,0,0,0.0
562126.0,0,0,0.0
562127.0,0,0,0.0
562127.0,0,0,0.0
562128.0,0,0,0.0
562129.0,0,0,0.0
562130.0,0,0,0.0
562130.0,0,0,0.0
562131.0,0,0,0.0
562132.0,0,0,0.0
562132.0,0,0,0.0
562135.0,0,0,0.0
562163.0,0,0,0.0
587112.0,0,0,0.0
587112.0,0,0,0.0
587112.0,0,0,0.0
587201.0,0,0,0.0
587201.0,0,0,0.0
587201.0,0,0,0.0
587201.0,0,0,0.0
587201.0,0,0,0.0
587201.0,0,0,0.0
587111.0,0,0,0.0
587103.0,0,0,0.0
587114.0,0,0,0.0
587114.0,0,0,0.0
587115.0,0,0,0.0
587203.0,0,0,0.0
587118.0,0,0,0.0
587118.0,0,0,0.0
587118.0,0,0,0.0
587154.0,0,0,0.0
587154.0,0,0,0.0
587154.0,0,0,0.0
587154.0,0,0,0.0
587125.0,0,0,0.0
587125.0,0,0,0.0
587125.0,0,0,0.0
587125.0,0,0,0.0
587125.0,0,0,0.0
587125.0,0,0,0.0
587205.0,0,0,0.0
587206.0,0,0,0.0
587206.0,0,0,0.0
587206.0,0,0,0.0
587207.0,0,0,0.0
587207.0,0,0,0.0
587207.0,0,0,0.0
587124.0,0,0,0.0
587104.0,0,0,0.0
587104.0,0,0,0.0
587301.0,0,0,0.0
587301.0,0,0,0.0
587301.0,0,0,0.0
587301.0,0,0,0.0
587311.0,0,0,0.0
587331.0,0,0,0.0
587311.0,0,0,0.0
587204.0,0,0,0.0
587116.0,0,0,0.0
587117.0,0,0,0.0
587117.0,0,0,0.0
587117.0,0,0,0.0
587119.0,0,0,0.0
587119.0,0,0,0.0
587204.0,0,0,0.0
587121.0,0,0,0.0
587121.0,0,0,0.0
587122.0,0,0,0.0
587122.0,0,0,0.0
587312.0,0,0,0.0
587313.0,0,0,0.0
587313.0,0,0,0.0
587313.0,0,0,0.0
587313.0,0,0,0.0
587313.0,0,0,0.0
587313.0,0,0,0.0
587314.0,0,0,0.0
587330.0,0,0,0.0
587330.0,0,0,0.0
591102.0,0,0,0.0
591102.0,0,0,0.0
591102.0,0,0,0.0
591102.0,0,0,0.0
591104.0,0,0,0.0
591104.0,0,0,0.0
591104.0,0,0,0.0
591106.0,0,0,0.0
591106.0,0,0,0.0
591106.0,0,0,0.0
591106.0,0,0,0.0
591106.0,0,0,0.0
591147.0,0,0,0.0
591147.0,0,0,0.0
591109.0,0,0,0.0
591109.0,0,0,0.0
591109.0,0,0,0.0
591112.0,0,0,0.0
591112.0,0,0,0.0
591112.0,0,0,0.0
591115.0,0,0,0.0
591115.0,0,0,0.0
591153.0,0,0,0.0
591121.0,0,0,0.0
591103.0,0,0,0.0
591103.0,0,0,0.0
590010.0,0,0,0.0
591346.0,0,0,0.0
590015.0,0,0,0.0
591156.0,0,0,0.0
591108.0,0,0,0.0
591108.0,0,0,0.0
591345.0,0,0,0.0
591302.0,0,0,0.0
591302.0,0,0,0.0
591120.0,0,0,0.0
591120.0,0,0,0.0
591120.0,0,0,0.0
591124.0,0,0,0.0
590020.0,0,0,0.0
590008.0,0,0,0.0
590018.0,0,0,0.0
591123.0,0,0,0.0
591123.0,0,0,0.0
591123.0,0,0,0.0
591110.0,0,0,0.0
591114.0,0,0,0.0
591114.0,0,0,0.0
591114.0,0,0,0.0
591114.0,0,0,0.0
591117.0,0,0,0.0
591126.0,0,0,0.0
591130.0,0,0,0.0
591126.0,0,0,0.0
591127.0,0,0,0.0
591127.0,0,0,0.0
591127.0,0,0,0.0
591129.0,0,0,0.0
591129.0,0,0,0.0
583104.0,0,0,0.0
583102.0,0,0,0.0
583103.0,0,0,0.0
583103.0,0,0,0.0
583103.0,0,0,0.0
583103.0,0,0,0.0
583111.0,0,0,0.0
583112.0,0,0,0.0
583112.0,0,0,0.0
583130.0,0,0,0.0
583130.0,0,0,0.0
583130.0,0,0,0.0
583130.0,0,0,0.0
583130.0,0,0,0.0
583114.0,0,0,0.0
583114.0,0,0,0.0
583114.0,0,0,0.0
583114.0,0,0,0.0
583114.0,0,0,0.0
583114.0,0,0,0.0
583155.0,0,0,0.0
583117.0,0,0,0.0
583117.0,0,0,0.0
583117.0,0,0,0.0
583117.0,0,0,0.0
583117.0,0,0,0.0
583117.0,0,0,0.0
583119.0,0,0,0.0
583120.0,0,0,0.0
583121.0,0,0,0.0
583121.0,0,0,0.0
583121.0,0,0,0.0
583122.0,0,0,0.0
583124.0,0,0,0.0
583124.0,0,0,0.0
583125.0,0,0,0.0
583125.0,0,0,0.0
583125.0,0,0,0.0
583125.0,0,0,0.0
583127.0,0,0,0.0
583127.0,0,0,0.0
583127.0,0,0,0.0
583126.0,0,0,0.0
583126.0,0,0,0.0
583211.0,0,0,0.0
583128.0,0,0,0.0
583128.0,0,0,0.0
583129.0,0,0,0.0
583129.0,0,0,0.0
583212.0,0,0,0.0
583212.0,0,0,0.0
583212.0,0,0,0.0
583212.0,0,0,0.0
583212.0,0,0,0.0
583212.0,0,0,0.0
583213.0,0,0,0.0
583213.0,0,0,0.0
583214.0,0,0,0.0
583131.0,0,0,0.0
583131.0,0,0,0.0
583216.0,0,0,0.0
583216.0,0,0,0.0
583216.0,0,0,0.0
583217.0,0,0,0.0
583218.0,0,0,0.0
583218.0,0,0,0.0
583218.0,0,0,0.0
583219.0,0,0,0.0
583219.0,0,0,0.0
583219.0,0,0,0.0
583220.0,0,0,0.0
583220.0,0,0,0.0
583221.0,0,0,0.0
583132.0,0,0,0.0
583132.0,0,0,0.0
583132.0,0,0,0.0
583132.0,0,0,0.0
583134.0,0,0,0.0
583134.0,0,0,0.0
583134.0,0,0,0.0
583135.0,0,0,0.0
583222.0,0,0,0.0
583222.0,0,0,0.0
583222.0,0,0,0.0
583222.0,0,0,0.0
583222.0,0,0,0.0
583223.0,0,0,0.0
583223.0,0,0,0.0
583223.0,0,0,0.0
583137.0,0,0,0.0
583137.0,0,0,0.0
583137.0,0,0,0.0
583224.0,0,0,0.0
583224.0,0,0,0.0
583224.0,0,0,0.0
585414.0,0,0,0.0
586111.0,0,0,0.0
586202.0,0,0,0.0
586202.0,0,0,0.0
586202.0,0,0,0.0
586112.0,0,0,0.0
586112.0,0,0,0.0
586113.0,0,0,0.0
586170.0,0,0,0.0
586113.0,0,0,0.0
586170.0,0,0,0.0
586113.0,0,0,0.0
586205.0,0,0,0.0
586204.0,0,0,0.0
586204.0,0,0,0.0
586204.0,0,0,0.0
586203.0,0,0,0.0
586203.0,0,0,0.0
586103.0,0,0,0.0
586114.0,0,0,0.0
586114.0,0,0,0.0
586205.0,0,0,0.0
586205.0,0,0,0.0
586205.0,0,0,0.0
586206.0,0,0,0.0
586115.0,0,0,0.0
586116.0,0,0,0.0
586207.0,0,0,0.0
586117.0,0,0,0.0
586117.0,0,0,0.0
586208.0,0,0,0.0
586208.0,0,0,0.0
586118.0,0,0,0.0
586118.0,0,0,0.0
586119.0,0,0,0.0
586119.0,0,0,0.0
586210.0,0,0,0.0
586210.0,0,0,0.0
586210.0,0,0,0.0
586120.0,0,0,0.0
586121.0,0,0,0.0
586122.0,0,0,0.0
586123.0,0,0,0.0
586123.0,0,0,0.0
586212.0,0,0,0.0
586212.0,0,0,0.0
586212.0,0,0,0.0
586124.0,0,0,0.0
586213.0,0,0,0.0
586213.0,0,0,0.0
586213.0,0,0,0.0
586217.0,0,0,0.0
586217.0,0,0,0.0
586125.0,0,0,0.0
586125.0,0,0,0.0
586125.0,0,0,0.0
586125.0,0,0,0.0
586125.0,0,0,0.0
586127.0,0,0,0.0
586127.0,0,0,0.0
586128.0,0,0,0.0
586128.0,0,0,0.0
586128.0,0,0,0.0
586128.0,0,0,0.0
586214.0,0,0,0.0
586215.0,0,0,0.0
586129.0,0,0,0.0
586129.0,0,0,0.0
586129.0,0,0,0.0
586129.0,0,0,0.0
586129.0,0,0,0.0
586216.0,0,0,0.0
586216.0,0,0,0.0
586130.0,0,0,0.0
591304.0,0,0,0.0
591304.0,0,0,0.0
591248.0,0,0,0.0
591248.0,0,0,0.0
591230.0,0,0,0.0
591232.0,0,0,0.0
591232.0,0,0,0.0
591235.0,0,0,0.0
591315.0,0,0,0.0
591242.0,0,0,0.0
591242.0,0,0,0.0
591265.0,0,0,0.0
591316.0,0,0,0.0
591316.0,0,0,0.0
591211.0,0,0,0.0
591214.0,0,0,0.0
591216.0,0,0,0.0
591217.0,0,0,0.0
591222.0,0,0,0.0
591222.0,0,0,0.0
591226.0,0,0,0.0
591287.0,0,0,0.0
591311.0,0,0,0.0
591311.0,0,0,0.0
591237.0,0,0,0.0
591237.0,0,0,0.0
591317.0,0,0,0.0
591244.0,0,0,0.0
591244.0,0,0,0.0
580011.0,0,0,0.0
580007.0,0,0,0.0
580007.0,0,0,0.0
580007.0,0,0,0.0
580007.0,0,0,0.0
580007.0,0,0,0.0
580114.0,0,0,0.0
581105.0,0,0,0.0
581105.0,0,0,0.0
580118.0,0,0,0.0
581204.0,0,0,0.0
581204.0,0,0,0.0
581204.0,0,0,0.0
580112.0,0,0,0.0
582201.0,0,0,0.0
581209.0,0,0,0.0
580023.0,0,0,0.0
580023.0,0,0,0.0
580028.0,0,0,0.0
580025.0,0,0,0.0
581113.0,0,0,0.0
581196.0,0,0,0.0
582208.0,0,0,0.0
582208.0,0,0,0.0
582208.0,0,0,0.0
580024.0,0,0,0.0
582112.0,0,0,0.0
582112.0,0,0,0.0
582112.0,0,0,0.0
582102.0,0,0,0.0
582103.0,0,0,0.0
582103.0,0,0,0.0
582114.0,0,0,0.0
582114.0,0,0,0.0
582205.0,0,0,0.0
582115.0,0,0,0.0
582115.0,0,0,0.0
582116.0,0,0,0.0
582210.0,0,0,0.0
582116.0,0,0,0.0
582117.0,0,0,0.0
582117.0,0,0,0.0
582118.0,0,0,0.0
582118.0,0,0,0.0
582119.0,0,0,0.0
582119.0,0,0,0.0
582207.0,0,0,0.0
582209.0,0,0,0.0
582209.0,0,0,0.0
582209.0,0,0,0.0
582120.0,0,0,0.0
582211.0,0,0,0.0
582211.0,0,0,0.0
583284.0,0,0,0.0
583284.0,0,0,0.0
583226.0,0,0,0.0
583226.0,0,0,0.0
583287.0,0,0,0.0
583237.0,0,0,0.0
583237.0,0,0,0.0
583287.0,0,0,0.0
583238.0,0,0,0.0
583238.0,0,0,0.0
583285.0,0,0,0.0
583278.0,0,0,0.0
583227.0,0,0,0.0
583228.0,0,0,0.0
583228.0,0,0,0.0
583228.0,0,0,0.0
583281.0,0,0,0.0
583280.0,0,0,0.0
583280.0,0,0,0.0
583280.0,0,0,0.0
583229.0,0,0,0.0
583229.0,0,0,0.0
583229.0,0,0,0.0
583230.0,0,0,0.0
583230.0,0,0,0.0
583230.0,0,0,0.0
583232.0,0,0,0.0
583232.0,0,0,0.0
583232.0,0,0,0.0
583277.0,0,0,0.0
583277.0,0,0,0.0
583277.0,0,0,0.0
583277.0,0,0,0.0
583277.0,0,0,0.0
583277.0,0,0,0.0
583234.0,0,0,0.0
583268.0,0,0,0.0
583268.0,0,0,0.0
583282.0,0,0,0.0
583235.0,0,0,0.0
583235.0,0,0,0.0
583236.0,0,0,0.0
583236.0,0,0,0.0
591101.0,0,0,0.0
591101.0,0,0,0.0
591305.0,0,0,0.0
591254.0,0,0,0.0
591306.0,0,0,0.0
591306.0,0,0,0.0
591306.0,0,0,0.0
591309.0,0,0,0.0
591309.0,0,0,0.0
591225.0,0,0,0.0
591231.0,0,0,0.0
591310.0,0,0,0.0
591233.0,0,0,0.0
591233.0,0,0,0.0
591312.0,0,0,0.0
591236.0,0,0,0.0
591313.0,0,0,0.0
591243.0,0,0,0.0
591243.0,0,0,0.0
585301.0,0,0,0.0
585301.0,0,0,0.0
585301.0,0,0,0.0
585301.0,0,0,0.0
585302.0,0,0,0.0
585302.0,0,0,0.0
585302.0,0,0,0.0
585302.0,0,0,0.0
585302.0,0,0,0.0
585302.0,0,0,0.0
585302.0,0,0,0.0
585302.0,0,0,0.0
585302.0,0,0,0.0
585303.0,0,0,0.0
585305.0,0,0,0.0
585306.0,0,0,0.0
585306.0,0,0,0.0
585307.0,0,0,0.0
585308.0,0,0,0.0
585308.0,0,0,0.0
585103.0,0,0,0.0
585105.0,0,0,0.0
585105.0,0,0,0.0
585104.0,0,0,0.0
585104.0,0,0,0.0
585104.0,0,0,0.0
585104.0,0,0,0.0
585102.0,0,0,0.0
585102.0,0,0,0.0
585102.0,0,0,0.0
585102.0,0,0,0.0
585212.0,0,0,0.0
585265.0,0,0,0.0
585265.0,0,0,0.0
585310.0,0,0,0.0
585310.0,0,0,0.0
585310.0,0,0,0.0
585310.0,0,0,0.0
585311.0,0,0,0.0
585311.0,0,0,0.0
494111.0,0,0,0.0
494111.0,0,0,0.0
494111.0,0,0,0.0
494111.0,0,0,0.0
494111.0,0,0,0.0
494442.0,0,0,0.0
494442.0,0,0,0.0
494442.0,0,0,0.0
494442.0,0,0,0.0
494442.0,0,0,0.0
494442.0,0,0,0.0
494115.0,0,0,0.0
494115.0,0,0,0.0
494115.0,0,0,0.0
494115.0,0,0,0.0
494115.0,0,0,0.0
494001.0,0,0,0.0
494115.0,0,0,0.0
494115.0,0,0,0.0
494115.0,0,0,0.0
494115.0,0,0,0.0
494115.0,0,0,0.0
494334.0,0,0,0.0
494334.0,0,0,0.0
494334.0,0,0,0.0
494334.0,0,0,0.0
494665.0,0,0,0.0
494665.0,0,0,0.0
494665.0,0,0,0.0
494665.0,0,0,0.0
494665.0,0,0,0.0
494665.0,0,0,0.0
494665.0,0,0,0.0
494665.0,0,0,0.0
494665.0,0,0,0.0
494665.0,0,0,0.0
494665.0,0,0,0.0
494777.0,0,0,0.0
494777.0,0,0,0.0
494777.0,0,0,0.0
494777.0,0,0,0.0
494777.0,0,0,0.0
494777.0,0,0,0.0
494669.0,0,0,0.0
494669.0,0,0,0.0
494669.0,0,0,0.0
494669.0,0,0,0.0
494669.0,0,0,0.0
494669.0,0,0,0.0
494669.0,0,0,0.0
494337.0,0,0,0.0
494337.0,0,0,0.0
494337.0,0,0,0.0
494771.0,0,0,0.0
494771.0,0,0,0.0
494771.0,0,0,0.0
494771.0,0,0,0.0
494334.0,0,0,0.0
494334.0,0,0,0.0
494331.0,0,0,0.0
494331.0,0,0,0.0
494331.0,0,0,0.0
494220.0,0,0,0.0
494670.0,0,0,0.0
494670.0,0,0,0.0
494670.0,0,0,0.0
494670.0,0,0,0.0
494670.0,0,0,0.0
494670.0,0,0,0.0
494670.0,0,0,0.0
494670.0,0,0,0.0
494336.0,0,0,0.0
494336.0,0,0,0.0
494336.0,0,0,0.0
494336.0,0,0,0.0
494336.0,0,0,0.0
494662.0,0,0,0.0
494662.0,0,0,0.0
494662.0,0,0,0.0
494662.0,0,0,0.0
494662.0,0,0,0.0
494662.0,0,0,0.0
494662.0,0,0,0.0
494333.0,0,0,0.0
494333.0,0,0,0.0
494333.0,0,0,0.0
494333.0,0,0,0.0
494333.0,0,0,0.0
494333.0,0,0,0.0
494333.0,0,0,0.0
494776.0,0,0,0.0
494776.0,0,0,0.0
494776.0,0,0,0.0
494776.0,0,0,0.0
494776.0,0,0,0.0
494776.0,0,0,0.0
494229.0,0,0,0.0
494229.0,0,0,0.0
494229.0,0,0,0.0
494229.0,0,0,0.0
494228.0,0,0,0.0
494228.0,0,0,0.0
494228.0,0,0,0.0
494228.0,0,0,0.0
494228.0,0,0,0.0
494228.0,0,0,0.0
494228.0,0,0,0.0
494230.0,0,0,0.0
494230.0,0,0,0.0
494230.0,0,0,0.0
494230.0,0,0,0.0
494230.0,0,0,0.0
494230.0,0,0,0.0
494230.0,0,0,0.0
494230.0,0,0,0.0
494230.0,0,0,0.0
494230.0,0,0,0.0
494230.0,0,0,0.0
494230.0,0,0,0.0
494635.0,0,0,0.0
494635.0,0,0,0.0
494635.0,0,0,0.0
494635.0,0,0,0.0
494335.0,0,0,0.0
494335.0,0,0,0.0
494335.0,0,0,0.0
494335.0,0,0,0.0
494335.0,0,0,0.0
494347.0,0,0,0.0
494347.0,0,0,0.0
494347.0,0,0,0.0
494347.0,0,0,0.0
494347.0,0,0,0.0
494347.0,0,0,0.0
494347.0,0,0,0.0
494237.0,0,0,0.0
494237.0,0,0,0.0
494237.0,0,0,0.0
494332.0,0,0,0.0
494220.0,0,0,0.0
494220.0,0,0,0.0
494220.0,0,0,0.0
494662.0,0,0,0.0
494662.0,0,0,0.0
494662.0,0,0,0.0
494662.0,0,0,0.0
494662.0,0,0,0.0
494662.0,0,0,0.0
494661.0,0,0,0.0
494661.0,0,0,0.0
494661.0,0,0,0.0
495552.0,0,0,0.0
495552.0,0,0,0.0
495552.0,0,0,0.0
495552.0,0,0,0.0
495559.0,0,0,0.0
495559.0,0,0,0.0
495559.0,0,0,0.0
495559.0,0,0,0.0
495116.0,0,0,0.0
495116.0,0,0,0.0
495116.0,0,0,0.0
495004.0,0,0,0.0
495224.0,0,0,0.0
495224.0,0,0,0.0
495224.0,0,0,0.0
495112.0,0,0,0.0
495663.0,0,0,0.0
495550.0,0,0,0.0
495550.0,0,0,0.0
495668.0,0,0,0.0
495669.0,0,0,0.0
495668.0,0,0,0.0
495669.0,0,0,0.0
495669.0,0,0,0.0
495668.0,0,0,0.0
495669.0,0,0,0.0
495668.0,0,0,0.0
495668.0,0,0,0.0
495669.0,0,0,0.0
495668.0,0,0,0.0
495668.0,0,0,0.0
495668.0,0,0,0.0
491441.0,0,0,0.0
495113.0,0,0,0.0
495113.0,0,0,0.0
495445.0,0,0,0.0
495445.0,0,0,0.0
495556.0,0,0,0.0
495556.0,0,0,0.0
495115.0,0,0,0.0
495115.0,0,0,0.0
495115.0,0,0,0.0
495118.0,0,0,0.0
495551.0,0,0,0.0
495551.0,0,0,0.0
495551.0,0,0,0.0
495551.0,0,0,0.0
495334.0,0,0,0.0
495334.0,0,0,0.0
495334.0,0,0,0.0
495334.0,0,0,0.0
495334.0,0,0,0.0
495334.0,0,0,0.0
495553.0,0,0,0.0
495553.0,0,0,0.0
495553.0,0,0,0.0
495449.0,0,0,0.0
495554.0,0,0,0.0
495554.0,0,0,0.0
495335.0,0,0,0.0
495335.0,0,0,0.0
495660.0,0,0,0.0
495117.0,0,0,0.0
495117.0,0,0,0.0
495117.0,0,0,0.0
495117.0,0,0,0.0
495119.0,0,0,0.0
495119.0,0,0,0.0
495442.0,0,0,0.0
495442.0,0,0,0.0
495442.0,0,0,0.0
495442.0,0,0,0.0
495442.0,0,0,0.0
495330.0,0,0,0.0
495330.0,0,0,0.0
495330.0,0,0,0.0
495555.0,0,0,0.0
495448.0,0,0,0.0
495448.0,0,0,0.0
495448.0,0,0,0.0
495006.0,0,0,0.0
495695.0,0,0,0.0
495660.0,0,0,0.0
495660.0,0,0,0.0
495660.0,0,0,0.0
495447.0,0,0,0.0
495674.0,0,0,0.0
495674.0,0,0,0.0
495674.0,0,0,0.0
495674.0,0,0,0.0
495674.0,0,0,0.0
495674.0,0,0,0.0
495661.0,0,0,0.0
495661.0,0,0,0.0
495669.0,0,0,0.0
495671.0,0,0,0.0
495671.0,0,0,0.0
495671.0,0,0,0.0
495692.0,0,0,0.0
495692.0,0,0,0.0
495688.0,0,0,0.0
495688.0,0,0,0.0
495446.0,0,0,0.0
495446.0,0,0,0.0
495446.0,0,0,0.0
495690.0,0,0,0.0
495690.0,0,0,0.0
495450.0,0,0,0.0
495450.0,0,0,0.0
495691.0,0,0,0.0
495691.0,0,0,0.0
495691.0,0,0,0.0
495683.0,0,0,0.0
495689.0,0,0,0.0
495689.0,0,0,0.0
495689.0,0,0,0.0
495689.0,0,0,0.0
495668.0,0,0,0.0
491001.0,0,0,0.0
491221.0,0,0,0.0
491221.0,0,0,0.0
491221.0,0,0,0.0
491225.0,0,0,0.0
491226.0,0,0,0.0
491226.0,0,0,0.0
491226.0,0,0,0.0
491226.0,0,0,0.0
491226.0,0,0,0.0
491226.0,0,0,0.0
491335.0,0,0,0.0
491335.0,0,0,0.0
491335.0,0,0,0.0
491332.0,0,0,0.0
490021.0,0,0,0.0
491228.0,0,0,0.0
491228.0,0,0,0.0
491228.0,0,0,0.0
491331.0,0,0,0.0
491331.0,0,0,0.0
491331.0,0,0,0.0
491331.0,0,0,0.0
491331.0,0,0,0.0
491771.0,0,0,0.0
491771.0,0,0,0.0
491771.0,0,0,0.0
491771.0,0,0,0.0
491771.0,0,0,0.0
491771.0,0,0,0.0
491771.0,0,0,0.0
491223.0,0,0,0.0
491223.0,0,0,0.0
491223.0,0,0,0.0
491223.0,0,0,0.0
491227.0,0,0,0.0
491227.0,0,0,0.0
491227.0,0,0,0.0
491227.0,0,0,0.0
491227.0,0,0,0.0
491227.0,0,0,0.0
491227.0,0,0,0.0
491338.0,0,0,0.0
491338.0,0,0,0.0
490042.0,0,0,0.0
491340.0,0,0,0.0
491340.0,0,0,0.0
490036.0,0,0,0.0
490036.0,0,0,0.0
491337.0,0,0,0.0
491337.0,0,0,0.0
491111.0,0,0,0.0
491111.0,0,0,0.0
491111.0,0,0,0.0
491993.0,0,0,0.0
491222.0,0,0,0.0
491222.0,0,0,0.0
491222.0,0,0,0.0
491222.0,0,0,0.0
491222.0,0,0,0.0
491107.0,0,0,0.0
491107.0,0,0,0.0
491230.0,0,0,0.0
491441.0,0,0,0.0
491441.0,0,0,0.0
491441.0,0,0,0.0
491441.0,0,0,0.0
491441.0,0,0,0.0
491441.0,0,0,0.0
491441.0,0,0,0.0
491441.0,0,0,0.0
491441.0,0,0,0.0
491441.0,0,0,0.0
491441.0,0,0,0.0
491665.0,0,0,0.0
491665.0,0,0,0.0
491665.0,0,0,0.0
491668.0,0,0,0.0
491668.0,0,0,0.0
491668.0,0,0,0.0
491885.0,0,0,0.0
491885.0,0,0,0.0
491885.0,0,0,0.0
491885.0,0,0,0.0
491885.0,0,0,0.0
491885.0,0,0,0.0
491558.0,0,0,0.0
491558.0,0,0,0.0
491558.0,0,0,0.0
491558.0,0,0,0.0
491558.0,0,0,0.0
491557.0,0,0,0.0
491557.0,0,0,0.0
491557.0,0,0,0.0
491557.0,0,0,0.0
491557.0,0,0,0.0
491557.0,0,0,0.0
491336.0,0,0,0.0
491661.0,0,0,0.0
491661.0,0,0,0.0
491661.0,0,0,0.0
491661.0,0,0,0.0
491445.0,0,0,0.0
491445.0,0,0,0.0
491888.0,0,0,0.0
491888.0,0,0,0.0
491888.0,0,0,0.0
491888.0,0,0,0.0
491888.0,0,0,0.0
491888.0,0,0,0.0
491888.0,0,0,0.0
491888.0,0,0,0.0
491888.0,0,0,0.0
491888.0,0,0,0.0
491444.0,0,0,0.0
491444.0,0,0,0.0
491444.0,0,0,0.0
491995.0,0,0,0.0
491995.0,0,0,0.0
491995.0,0,0,0.0
491995.0,0,0,0.0
491995.0,0,0,0.0
491881.0,0,0,0.0
491881.0,0,0,0.0
491881.0,0,0,0.0
491881.0,0,0,0.0
491881.0,0,0,0.0
491881.0,0,0,0.0
491229.0,0,0,0.0
491229.0,0,0,0.0
491229.0,0,0,0.0
491229.0,0,0,0.0
491229.0,0,0,0.0
491229.0,0,0,0.0
491229.0,0,0,0.0
491229.0,0,0,0.0
491229.0,0,0,0.0
491229.0,0,0,0.0
491666.0,0,0,0.0
491666.0,0,0,0.0
491666.0,0,0,0.0
491559.0,0,0,0.0
491559.0,0,0,0.0
491559.0,0,0,0.0
491559.0,0,0,0.0
491559.0,0,0,0.0
491559.0,0,0,0.0
491559.0,0,0,0.0
491559.0,0,0,0.0
491559.0,0,0,0.0
491559.0,0,0,0.0
491559.0,0,0,0.0
491559.0,0,0,0.0
497335.0,0,0,0.0
497335.0,0,0,0.0
497335.0,0,0,0.0
497119.0,0,0,0.0
497119.0,0,0,0.0
497119.0,0,0,0.0
497101.0,0,0,0.0
497101.0,0,0,0.0
497101.0,0,0,0.0
497231.0,0,0,0.0
497231.0,0,0,0.0
497231.0,0,0,0.0
497231.0,0,0,0.0
497235.0,0,0,0.0
497226.0,0,0,0.0
497449.0,0,0,0.0
497339.0,0,0,0.0
497339.0,0,0,0.0
497778.0,0,0,0.0
497778.0,0,0,0.0
497778.0,0,0,0.0
497224.0,0,0,0.0
497224.0,0,0,0.0
497116.0,0,0,0.0
497442.0,0,0,0.0
497331.0,0,0,0.0
497331.0,0,0,0.0
497331.0,0,0,0.0
497223.0,0,0,0.0
497223.0,0,0,0.0
497223.0,0,0,0.0
497118.0,0,0,0.0
497118.0,0,0,0.0
497118.0,0,0,0.0
497118.0,0,0,0.0
497118.0,0,0,0.0
497118.0,0,0,0.0
497118.0,0,0,0.0
497118.0,0,0,0.0
497118.0,0,0,0.0
497220.0,0,0,0.0
497220.0,0,0,0.0
497220.0,0,0,0.0
497220.0,0,0,0.0
497220.0,0,0,0.0
497220.0,0,0,0.0
497333.0,0,0,0.0
497333.0,0,0,0.0
497111.0,0,0,0.0
497111.0,0,0,0.0
497111.0,0,0,0.0
497111.0,0,0,0.0
497229.0,0,0,0.0
497229.0,0,0,0.0
497229.0,0,0,0.0
497225.0,0,0,0.0
497225.0,0,0,0.0
497225.0,0,0,0.0
497225.0,0,0,0.0
497447.0,0,0,0.0
497117.0,0,0,0.0
496001.0,0,0,0.0
496001.0,0,0,0.0
496001.0,0,0,0.0
496001.0,0,0,0.0
496001.0,0,0,0.0
496001.0,0,0,0.0
496001.0,0,0,0.0
496001.0,0,0,0.0
496224.0,0,0,0.0
496224.0,0,0,0.0
496224.0,0,0,0.0
496551.0,0,0,0.0
496551.0,0,0,0.0
496665.0,0,0,0.0
496665.0,0,0,0.0
496665.0,0,0,0.0
496116.0,0,0,0.0
496116.0,0,0,0.0
496116.0,0,0,0.0
496116.0,0,0,0.0
496116.0,0,0,0.0
496116.0,0,0,0.0
496116.0,0,0,0.0
496116.0,0,0,0.0
496334.0,0,0,0.0
496334.0,0,0,0.0
496334.0,0,0,0.0
496242.0,0,0,0.0
496242.0,0,0,0.0
496111.0,0,0,0.0
496111.0,0,0,0.0
496111.0,0,0,0.0
496111.0,0,0,0.0
496111.0,0,0,0.0
496338.0,0,0,0.0
496338.0,0,0,0.0
496338.0,0,0,0.0
496450.0,0,0,0.0
496450.0,0,0,0.0
496450.0,0,0,0.0
496450.0,0,0,0.0
496450.0,0,0,0.0
496331.0,0,0,0.0
496331.0,0,0,0.0
496005.0,0,0,0.0
496223.0,0,0,0.0
496223.0,0,0,0.0
496223.0,0,0,0.0
496223.0,0,0,0.0
496661.0,0,0,0.0
496661.0,0,0,0.0
496661.0,0,0,0.0
496661.0,0,0,0.0
496661.0,0,0,0.0
496661.0,0,0,0.0
496661.0,0,0,0.0
496661.0,0,0,0.0
496100.0,0,0,0.0
496100.0,0,0,0.0
496225.0,0,0,0.0
496113.0,0,0,0.0
496113.0,0,0,0.0
496113.0,0,0,0.0
496113.0,0,0,0.0
496113.0,0,0,0.0
496113.0,0,0,0.0
496113.0,0,0,0.0
496113.0,0,0,0.0
496245.0,0,0,0.0
496245.0,0,0,0.0
496245.0,0,0,0.0
496220.0,0,0,0.0
496220.0,0,0,0.0
496220.0,0,0,0.0
496220.0,0,0,0.0
496330.0,0,0,0.0
496118.0,0,0,0.0
496118.0,0,0,0.0
496440.0,0,0,0.0
496440.0,0,0,0.0
496440.0,0,0,0.0
496440.0,0,0,0.0
496115.0,0,0,0.0
496336.0,0,0,0.0
496445.0,0,0,0.0
496445.0,0,0,0.0
496445.0,0,0,0.0
496445.0,0,0,0.0
496445.0,0,0,0.0
496445.0,0,0,0.0
496554.0,0,0,0.0
496554.0,0,0,0.0
175008.0,0,0,0.0
175124.0,0,0,0.0
175042.0,0,0,0.0
175023.0,0,0,0.0
175023.0,0,0,0.0
175025.0,0,0,0.0
176090.0,0,0,0.0
176090.0,0,0,0.0
176090.0,0,0,0.0
176090.0,0,0,0.0
175037.0,0,0,0.0
175026.0,0,0,0.0
175027.0,0,0,0.0
175027.0,0,0,0.0
175002.0,0,0,0.0
175045.0,0,0,0.0
175045.0,0,0,0.0
175010.0,0,0,0.0
175029.0,0,0,0.0
175029.0,0,0,0.0
175029.0,0,0,0.0
175031.0,0,0,0.0
175047.0,0,0,0.0
175011.0,0,0,0.0
175011.0,0,0,0.0
175011.0,0,0,0.0
175011.0,0,0,0.0
175018.0,0,0,0.0
175018.0,0,0,0.0
175018.0,0,0,0.0
175018.0,0,0,0.0
175018.0,0,0,0.0
175009.0,0,0,0.0
175048.0,0,0,0.0
172001.0,0,0,0.0
172001.0,0,0,0.0
172001.0,0,0,0.0
172001.0,0,0,0.0
172026.0,0,0,0.0
172026.0,0,0,0.0
172002.0,0,0,0.0
172027.0,0,0,0.0
172025.0,0,0,0.0
172101.0,0,0,0.0
172101.0,0,0,0.0
172101.0,0,0,0.0
172101.0,0,0,0.0
172101.0,0,0,0.0
172201.0,0,0,0.0
172201.0,0,0,0.0
172201.0,0,0,0.0
172024.0,0,0,0.0
172033.0,0,0,0.0
172022.0,0,0,0.0
172102.0,0,0,0.0
172102.0,0,0,0.0
172107.0,0,0,0.0
172115.0,0,0,0.0
172115.0,0,0,0.0
172115.0,0,0,0.0
172105.0,0,0,0.0
172114.0,0,0,0.0
172114.0,0,0,0.0
172114.0,0,0,0.0
172109.0,0,0,0.0
172111.0,0,0,0.0
172111.0,0,0,0.0
172116.0,0,0,0.0
172110.0,0,0,0.0
172110.0,0,0,0.0
172113.0,0,0,0.0
172104.0,0,0,0.0
171003.0,0,0,0.0
171226.0,0,0,0.0
171018.0,0,0,0.0
171220.0,0,0,0.0
171220.0,0,0,0.0
171220.0,0,0,0.0
171220.0,0,0,0.0
171208.0,0,0,0.0
171208.0,0,0,0.0
171211.0,0,0,0.0
171211.0,0,0,0.0
171012.0,0,0,0.0
171012.0,0,0,0.0
171012.0,0,0,0.0
171012.0,0,0,0.0
171103.0,0,0,0.0
171014.0,0,0,0.0
171209.0,0,0,0.0
171206.0,0,0,0.0
171206.0,0,0,0.0
171205.0,0,0,0.0
171205.0,0,0,0.0
171009.0,0,0,0.0
171221.0,0,0,0.0
171202.0,0,0,0.0
171202.0,0,0,0.0
171202.0,0,0,0.0
171217.0,0,0,0.0
171217.0,0,0,0.0
171216.0,0,0,0.0
171216.0,0,0,0.0
171007.0,0,0,0.0
171007.0,0,0,0.0
171212.0,0,0,0.0
171212.0,0,0,0.0
171212.0,0,0,0.0
171213.0,0,0,0.0
171210.0,0,0,0.0
171210.0,0,0,0.0
171210.0,0,0,0.0
171210.0,0,0,0.0
171210.0,0,0,0.0
171207.0,0,0,0.0
171207.0,0,0,0.0
171207.0,0,0,0.0
171222.0,0,0,0.0
171219.0,0,0,0.0
171219.0,0,0,0.0
171005.0,0,0,0.0
171301.0,0,0,0.0
171301.0,0,0,0.0
171201.0,0,0,0.0
171011.0,0,0,0.0
171013.0,0,0,0.0
173001.0,0,0,0.0
173001.0,0,0,0.0
173001.0,0,0,0.0
173001.0,0,0,0.0
173001.0,0,0,0.0
173001.0,0,0,0.0
173022.0,0,0,0.0
173022.0,0,0,0.0
173022.0,0,0,0.0
173022.0,0,0,0.0
173104.0,0,0,0.0
173025.0,0,0,0.0
173025.0,0,0,0.0
173025.0,0,0,0.0
173025.0,0,0,0.0
173101.0,0,0,0.0
173101.0,0,0,0.0
173101.0,0,0,0.0
173101.0,0,0,0.0
173101.0,0,0,0.0
173023.0,0,0,0.0
173023.0,0,0,0.0
173024.0,0,0,0.0
173029.0,0,0,0.0
173029.0,0,0,0.0
173029.0,0,0,0.0
173029.0,0,0,0.0
173027.0,0,0,0.0
173027.0,0,0,0.0
173027.0,0,0,0.0
173032.0,0,0,0.0
173212.0,0,0,0.0
173208.0,0,0,0.0
173205.0,0,0,0.0
173217.0,0,0,0.0
173217.0,0,0,0.0
171102.0,0,0,0.0
171102.0,0,0,0.0
173209.0,0,0,0.0
173221.0,0,0,0.0
173215.0,0,0,0.0
173229.0,0,0,0.0
173229.0,0,0,0.0
173229.0,0,0,0.0
173207.0,0,0,0.0
173207.0,0,0,0.0
173207.0,0,0,0.0
173207.0,0,0,0.0
173223.0,0,0,0.0
173223.0,0,0,0.0
173223.0,0,0,0.0
173223.0,0,0,0.0
173220.0,0,0,0.0
173233.0,0,0,0.0
173233.0,0,0,0.0
174102.0,0,0,0.0
174102.0,0,0,0.0
174102.0,0,0,0.0
174102.0,0,0,0.0
173206.0,0,0,0.0
173206.0,0,0,0.0
173206.0,0,0,0.0
173206.0,0,0,0.0
173234.0,0,0,0.0
173234.0,0,0,0.0
173234.0,0,0,0.0
174303.0,0,0,0.0
174303.0,0,0,0.0
174303.0,0,0,0.0
174303.0,0,0,0.0
174303.0,0,0,0.0
177203.0,0,0,0.0
174307.0,0,0,0.0
177109.0,0,0,0.0
177109.0,0,0,0.0
174316.0,0,0,0.0
177110.0,0,0,0.0
174306.0,0,0,0.0
174302.0,0,0,0.0
176601.0,0,0,0.0
176601.0,0,0,0.0
176601.0,0,0,0.0
176601.0,0,0,0.0
177212.0,0,0,0.0
177220.0,0,0,0.0
177220.0,0,0,0.0
174308.0,0,0,0.0
174315.0,0,0,0.0
174315.0,0,0,0.0
174503.0,0,0,0.0
177209.0,0,0,0.0
174507.0,0,0,0.0
177039.0,0,0,0.0
174321.0,0,0,0.0
174321.0,0,0,0.0
174321.0,0,0,0.0
177211.0,0,0,0.0
193101.0,0,0,0.0
193101.0,0,0,0.0
193502.0,0,0,0.0
193502.0,0,0,0.0
193502.0,0,0,0.0
193303.0,0,0,0.0
193303.0,0,0,0.0
193503.0,0,0,0.0
193503.0,0,0,0.0
193503.0,0,0,0.0
193221.0,0,0,0.0
193221.0,0,0,0.0
193221.0,0,0,0.0
193221.0,0,0,0.0
193221.0,0,0,0.0
193103.0,0,0,0.0
193109.0,0,0,0.0
193108.0,0,0,0.0
193222.0,0,0,0.0
193222.0,0,0,0.0
193222.0,0,0,0.0
193222.0,0,0,0.0
193222.0,0,0,0.0
193222.0,0,0,0.0
193302.0,0,0,0.0
193302.0,0,0,0.0
193302.0,0,0,0.0
193302.0,0,0,0.0
193122.0,0,0,0.0
193122.0,0,0,0.0
193122.0,0,0,0.0
193122.0,0,0,0.0
193122.0,0,0,0.0
193122.0,0,0,0.0
193121.0,0,0,0.0
193121.0,0,0,0.0
193121.0,0,0,0.0
193223.0,0,0,0.0
193501.0,0,0,0.0
193501.0,0,0,0.0
193501.0,0,0,0.0
193501.0,0,0,0.0
193201.0,0,0,0.0
193201.0,0,0,0.0
193201.0,0,0,0.0
193224.0,0,0,0.0
193224.0,0,0,0.0
193224.0,0,0,0.0
193505.0,0,0,0.0
193123.0,0,0,0.0
181131.0,0,0,0.0
181131.0,0,0,0.0
181131.0,0,0,0.0
181132.0,0,0,0.0
181132.0,0,0,0.0
181143.0,0,0,0.0
181101.0,0,0,0.0
181101.0,0,0,0.0
181102.0,0,0,0.0
181102.0,0,0,0.0
181102.0,0,0,0.0
181102.0,0,0,0.0
181141.0,0,0,0.0
180011.0,0,0,0.0
184121.0,0,0,0.0
184121.0,0,0,0.0
184121.0,0,0,0.0
184121.0,0,0,0.0
184121.0,0,0,0.0
184120.0,0,0,0.0
181201.0,0,0,0.0
181201.0,0,0,0.0
181123.0,0,0,0.0
181224.0,0,0,0.0
181224.0,0,0,0.0
181206.0,0,0,0.0
181206.0,0,0,0.0
181202.0,0,0,0.0
181202.0,0,0,0.0
181221.0,0,0,0.0
181221.0,0,0,0.0
180017.0,0,0,0.0
180017.0,0,0,0.0
181121.0,0,0,0.0
180002.0,0,0,0.0
184206.0,0,0,0.0
184206.0,0,0,0.0
184206.0,0,0,0.0
184143.0,0,0,0.0
184201.0,0,0,0.0
184201.0,0,0,0.0
184203.0,0,0,0.0
184203.0,0,0,0.0
184203.0,0,0,0.0
184203.0,0,0,0.0
184204.0,0,0,0.0
184204.0,0,0,0.0
184204.0,0,0,0.0
184144.0,0,0,0.0
184141.0,0,0,0.0
184141.0,0,0,0.0
184142.0,0,0,0.0
184102.0,0,0,0.0
184102.0,0,0,0.0
184102.0,0,0,0.0
184152.0,0,0,0.0
184152.0,0,0,0.0
184104.0,0,0,0.0
184104.0,0,0,0.0
184151.0,0,0,0.0
184205.0,0,0,0.0
184148.0,0,0,0.0
184210.0,0,0,0.0
194104.0,0,0,0.0
194103.0,0,0,0.0
194104.0,0,0,0.0
194103.0,0,0,0.0
194103.0,0,0,0.0
194106.0,0,0,0.0
194106.0,0,0,0.0
194106.0,0,0,0.0
194107.0,0,0,0.0
194106.0,0,0,0.0
194303.0,0,0,0.0
194201.0,0,0,0.0
194201.0,0,0,0.0
185131.0,0,0,0.0
185131.0,0,0,0.0
185155.0,0,0,0.0
185155.0,0,0,0.0
185155.0,0,0,0.0
185155.0,0,0,0.0
185233.0,0,0,0.0
185233.0,0,0,0.0
185211.0,0,0,0.0
185211.0,0,0,0.0
185211.0,0,0,0.0
185211.0,0,0,0.0
185234.0,0,0,0.0
185132.0,0,0,0.0
185202.0,0,0,0.0
185202.0,0,0,0.0
185202.0,0,0,0.0
185156.0,0,0,0.0
185102.0,0,0,0.0
185102.0,0,0,0.0
185151.0,0,0,0.0
185151.0,0,0,0.0
185151.0,0,0,0.0
185151.0,0,0,0.0
185151.0,0,0,0.0
185151.0,0,0,0.0
185101.0,0,0,0.0
185121.0,0,0,0.0
185121.0,0,0,0.0
185121.0,0,0,0.0
185121.0,0,0,0.0
185121.0,0,0,0.0
185121.0,0,0,0.0
185121.0,0,0,0.0
185201.0,0,0,0.0
185212.0,0,0,0.0
185133.0,0,0,0.0
192201.0,0,0,0.0
192201.0,0,0,0.0
192201.0,0,0,0.0
192305.0,0,0,0.0
192305.0,0,0,0.0
192122.0,0,0,0.0
192124.0,0,0,0.0
192124.0,0,0,0.0
192124.0,0,0,0.0
192124.0,0,0,0.0
192233.0,0,0,0.0
192233.0,0,0,0.0
192233.0,0,0,0.0
192210.0,0,0,0.0
192211.0,0,0,0.0
192210.0,0,0,0.0
192211.0,0,0,0.0
193306.0,0,0,0.0
193306.0,0,0,0.0
192304.0,0,0,0.0
192231.0,0,0,0.0
192231.0,0,0,0.0
192231.0,0,0,0.0
192231.0,0,0,0.0
192231.0,0,0,0.0
192125.0,0,0,0.0
192126.0,0,0,0.0
192301.0,0,0,0.0
192301.0,0,0,0.0
192301.0,0,0,0.0
192301.0,0,0,0.0
192301.0,0,0,0.0
192221.0,0,0,0.0
192221.0,0,0,0.0
192221.0,0,0,0.0
192129.0,0,0,0.0
192303.0,0,0,0.0
192303.0,0,0,0.0
192401.0,0,0,0.0
192401.0,0,0,0.0
192401.0,0,0,0.0
192401.0,0,0,0.0
192123.0,0,0,0.0
192123.0,0,0,0.0
192123.0,0,0,0.0
192123.0,0,0,0.0
192212.0,0,0,0.0
192232.0,0,0,0.0
193411.0,0,0,0.0
193411.0,0,0,0.0
193411.0,0,0,0.0
193411.0,0,0,0.0
193411.0,0,0,0.0
191121.0,0,0,0.0
191113.0,0,0,0.0
191113.0,0,0,0.0
191113.0,0,0,0.0
191113.0,0,0,0.0
191201.0,0,0,0.0
191201.0,0,0,0.0
191202.0,0,0,0.0
191202.0,0,0,0.0
190006.0,0,0,0.0
190006.0,0,0,0.0
190006.0,0,0,0.0
193401.0,0,0,0.0
193401.0,0,0,0.0
192121.0,0,0,0.0
190017.0,0,0,0.0
191131.0,0,0,0.0
191131.0,0,0,0.0
191131.0,0,0,0.0
193404.0,0,0,0.0
193404.0,0,0,0.0
182101.0,0,0,0.0
182101.0,0,0,0.0
182313.0,0,0,0.0
182313.0,0,0,0.0
182313.0,0,0,0.0
182313.0,0,0,0.0
182146.0,0,0,0.0
182146.0,0,0,0.0
182222.0,0,0,0.0
182148.0,0,0,0.0
182141.0,0,0,0.0
182141.0,0,0,0.0
182141.0,0,0,0.0
182202.0,0,0,0.0
182202.0,0,0,0.0
182121.0,0,0,0.0
182121.0,0,0,0.0
182121.0,0,0,0.0
182124.0,0,0,0.0
182147.0,0,0,0.0
182201.0,0,0,0.0
182201.0,0,0,0.0
182201.0,0,0,0.0
182201.0,0,0,0.0
182201.0,0,0,0.0
182201.0,0,0,0.0
182204.0,0,0,0.0
182204.0,0,0,0.0
182139.0,0,0,0.0
182315.0,0,0,0.0
182127.0,0,0,0.0
182128.0,0,0,0.0
182128.0,0,0,0.0
182161.0,0,0,0.0
182125.0,0,0,0.0
182125.0,0,0,0.0
182125.0,0,0,0.0
182205.0,0,0,0.0
182205.0,0,0,0.0
182205.0,0,0,0.0
185203.0,0,0,0.0
185203.0,0,0,0.0
185203.0,0,0,0.0
185203.0,0,0,0.0
182122.0,0,0,0.0
182122.0,0,0,0.0
182122.0,0,0,0.0
182122.0,0,0,0.0
182145.0,0,0,0.0
182145.0,0,0,0.0
182311.0,0,0,0.0
182311.0,0,0,0.0
182311.0,0,0,0.0
182311.0,0,0,0.0
182311.0,0,0,0.0
182126.0,0,0,0.0
182126.0,0,0,0.0
182203.0,0,0,0.0
182203.0,0,0,0.0
182203.0,0,0,0.0
182221.0,0,0,0.0
827010.0,0,0,0.0
827010.0,0,0,0.0
827010.0,0,0,0.0
828134.0,0,0,0.0
828134.0,0,0,0.0
828134.0,0,0,0.0
828134.0,0,0,0.0
828134.0,0,0,0.0
828134.0,0,0,0.0
827013.0,0,0,0.0
827013.0,0,0,0.0
827013.0,0,0,0.0
827302.0,0,0,0.0
827302.0,0,0,0.0
827302.0,0,0,0.0
827302.0,0,0,0.0
828114.0,0,0,0.0
828306.0,0,0,0.0
828306.0,0,0,0.0
828125.0,0,0,0.0
828201.0,0,0,0.0
828101.0,0,0,0.0
828301.0,0,0,0.0
828301.0,0,0,0.0
828109.0,0,0,0.0
828109.0,0,0,0.0
828109.0,0,0,0.0
828109.0,0,0,0.0
828109.0,0,0,0.0
828142.0,0,0,0.0
828109.0,0,0,0.0
828142.0,0,0,0.0
828111.0,0,0,0.0
826006.0,0,0,0.0
826006.0,0,0,0.0
828115.0,0,0,0.0
828116.0,0,0,0.0
828116.0,0,0,0.0
828305.0,0,0,0.0
828305.0,0,0,0.0
828204.0,0,0,0.0
828204.0,0,0,0.0
828205.0,0,0,0.0
828205.0,0,0,0.0
825322.0,0,0,0.0
825322.0,0,0,0.0
825322.0,0,0,0.0
825322.0,0,0,0.0
825322.0,0,0,0.0
825322.0,0,0,0.0
815312.0,0,0,0.0
815312.0,0,0,0.0
815312.0,0,0,0.0
815312.0,0,0,0.0
829104.0,0,0,0.0
828403.0,0,0,0.0
825102.0,0,0,0.0
825106.0,0,0,0.0
825106.0,0,0,0.0
815313.0,0,0,0.0
815313.0,0,0,0.0
815313.0,0,0,0.0
815313.0,0,0,0.0
829111.0,0,0,0.0
825167.0,0,0,0.0
815318.0,0,0,0.0
815318.0,0,0,0.0
829113.0,0,0,0.0
815314.0,0,0,0.0
815314.0,0,0,0.0
815315.0,0,0,0.0
815315.0,0,0,0.0
815316.0,0,0,0.0
825324.0,0,0,0.0
825324.0,0,0,0.0
825324.0,0,0,0.0
825324.0,0,0,0.0
829121.0,0,0,0.0
829121.0,0,0,0.0
829121.0,0,0,0.0
829121.0,0,0,0.0
829144.0,0,0,0.0
829144.0,0,0,0.0
829144.0,0,0,0.0
825108.0,0,0,0.0
825108.0,0,0,0.0
825412.0,0,0,0.0
825412.0,0,0,0.0
825412.0,0,0,0.0
825412.0,0,0,0.0
825412.0,0,0,0.0
825412.0,0,0,0.0
364515.0,0,0,0.0
365480.0,0,0,0.0
365480.0,0,0,0.0
365480.0,0,0,0.0
365480.0,0,0,0.0
365456.0,0,0,0.0
365456.0,0,0,0.0
364525.0,0,0,0.0
364530.0,0,0,0.0
364530.0,0,0,0.0
364210.0,0,0,0.0
364295.0,0,0,0.0
364295.0,0,0,0.0
364050.0,0,0,0.0
364050.0,0,0,0.0
364050.0,0,0,0.0
364004.0,0,0,0.0
364002.0,0,0,0.0
364710.0,0,0,0.0
364710.0,0,0,0.0
364710.0,0,0,0.0
364710.0,0,0,0.0
364710.0,0,0,0.0
364130.0,0,0,0.0
364130.0,0,0,0.0
364730.0,0,0,0.0
364730.0,0,0,0.0
364740.0,0,0,0.0
364740.0,0,0,0.0
364320.0,0,0,0.0
364320.0,0,0,0.0
364320.0,0,0,0.0
364750.0,0,0,0.0
364750.0,0,0,0.0
364750.0,0,0,0.0
364750.0,0,0,0.0
364505.0,0,0,0.0
364505.0,0,0,0.0
364265.0,0,0,0.0
364265.0,0,0,0.0
364265.0,0,0,0.0
364510.0,0,0,0.0
364510.0,0,0,0.0
364070.0,0,0,0.0
364070.0,0,0,0.0
364290.0,0,0,0.0
364280.0,0,0,0.0
364760.0,0,0,0.0
364760.0,0,0,0.0
364270.0,0,0,0.0
364270.0,0,0,0.0
364720.0,0,0,0.0
364275.0,0,0,0.0
364275.0,0,0,0.0
364230.0,0,0,0.0
364240.0,0,0,0.0
364240.0,0,0,0.0
364140.0,0,0,0.0
364140.0,0,0,0.0
364140.0,0,0,0.0
364140.0,0,0,0.0
364260.0,0,0,0.0
364120.0,0,0,0.0
364120.0,0,0,0.0
364145.0,0,0,0.0
364145.0,0,0,0.0
364145.0,0,0,0.0
364145.0,0,0,0.0
364150.0,0,0,0.0
364150.0,0,0,0.0
364765.0,0,0,0.0
364765.0,0,0,0.0
364765.0,0,0,0.0
364310.0,0,0,0.0
360311.0,0,0,0.0
360311.0,0,0,0.0
360311.0,0,0,0.0
360311.0,0,0,0.0
360311.0,0,0,0.0
360311.0,0,0,0.0
360311.0,0,0,0.0
360311.0,0,0,0.0
360485.0,0,0,0.0
360485.0,0,0,0.0
360040.0,0,0,0.0
360410.0,0,0,0.0
360410.0,0,0,0.0
360410.0,0,0,0.0
360410.0,0,0,0.0
360410.0,0,0,0.0
360320.0,0,0,0.0
360050.0,0,0,0.0
360050.0,0,0,0.0
360050.0,0,0,0.0
360360.0,0,0,0.0
360360.0,0,0,0.0
360370.0,0,0,0.0
360370.0,0,0,0.0
360370.0,0,0,0.0
360370.0,0,0,0.0
360370.0,0,0,0.0
360470.0,0,0,0.0
360470.0,0,0,0.0
360070.0,0,0,0.0
360421.0,0,0,0.0
360330.0,0,0,0.0
360330.0,0,0,0.0
360330.0,0,0,0.0
360330.0,0,0,0.0
360440.0,0,0,0.0
360440.0,0,0,0.0
360490.0,0,0,0.0
360490.0,0,0,0.0
360490.0,0,0,0.0
360490.0,0,0,0.0
360490.0,0,0,0.0
360490.0,0,0,0.0
360490.0,0,0,0.0
360490.0,0,0,0.0
360490.0,0,0,0.0
360490.0,0,0,0.0
360045.0,0,0,0.0
360055.0,0,0,0.0
363655.0,0,0,0.0
363655.0,0,0,0.0
363655.0,0,0,0.0
363655.0,0,0,0.0
361230.0,0,0,0.0
361240.0,0,0,0.0
361306.0,0,0,0.0
361306.0,0,0,0.0
361306.0,0,0,0.0
361306.0,0,0,0.0
361306.0,0,0,0.0
360510.0,0,0,0.0
360510.0,0,0,0.0
360510.0,0,0,0.0
361315.0,0,0,0.0
361315.0,0,0,0.0
361012.0,0,0,0.0
361012.0,0,0,0.0
360520.0,0,0,0.0
360520.0,0,0,0.0
361210.0,0,0,0.0
361210.0,0,0,0.0
361120.0,0,0,0.0
361335.0,0,0,0.0
361335.0,0,0,0.0
361335.0,0,0,0.0
361011.0,0,0,0.0
360530.0,0,0,0.0
361320.0,0,0,0.0
361130.0,0,0,0.0
361130.0,0,0,0.0
361130.0,0,0,0.0
361130.0,0,0,0.0
361250.0,0,0,0.0
361250.0,0,0,0.0
361160.0,0,0,0.0
361160.0,0,0,0.0
361160.0,0,0,0.0
361160.0,0,0,0.0
361280.0,0,0,0.0
361305.0,0,0,0.0
361013.0,0,0,0.0
361013.0,0,0,0.0
360540.0,0,0,0.0
360540.0,0,0,0.0
360540.0,0,0,0.0
361006.0,0,0,0.0
361006.0,0,0,0.0
361170.0,0,0,0.0
361170.0,0,0,0.0
361220.0,0,0,0.0
361345.0,0,0,0.0
361310.0,0,0,0.0
361310.0,0,0,0.0
361010.0,0,0,0.0
360531.0,0,0,0.0
360515.0,0,0,0.0
360515.0,0,0,0.0
360515.0,0,0,0.0
360515.0,0,0,0.0
360515.0,0,0,0.0
362222.0,0,0,0.0
362222.0,0,0,0.0
362222.0,0,0,0.0
362222.0,0,0,0.0
362140.0,0,0,0.0
362140.0,0,0,0.0
362140.0,0,0,0.0
362263.0,0,0,0.0
362263.0,0,0,0.0
362020.0,0,0,0.0
362020.0,0,0,0.0
362020.0,0,0,0.0
362020.0,0,0,0.0
362250.0,0,0,0.0
362510.0,0,0,0.0
362565.0,0,0,0.0
362710.0,0,0,0.0
362530.0,0,0,0.0
362530.0,0,0,0.0
362530.0,0,0,0.0
362002.0,0,0,0.0
362220.0,0,0,0.0
362220.0,0,0,0.0
362220.0,0,0,0.0
362220.0,0,0,0.0
362220.0,0,0,0.0
362227.0,0,0,0.0
362720.0,0,0,0.0
362720.0,0,0,0.0
362720.0,0,0,0.0
362720.0,0,0,0.0
362720.0,0,0,0.0
362720.0,0,0,0.0
362215.0,0,0,0.0
362215.0,0,0,0.0
362245.0,0,0,0.0
362245.0,0,0,0.0
362245.0,0,0,0.0
362245.0,0,0,0.0
362245.0,0,0,0.0
362260.0,0,0,0.0
362260.0,0,0,0.0
362260.0,0,0,0.0
362260.0,0,0,0.0
362268.0,0,0,0.0
362268.0,0,0,0.0
362268.0,0,0,0.0
362268.0,0,0,0.0
362268.0,0,0,0.0
362030.0,0,0,0.0
362120.0,0,0,0.0
362120.0,0,0,0.0
362120.0,0,0,0.0
362255.0,0,0,0.0
362255.0,0,0,0.0
362255.0,0,0,0.0
362275.0,0,0,0.0
362275.0,0,0,0.0
362275.0,0,0,0.0
362150.0,0,0,0.0
362150.0,0,0,0.0
362150.0,0,0,0.0
362150.0,0,0,0.0
362150.0,0,0,0.0
362150.0,0,0,0.0
362150.0,0,0,0.0
362150.0,0,0,0.0
362560.0,0,0,0.0
362560.0,0,0,0.0
362560.0,0,0,0.0
362560.0,0,0,0.0
362560.0,0,0,0.0
362560.0,0,0,0.0
362560.0,0,0,0.0
362560.0,0,0,0.0
362610.0,0,0,0.0
362610.0,0,0,0.0
362610.0,0,0,0.0
362130.0,0,0,0.0
362130.0,0,0,0.0
362130.0,0,0,0.0
362130.0,0,0,0.0
370001.0,0,0,0.0
370001.0,0,0,0.0
370001.0,0,0,0.0
370001.0,0,0,0.0
370001.0,0,0,0.0
370001.0,0,0,0.0
370001.0,0,0,0.0
370155.0,0,0,0.0
370155.0,0,0,0.0
370135.0,0,0,0.0
370205.0,0,0,0.0
370205.0,0,0,0.0
370205.0,0,0,0.0
370110.0,0,0,0.0
370110.0,0,0,0.0
370427.0,0,0,0.0
370140.0,0,0,0.0
370140.0,0,0,0.0
370140.0,0,0,0.0
370140.0,0,0,0.0
370140.0,0,0,0.0
370140.0,0,0,0.0
370160.0,0,0,0.0
370405.0,0,0,0.0
370405.0,0,0,0.0
370435.0,0,0,0.0
370435.0,0,0,0.0
370485.0,0,0,0.0
370485.0,0,0,0.0
370485.0,0,0,0.0
370485.0,0,0,0.0
370485.0,0,0,0.0
370630.0,0,0,0.0
370490.0,0,0,0.0
370490.0,0,0,0.0
370490.0,0,0,0.0
370445.0,0,0,0.0
370445.0,0,0,0.0
370445.0,0,0,0.0
370627.0,0,0,0.0
370450.0,0,0,0.0
370450.0,0,0,0.0
370450.0,0,0,0.0
370450.0,0,0,0.0
370201.0,0,0,0.0
370410.0,0,0,0.0
370410.0,0,0,0.0
370465.0,0,0,0.0
370465.0,0,0,0.0
370465.0,0,0,0.0
370465.0,0,0,0.0
370465.0,0,0,0.0
370415.0,0,0,0.0
370415.0,0,0,0.0
370430.0,0,0,0.0
370510.0,0,0,0.0
370510.0,0,0,0.0
370510.0,0,0,0.0
370130.0,0,0,0.0
370130.0,0,0,0.0
370130.0,0,0,0.0
370670.0,0,0,0.0
370605.0,0,0,0.0
370105.0,0,0,0.0
370105.0,0,0,0.0
370105.0,0,0,0.0
370145.0,0,0,0.0
370020.0,0,0,0.0
370020.0,0,0,0.0
370020.0,0,0,0.0
370610.0,0,0,0.0
370030.0,0,0,0.0
370030.0,0,0,0.0
370030.0,0,0,0.0
370030.0,0,0,0.0
370650.0,0,0,0.0
370650.0,0,0,0.0
370650.0,0,0,0.0
370421.0,0,0,0.0
370615.0,0,0,0.0
370655.0,0,0,0.0
370655.0,0,0,0.0
370655.0,0,0,0.0
370655.0,0,0,0.0
370620.0,0,0,0.0
370165.0,0,0,0.0
370165.0,0,0,0.0
370165.0,0,0,0.0
370625.0,0,0,0.0
370655.0,0,0,0.0
370601.0,0,0,0.0
370040.0,0,0,0.0
370040.0,0,0,0.0
370660.0,0,0,0.0
370665.0,0,0,0.0
370665.0,0,0,0.0
370675.0,0,0,0.0
370675.0,0,0,0.0
370115.0,0,0,0.0
370115.0,0,0,0.0
370115.0,0,0,0.0
370115.0,0,0,0.0
360590.0,0,0,0.0
360590.0,0,0,0.0
360590.0,0,0,0.0
362620.0,0,0,0.0
362620.0,0,0,0.0
362620.0,0,0,0.0
362620.0,0,0,0.0
362620.0,0,0,0.0
360579.0,0,0,0.0
360579.0,0,0,0.0
360579.0,0,0,0.0
362650.0,0,0,0.0
362650.0,0,0,0.0
362650.0,0,0,0.0
362225.0,0,0,0.0
362625.0,0,0,0.0
362625.0,0,0,0.0
360576.0,0,0,0.0
360576.0,0,0,0.0
362640.0,0,0,0.0
362240.0,0,0,0.0
362240.0,0,0,0.0
362240.0,0,0,0.0
362240.0,0,0,0.0
363660.0,0,0,0.0
363660.0,0,0,0.0
363660.0,0,0,0.0
363660.0,0,0,0.0
363630.0,0,0,0.0
363630.0,0,0,0.0
360020.0,0,0,0.0
360020.0,0,0,0.0
360022.0,0,0,0.0
360023.0,0,0,0.0
360023.0,0,0,0.0
363670.0,0,0,0.0
363641.0,0,0,0.0
363641.0,0,0,0.0
363641.0,0,0,0.0
363641.0,0,0,0.0
363641.0,0,0,0.0
363641.0,0,0,0.0
363641.0,0,0,0.0
363641.0,0,0,0.0
363641.0,0,0,0.0
363642.0,0,0,0.0
360110.0,0,0,0.0
360110.0,0,0,0.0
360110.0,0,0,0.0
360003.0,0,0,0.0
360003.0,0,0,0.0
360003.0,0,0,0.0
360021.0,0,0,0.0
360021.0,0,0,0.0
360004.0,0,0,0.0
360004.0,0,0,0.0
360005.0,0,0,0.0
360025.0,0,0,0.0
360025.0,0,0,0.0
363650.0,0,0,0.0
363650.0,0,0,0.0
360060.0,0,0,0.0
363621.0,0,0,0.0
363621.0,0,0,0.0
363621.0,0,0,0.0
363621.0,0,0,0.0
363621.0,0,0,0.0
363621.0,0,0,0.0
363745.0,0,0,0.0
363410.0,0,0,0.0
363520.0,0,0,0.0
363520.0,0,0,0.0
363410.0,0,0,0.0
363410.0,0,0,0.0
363410.0,0,0,0.0
363410.0,0,0,0.0
363115.0,0,0,0.0
363310.0,0,0,0.0
363310.0,0,0,0.0
363310.0,0,0,0.0
363310.0,0,0,0.0
363310.0,0,0,0.0
363040.0,0,0,0.0
363040.0,0,0,0.0
363423.0,0,0,0.0
363423.0,0,0,0.0
363423.0,0,0,0.0
363330.0,0,0,0.0
363330.0,0,0,0.0
363330.0,0,0,0.0
363775.0,0,0,0.0
363775.0,0,0,0.0
363775.0,0,0,0.0
363421.0,0,0,0.0
363421.0,0,0,0.0
363421.0,0,0,0.0
363351.0,0,0,0.0
363510.0,0,0,0.0
363765.0,0,0,0.0
363765.0,0,0,0.0
363765.0,0,0,0.0
363320.0,0,0,0.0
363320.0,0,0,0.0
363435.0,0,0,0.0
363435.0,0,0,0.0
363430.0,0,0,0.0
363427.0,0,0,0.0
363440.0,0,0,0.0
363440.0,0,0,0.0
363530.0,0,0,0.0
363530.0,0,0,0.0
363030.0,0,0,0.0
363030.0,0,0,0.0
363030.0,0,0,0.0
388520.0,0,0,0.0
388530.0,0,0,0.0
388530.0,0,0,0.0
388205.0,0,0,0.0
388260.0,0,0,0.0
388260.0,0,0,0.0
388320.0,0,0,0.0
388225.0,0,0,0.0
388225.0,0,0,0.0
388225.0,0,0,0.0
388235.0,0,0,0.0
388345.0,0,0,0.0
388350.0,0,0,0.0
388210.0,0,0,0.0
388210.0,0,0,0.0
388360.0,0,0,0.0
388360.0,0,0,0.0
388365.0,0,0,0.0
388245.0,0,0,0.0
388245.0,0,0,0.0
388220.0,0,0,0.0
388220.0,0,0,0.0
388255.0,0,0,0.0
388306.0,0,0,0.0
394710.0,0,0,0.0
394710.0,0,0,0.0
396510.0,0,0,0.0
394140.0,0,0,0.0
394630.0,0,0,0.0
394630.0,0,0,0.0
394305.0,0,0,0.0
394635.0,0,0,0.0
394635.0,0,0,0.0
394635.0,0,0,0.0
394670.0,0,0,0.0
394670.0,0,0,0.0
394670.0,0,0,0.0
394633.0,0,0,0.0
394633.0,0,0,0.0
394310.0,0,0,0.0
394310.0,0,0,0.0
394163.0,0,0,0.0
394163.0,0,0,0.0
394163.0,0,0,0.0
394163.0,0,0,0.0
394163.0,0,0,0.0
394335.0,0,0,0.0
394335.0,0,0,0.0
394335.0,0,0,0.0
394651.0,0,0,0.0
394180.0,0,0,0.0
394655.0,0,0,0.0
394655.0,0,0,0.0
394655.0,0,0,0.0
394240.0,0,0,0.0
394380.0,0,0,0.0
394380.0,0,0,0.0
394380.0,0,0,0.0
394340.0,0,0,0.0
394250.0,0,0,0.0
394160.0,0,0,0.0
394160.0,0,0,0.0
394160.0,0,0,0.0
394160.0,0,0,0.0
394370.0,0,0,0.0
394370.0,0,0,0.0
394370.0,0,0,0.0
394330.0,0,0,0.0
394315.0,0,0,0.0
394715.0,0,0,0.0
394670.0,0,0,0.0
394670.0,0,0,0.0
394670.0,0,0,0.0
394670.0,0,0,0.0
394670.0,0,0,0.0
394350.0,0,0,0.0
394350.0,0,0,0.0
394350.0,0,0,0.0
394716.0,0,0,0.0
394716.0,0,0,0.0
394716.0,0,0,0.0
394246.0,0,0,0.0
394246.0,0,0,0.0
394375.0,0,0,0.0
394375.0,0,0,0.0
394375.0,0,0,0.0
394680.0,0,0,0.0
394640.0,0,0,0.0
394248.0,0,0,0.0
394248.0,0,0,0.0
394620.0,0,0,0.0
394355.0,0,0,0.0
394185.0,0,0,0.0
394641.0,0,0,0.0
394650.0,0,0,0.0
394650.0,0,0,0.0
394730.0,0,0,0.0
394730.0,0,0,0.0
394730.0,0,0,0.0
394652.0,0,0,0.0
393041.0,0,0,0.0
393041.0,0,0,0.0
393041.0,0,0,0.0
393041.0,0,0,0.0
393041.0,0,0,0.0
392110.0,0,0,0.0
392110.0,0,0,0.0
393001.0,0,0,0.0
393001.0,0,0,0.0
393001.0,0,0,0.0
393105.0,0,0,0.0
392130.0,0,0,0.0
392130.0,0,0,0.0
392130.0,0,0,0.0
392130.0,0,0,0.0
392130.0,0,0,0.0
585312.0,0,0,0.0
585312.0,0,0,0.0
585313.0,0,0,0.0
585313.0,0,0,0.0
585314.0,0,0,0.0
585316.0,0,0,0.0
585217.0,0,0,0.0
585236.0,0,0,0.0
585322.0,0,0,0.0
585322.0,0,0,0.0
585228.0,0,0,0.0
585228.0,0,0,0.0
585228.0,0,0,0.0
585228.0,0,0,0.0
585228.0,0,0,0.0
585213.0,0,0,0.0
585213.0,0,0,0.0
585325.0,0,0,0.0
585304.0,0,0,0.0
585211.0,0,0,0.0
585211.0,0,0,0.0
585309.0,0,0,0.0
585309.0,0,0,0.0
585214.0,0,0,0.0
585214.0,0,0,0.0
585215.0,0,0,0.0
585216.0,0,0,0.0
585216.0,0,0,0.0
585216.0,0,0,0.0
585216.0,0,0,0.0
585237.0,0,0,0.0
585224.0,0,0,0.0
585290.0,0,0,0.0
585224.0,0,0,0.0
585290.0,0,0,0.0
585210.0,0,0,0.0
585315.0,0,0,0.0
585315.0,0,0,0.0
585317.0,0,0,0.0
585317.0,0,0,0.0
585317.0,0,0,0.0
585317.0,0,0,0.0
585317.0,0,0,0.0
585318.0,0,0,0.0
585318.0,0,0,0.0
585318.0,0,0,0.0
585320.0,0,0,0.0
585291.0,0,0,0.0
585321.0,0,0,0.0
585321.0,0,0,0.0
585321.0,0,0,0.0
585321.0,0,0,0.0
585323.0,0,0,0.0
585221.0,0,0,0.0
585221.0,0,0,0.0
585221.0,0,0,0.0
585221.0,0,0,0.0
585222.0,0,0,0.0
585222.0,0,0,0.0
585222.0,0,0,0.0
585222.0,0,0,0.0
585223.0,0,0,0.0
585223.0,0,0,0.0
585225.0,0,0,0.0
585225.0,0,0,0.0
585202.0,0,0,0.0
581110.0,0,0,0.0
581110.0,0,0,0.0
581101.0,0,0,0.0
581128.0,0,0,0.0
581102.0,0,0,0.0
581102.0,0,0,0.0
581202.0,0,0,0.0
581203.0,0,0,0.0
581203.0,0,0,0.0
581145.0,0,0,0.0
581193.0,0,0,0.0
581108.0,0,0,0.0
581123.0,0,0,0.0
581104.0,0,0,0.0
581104.0,0,0,0.0
581104.0,0,0,0.0
581104.0,0,0,0.0
581111.0,0,0,0.0
581126.0,0,0,0.0
581112.0,0,0,0.0
581123.0,0,0,0.0
581210.0,0,0,0.0
581210.0,0,0,0.0
581115.0,0,0,0.0
581115.0,0,0,0.0
581115.0,0,0,0.0
581115.0,0,0,0.0
581116.0,0,0,0.0
581116.0,0,0,0.0
581118.0,0,0,0.0
581118.0,0,0,0.0
581118.0,0,0,0.0
581237.0,0,0,0.0
581118.0,0,0,0.0
581205.0,0,0,0.0
581205.0,0,0,0.0
581205.0,0,0,0.0
581120.0,0,0,0.0
581120.0,0,0,0.0
581120.0,0,0,0.0
581119.0,0,0,0.0
577516.0,0,0,0.0
581360.0,0,0,0.0
581317.0,0,0,0.0
581316.0,0,0,0.0
581321.0,0,0,0.0
581306.0,0,0,0.0
581306.0,0,0,0.0
581339.0,0,0,0.0
581400.0,0,0,0.0
581400.0,0,0,0.0
581302.0,0,0,0.0
581345.0,0,0,0.0
581320.0,0,0,0.0
581320.0,0,0,0.0
581323.0,0,0,0.0
581384.0,0,0,0.0
581384.0,0,0,0.0
581351.0,0,0,0.0
581351.0,0,0,0.0
581351.0,0,0,0.0
581327.0,0,0,0.0
581333.0,0,0,0.0
581333.0,0,0,0.0
581333.0,0,0,0.0
581334.0,0,0,0.0
581334.0,0,0,0.0
581335.0,0,0,0.0
581335.0,0,0,0.0
581335.0,0,0,0.0
581338.0,0,0,0.0
581338.0,0,0,0.0
581338.0,0,0,0.0
581341.0,0,0,0.0
581362.0,0,0,0.0
581362.0,0,0,0.0
581343.0,0,0,0.0
581343.0,0,0,0.0
581344.0,0,0,0.0
581348.0,0,0,0.0
581440.0,0,0,0.0
584167.0,0,0,0.0
584113.0,0,0,0.0
584113.0,0,0,0.0
584113.0,0,0,0.0
584113.0,0,0,0.0
584140.0,0,0,0.0
584140.0,0,0,0.0
584139.0,0,0,0.0
584139.0,0,0,0.0
584115.0,0,0,0.0
584116.0,0,0,0.0
584143.0,0,0,0.0
584120.0,0,0,0.0
584120.0,0,0,0.0
584120.0,0,0,0.0
584203.0,0,0,0.0
584203.0,0,0,0.0
584122.0,0,0,0.0
584122.0,0,0,0.0
584122.0,0,0,0.0
584123.0,0,0,0.0
584124.0,0,0,0.0
584124.0,0,0,0.0
584202.0,0,0,0.0
584126.0,0,0,0.0
584125.0,0,0,0.0
584125.0,0,0,0.0
584125.0,0,0,0.0
584125.0,0,0,0.0
584125.0,0,0,0.0
584125.0,0,0,0.0
584103.0,0,0,0.0
584127.0,0,0,0.0
584128.0,0,0,0.0
584128.0,0,0,0.0
584128.0,0,0,0.0
584128.0,0,0,0.0
584128.0,0,0,0.0
584128.0,0,0,0.0
584128.0,0,0,0.0
584128.0,0,0,0.0
584129.0,0,0,0.0
584129.0,0,0,0.0
584129.0,0,0,0.0
584132.0,0,0,0.0
584132.0,0,0,0.0
584135.0,0,0,0.0
584135.0,0,0,0.0
584134.0,0,0,0.0
584134.0,0,0,0.0
584133.0,0,0,0.0
581402.0,0,0,0.0
577101.0,0,0,0.0
577101.0,0,0,0.0
577101.0,0,0,0.0
577111.0,0,0,0.0
577111.0,0,0,0.0
577116.0,0,0,0.0
577180.0,0,0,0.0
577121.0,0,0,0.0
577122.0,0,0,0.0
577122.0,0,0,0.0
577122.0,0,0,0.0
577102.0,0,0,0.0
577102.0,0,0,0.0
577548.0,0,0,0.0
577548.0,0,0,0.0
577146.0,0,0,0.0
577131.0,0,0,0.0
577131.0,0,0,0.0
577132.0,0,0,0.0
577132.0,0,0,0.0
577132.0,0,0,0.0
577132.0,0,0,0.0
577132.0,0,0,0.0
577132.0,0,0,0.0
577133.0,0,0,0.0
577182.0,0,0,0.0
577182.0,0,0,0.0
577138.0,0,0,0.0
577549.0,0,0,0.0
577550.0,0,0,0.0
577168.0,0,0,0.0
577168.0,0,0,0.0
577168.0,0,0,0.0
577126.0,0,0,0.0
577126.0,0,0,0.0
577126.0,0,0,0.0
577123.0,0,0,0.0
577123.0,0,0,0.0
577124.0,0,0,0.0
577127.0,0,0,0.0
577127.0,0,0,0.0
577134.0,0,0,0.0
577134.0,0,0,0.0
577134.0,0,0,0.0
577144.0,0,0,0.0
577144.0,0,0,0.0
577139.0,0,0,0.0
577139.0,0,0,0.0
577228.0,0,0,0.0
577228.0,0,0,0.0
577228.0,0,0,0.0
577228.0,0,0,0.0
577511.0,0,0,0.0
577558.0,0,0,0.0
577558.0,0,0,0.0
577597.0,0,0,0.0
577597.0,0,0,0.0
577520.0,0,0,0.0
577518.0,0,0,0.0
577518.0,0,0,0.0
577522.0,0,0,0.0
577522.0,0,0,0.0
577522.0,0,0,0.0
577523.0,0,0,0.0
577524.0,0,0,0.0
577524.0,0,0,0.0
577546.0,0,0,0.0
577599.0,0,0,0.0
577599.0,0,0,0.0
577598.0,0,0,0.0
577598.0,0,0,0.0
577526.0,0,0,0.0
577527.0,0,0,0.0
577527.0,0,0,0.0
577527.0,0,0,0.0
577554.0,0,0,0.0
577554.0,0,0,0.0
577554.0,0,0,0.0
577532.0,0,0,0.0
577533.0,0,0,0.0
577535.0,0,0,0.0
577536.0,0,0,0.0
577536.0,0,0,0.0
577537.0,0,0,0.0
577537.0,0,0,0.0
577537.0,0,0,0.0
577538.0,0,0,0.0
577539.0,0,0,0.0
577539.0,0,0,0.0
577539.0,0,0,0.0
577540.0,0,0,0.0
577540.0,0,0,0.0
577541.0,0,0,0.0
577541.0,0,0,0.0
577542.0,0,0,0.0
577542.0,0,0,0.0
577543.0,0,0,0.0
577543.0,0,0,0.0
577543.0,0,0,0.0
577545.0,0,0,0.0
577545.0,0,0,0.0
577596.0,0,0,0.0
577556.0,0,0,0.0
577556.0,0,0,0.0
577514.0,0,0,0.0
577514.0,0,0,0.0
577005.0,0,0,0.0
577516.0,0,0,0.0
577525.0,0,0,0.0
577601.0,0,0,0.0
577601.0,0,0,0.0
577528.0,0,0,0.0
577528.0,0,0,0.0
577528.0,0,0,0.0
577002.0,0,0,0.0
577589.0,0,0,0.0
577589.0,0,0,0.0
577530.0,0,0,0.0
577530.0,0,0,0.0
577534.0,0,0,0.0
573103.0,0,0,0.0
573103.0,0,0,0.0
573111.0,0,0,0.0
573111.0,0,0,0.0
573112.0,0,0,0.0
573112.0,0,0,0.0
573115.0,0,0,0.0
573115.0,0,0,0.0
573116.0,0,0,0.0
573116.0,0,0,0.0
573117.0,0,0,0.0
573118.0,0,0,0.0
573119.0,0,0,0.0
573121.0,0,0,0.0
573121.0,0,0,0.0
573122.0,0,0,0.0
573122.0,0,0,0.0
573124.0,0,0,0.0
573124.0,0,0,0.0
573125.0,0,0,0.0
573144.0,0,0,0.0
573131.0,0,0,0.0
573131.0,0,0,0.0
573131.0,0,0,0.0
573131.0,0,0,0.0
573135.0,0,0,0.0
573135.0,0,0,0.0
573225.0,0,0,0.0
573225.0,0,0,0.0
573102.0,0,0,0.0
573102.0,0,0,0.0
573102.0,0,0,0.0
573102.0,0,0,0.0
573102.0,0,0,0.0
573214.0,0,0,0.0
573214.0,0,0,0.0
573215.0,0,0,0.0
573215.0,0,0,0.0
573215.0,0,0,0.0
573127.0,0,0,0.0
573142.0,0,0,0.0
573142.0,0,0,0.0
573142.0,0,0,0.0
573120.0,0,0,0.0
573120.0,0,0,0.0
573216.0,0,0,0.0
573216.0,0,0,0.0
573216.0,0,0,0.0
573165.0,0,0,0.0
573165.0,0,0,0.0
573123.0,0,0,0.0
573123.0,0,0,0.0
573211.0,0,0,0.0
573211.0,0,0,0.0
573211.0,0,0,0.0
573217.0,0,0,0.0
573128.0,0,0,0.0
573136.0,0,0,0.0
573130.0,0,0,0.0
573130.0,0,0,0.0
573130.0,0,0,0.0
573218.0,0,0,0.0
573218.0,0,0,0.0
573133.0,0,0,0.0
573133.0,0,0,0.0
573134.0,0,0,0.0
573134.0,0,0,0.0
573219.0,0,0,0.0
573226.0,0,0,0.0
573220.0,0,0,0.0
571201.0,0,0,0.0
571201.0,0,0,0.0
571219.0,0,0,0.0
571219.0,0,0,0.0
571247.0,0,0,0.0
571213.0,0,0,0.0
571249.0,0,0,0.0
571249.0,0,0,0.0
571232.0,0,0,0.0
571234.0,0,0,0.0
571250.0,0,0,0.0
571251.0,0,0,0.0
571251.0,0,0,0.0
571214.0,0,0,0.0
571214.0,0,0,0.0
571216.0,0,0,0.0
571235.0,0,0,0.0
571235.0,0,0,0.0
571235.0,0,0,0.0
571253.0,0,0,0.0
571236.0,0,0,0.0
571236.0,0,0,0.0
571236.0,0,0,0.0
571237.0,0,0,0.0
571237.0,0,0,0.0
571254.0,0,0,0.0
571218.0,0,0,0.0
571218.0,0,0,0.0
571218.0,0,0,0.0
571218.0,0,0,0.0
571218.0,0,0,0.0
571218.0,0,0,0.0
571218.0,0,0,0.0
561207.0,0,0,0.0
561207.0,0,0,0.0
561207.0,0,0,0.0
561207.0,0,0,0.0
562101.0,0,0,0.0
562101.0,0,0,0.0
561208.0,0,0,0.0
561208.0,0,0,0.0
561208.0,0,0,0.0
561209.0,0,0,0.0
561209.0,0,0,0.0
561209.0,0,0,0.0
561210.0,0,0,0.0
561210.0,0,0,0.0
561211.0,0,0,0.0
562102.0,0,0,0.0
562102.0,0,0,0.0
562102.0,0,0,0.0
562102.0,0,0,0.0
562103.0,0,0,0.0
562103.0,0,0,0.0
561212.0,0,0,0.0
562104.0,0,0,0.0
562104.0,0,0,0.0
562104.0,0,0,0.0
562104.0,0,0,0.0
562105.0,0,0,0.0
562105.0,0,0,0.0
561213.0,0,0,0.0
563114.0,0,0,0.0
563123.0,0,0,0.0
563159.0,0,0,0.0
563159.0,0,0,0.0
563125.0,0,0,0.0
563125.0,0,0,0.0
563125.0,0,0,0.0
563126.0,0,0,0.0
563126.0,0,0,0.0
563126.0,0,0,0.0
563126.0,0,0,0.0
563126.0,0,0,0.0
563162.0,0,0,0.0
563162.0,0,0,0.0
563127.0,0,0,0.0
563161.0,0,0,0.0
563128.0,0,0,0.0
563128.0,0,0,0.0
563129.0,0,0,0.0
563157.0,0,0,0.0
563101.0,0,0,0.0
563130.0,0,0,0.0
563130.0,0,0,0.0
563130.0,0,0,0.0
563139.0,0,0,0.0
563131.0,0,0,0.0
563131.0,0,0,0.0
563131.0,0,0,0.0
563146.0,0,0,0.0
563146.0,0,0,0.0
563132.0,0,0,0.0
563132.0,0,0,0.0
563132.0,0,0,0.0
563120.0,0,0,0.0
563121.0,0,0,0.0
563103.0,0,0,0.0
563136.0,0,0,0.0
563136.0,0,0,0.0
563137.0,0,0,0.0
563137.0,0,0,0.0
563137.0,0,0,0.0
563138.0,0,0,0.0
571405.0,0,0,0.0
392020.0,0,0,0.0
393040.0,0,0,0.0
393040.0,0,0,0.0
393125.0,0,0,0.0
393030.0,0,0,0.0
393030.0,0,0,0.0
393030.0,0,0,0.0
393030.0,0,0,0.0
392230.0,0,0,0.0
394810.0,0,0,0.0
394810.0,0,0,0.0
394810.0,0,0,0.0
394810.0,0,0,0.0
392150.0,0,0,0.0
392150.0,0,0,0.0
392150.0,0,0,0.0
392150.0,0,0,0.0
393110.0,0,0,0.0
393110.0,0,0,0.0
393110.0,0,0,0.0
392160.0,0,0,0.0
392160.0,0,0,0.0
392170.0,0,0,0.0
392170.0,0,0,0.0
392170.0,0,0,0.0
393151.0,0,0,0.0
393151.0,0,0,0.0
393151.0,0,0,0.0
393151.0,0,0,0.0
392155.0,0,0,0.0
392155.0,0,0,0.0
392160.0,0,0,0.0
392210.0,0,0,0.0
392210.0,0,0,0.0
393130.0,0,0,0.0
393130.0,0,0,0.0
393130.0,0,0,0.0
393130.0,0,0,0.0
393130.0,0,0,0.0
393010.0,0,0,0.0
393010.0,0,0,0.0
392165.0,0,0,0.0
392165.0,0,0,0.0
392220.0,0,0,0.0
392220.0,0,0,0.0
392220.0,0,0,0.0
392220.0,0,0,0.0
394115.0,0,0,0.0
394115.0,0,0,0.0
393140.0,0,0,0.0
393140.0,0,0,0.0
393115.0,0,0,0.0
393145.0,0,0,0.0
393145.0,0,0,0.0
393145.0,0,0,0.0
393145.0,0,0,0.0
393145.0,0,0,0.0
393145.0,0,0,0.0
393050.0,0,0,0.0
393050.0,0,0,0.0
393050.0,0,0,0.0
393050.0,0,0,0.0
393020.0,0,0,0.0
392025.0,0,0,0.0
392025.0,0,0,0.0
393025.0,0,0,0.0
393025.0,0,0,0.0
392030.0,0,0,0.0
392040.0,0,0,0.0
392040.0,0,0,0.0
393120.0,0,0,0.0
393120.0,0,0,0.0
392140.0,0,0,0.0
392140.0,0,0,0.0
393135.0,0,0,0.0
393135.0,0,0,0.0
393135.0,0,0,0.0
393135.0,0,0,0.0
387510.0,0,0,0.0
387610.0,0,0,0.0
387610.0,0,0,0.0
387635.0,0,0,0.0
387635.0,0,0,0.0
387320.0,0,0,0.0
387320.0,0,0,0.0
387120.0,0,0,0.0
387620.0,0,0,0.0
387620.0,0,0,0.0
387620.0,0,0,0.0
387620.0,0,0,0.0
387620.0,0,0,0.0
387620.0,0,0,0.0
387630.0,0,0,0.0
387630.0,0,0,0.0
387630.0,0,0,0.0
387630.0,0,0,0.0
387630.0,0,0,0.0
387640.0,0,0,0.0
387130.0,0,0,0.0
387130.0,0,0,0.0
387130.0,0,0,0.0
387130.0,0,0,0.0
387335.0,0,0,0.0
387335.0,0,0,0.0
387530.0,0,0,0.0
387530.0,0,0,0.0
387530.0,0,0,0.0
387540.0,0,0,0.0
387350.0,0,0,0.0
387350.0,0,0,0.0
387560.0,0,0,0.0
387560.0,0,0,0.0
387560.0,0,0,0.0
387560.0,0,0,0.0
387710.0,0,0,0.0
387430.0,0,0,0.0
387430.0,0,0,0.0
387430.0,0,0,0.0
387365.0,0,0,0.0
388140.0,0,0,0.0
388625.0,0,0,0.0
388625.0,0,0,0.0
388550.0,0,0,0.0
388620.0,0,0,0.0
388620.0,0,0,0.0
388440.0,0,0,0.0
387330.0,0,0,0.0
388450.0,0,0,0.0
388450.0,0,0,0.0
387355.0,0,0,0.0
388460.0,0,0,0.0
388170.0,0,0,0.0
388480.0,0,0,0.0
388180.0,0,0,0.0
388180.0,0,0,0.0
388180.0,0,0,0.0
388180.0,0,0,0.0
388180.0,0,0,0.0
388180.0,0,0,0.0
388180.0,0,0,0.0
388640.0,0,0,0.0
388640.0,0,0,0.0
388580.0,0,0,0.0
396325.0,0,0,0.0
396521.0,0,0,0.0
396570.0,0,0,0.0
396570.0,0,0,0.0
396540.0,0,0,0.0
396540.0,0,0,0.0
396540.0,0,0,0.0
396040.0,0,0,0.0
396040.0,0,0,0.0
396040.0,0,0,0.0
396560.0,0,0,0.0
396560.0,0,0,0.0
396560.0,0,0,0.0
396560.0,0,0,0.0
396060.0,0,0,0.0
396580.0,0,0,0.0
396580.0,0,0,0.0
396580.0,0,0,0.0
396580.0,0,0,0.0
396580.0,0,0,0.0
396580.0,0,0,0.0
396580.0,0,0,0.0
396310.0,0,0,0.0
396310.0,0,0,0.0
396350.0,0,0,0.0
396350.0,0,0,0.0
396350.0,0,0,0.0
396350.0,0,0,0.0
396360.0,0,0,0.0
396360.0,0,0,0.0
396427.0,0,0,0.0
396427.0,0,0,0.0
396433.0,0,0,0.0
396430.0,0,0,0.0
396430.0,0,0,0.0
396436.0,0,0,0.0
396436.0,0,0,0.0
396460.0,0,0,0.0
396466.0,0,0,0.0
396463.0,0,0,0.0
396469.0,0,0,0.0
396475.0,0,0,0.0
389380.0,0,0,0.0
389380.0,0,0,0.0
389380.0,0,0,0.0
389380.0,0,0,0.0
389380.0,0,0,0.0
389380.0,0,0,0.0
389380.0,0,0,0.0
389380.0,0,0,0.0
389380.0,0,0,0.0
389380.0,0,0,0.0
389380.0,0,0,0.0
389382.0,0,0,0.0
389382.0,0,0,0.0
389382.0,0,0,0.0
389382.0,0,0,0.0
389382.0,0,0,0.0
389382.0,0,0,0.0
389146.0,0,0,0.0
389146.0,0,0,0.0
389155.0,0,0,0.0
389155.0,0,0,0.0
389152.0,0,0,0.0
389152.0,0,0,0.0
389170.0,0,0,0.0
389170.0,0,0,0.0
389170.0,0,0,0.0
389250.0,0,0,0.0
389250.0,0,0,0.0
389250.0,0,0,0.0
389154.0,0,0,0.0
389154.0,0,0,0.0
389154.0,0,0,0.0
389180.0,0,0,0.0
389180.0,0,0,0.0
389180.0,0,0,0.0
389180.0,0,0,0.0
389180.0,0,0,0.0
389180.0,0,0,0.0
389140.0,0,0,0.0
389140.0,0,0,0.0
389265.0,0,0,0.0
389265.0,0,0,0.0
389110.0,0,0,0.0
389110.0,0,0,0.0
389110.0,0,0,0.0
389130.0,0,0,0.0
389130.0,0,0,0.0
389175.0,0,0,0.0
389260.0,0,0,0.0
389260.0,0,0,0.0
389260.0,0,0,0.0
389190.0,0,0,0.0
389190.0,0,0,0.0
389190.0,0,0,0.0
389341.0,0,0,0.0
389341.0,0,0,0.0
389341.0,0,0,0.0
389341.0,0,0,0.0
389341.0,0,0,0.0
389232.0,0,0,0.0
389365.0,0,0,0.0
389365.0,0,0,0.0
389365.0,0,0,0.0
389365.0,0,0,0.0
389365.0,0,0,0.0
389365.0,0,0,0.0
389002.0,0,0,0.0
389002.0,0,0,0.0
389002.0,0,0,0.0
389002.0,0,0,0.0
389350.0,0,0,0.0
389350.0,0,0,0.0
389390.0,0,0,0.0
389390.0,0,0,0.0
389390.0,0,0,0.0
388713.0,0,0,0.0
389330.0,0,0,0.0
389220.0,0,0,0.0
389230.0,0,0,0.0
389230.0,0,0,0.0
389230.0,0,0,0.0
389230.0,0,0,0.0
389230.0,0,0,0.0
389230.0,0,0,0.0
389230.0,0,0,0.0
389230.0,0,0,0.0
389115.0,0,0,0.0
389115.0,0,0,0.0
389115.0,0,0,0.0
389360.0,0,0,0.0
389360.0,0,0,0.0
389360.0,0,0,0.0
389360.0,0,0,0.0
389360.0,0,0,0.0
389360.0,0,0,0.0
389360.0,0,0,0.0
389120.0,0,0,0.0
389120.0,0,0,0.0
389120.0,0,0,0.0
389120.0,0,0,0.0
389120.0,0,0,0.0
389120.0,0,0,0.0
389120.0,0,0,0.0
389210.0,0,0,0.0
389210.0,0,0,0.0
389210.0,0,0,0.0
389210.0,0,0,0.0
389370.0,0,0,0.0
389370.0,0,0,0.0
388710.0,0,0,0.0
388270.0,0,0,0.0
388270.0,0,0,0.0
389340.0,0,0,0.0
389340.0,0,0,0.0
394550.0,0,0,0.0
394530.0,0,0,0.0
394517.0,0,0,0.0
394517.0,0,0,0.0
394540.0,0,0,0.0
394540.0,0,0,0.0
394540.0,0,0,0.0
394540.0,0,0,0.0
394540.0,0,0,0.0
395005.0,0,0,0.0
395005.0,0,0,0.0
395005.0,0,0,0.0
394520.0,0,0,0.0
394125.0,0,0,0.0
394125.0,0,0,0.0
395004.0,0,0,0.0
394110.0,0,0,0.0
394112.0,0,0,0.0
394112.0,0,0,0.0
394120.0,0,0,0.0
394120.0,0,0,0.0
394421.0,0,0,0.0
394410.0,0,0,0.0
394130.0,0,0,0.0
394130.0,0,0,0.0
394130.0,0,0,0.0
394210.0,0,0,0.0
394210.0,0,0,0.0
394445.0,0,0,0.0
394445.0,0,0,0.0
394445.0,0,0,0.0
394430.0,0,0,0.0
395013.0,0,0,0.0
395013.0,0,0,0.0
394405.0,0,0,0.0
394405.0,0,0,0.0
394440.0,0,0,0.0
394440.0,0,0,0.0
394440.0,0,0,0.0
395012.0,0,0,0.0
391125.0,0,0,0.0
391125.0,0,0,0.0
391135.0,0,0,0.0
391135.0,0,0,0.0
391105.0,0,0,0.0
391105.0,0,0,0.0
391165.0,0,0,0.0
391165.0,0,0,0.0
391165.0,0,0,0.0
391110.0,0,0,0.0
391150.0,0,0,0.0
391120.0,0,0,0.0
391120.0,0,0,0.0
391152.0,0,0,0.0
391152.0,0,0,0.0
391152.0,0,0,0.0
391152.0,0,0,0.0
391152.0,0,0,0.0
391152.0,0,0,0.0
391152.0,0,0,0.0
391135.0,0,0,0.0
391160.0,0,0,0.0
391170.0,0,0,0.0
391170.0,0,0,0.0
391170.0,0,0,0.0
391140.0,0,0,0.0
391150.0,0,0,0.0
391150.0,0,0,0.0
391150.0,0,0,0.0
391150.0,0,0,0.0
391150.0,0,0,0.0
391150.0,0,0,0.0
391150.0,0,0,0.0
391150.0,0,0,0.0
391150.0,0,0,0.0
391150.0,0,0,0.0
391150.0,0,0,0.0
391168.0,0,0,0.0
391168.0,0,0,0.0
391168.0,0,0,0.0
391160.0,0,0,0.0
391156.0,0,0,0.0
391160.0,0,0,0.0
391160.0,0,0,0.0
391250.0,0,0,0.0
391250.0,0,0,0.0
391250.0,0,0,0.0
391250.0,0,0,0.0
391250.0,0,0,0.0
391145.0,0,0,0.0
391145.0,0,0,0.0
391145.0,0,0,0.0
391145.0,0,0,0.0
391120.0,0,0,0.0
391120.0,0,0,0.0
390019.0,0,0,0.0
390019.0,0,0,0.0
390022.0,0,0,0.0
390009.0,0,0,0.0
390012.0,0,0,0.0
391310.0,0,0,0.0
391780.0,0,0,0.0
391740.0,0,0,0.0
391740.0,0,0,0.0
391774.0,0,0,0.0
391774.0,0,0,0.0
391774.0,0,0,0.0
391774.0,0,0,0.0
391510.0,0,0,0.0
391510.0,0,0,0.0
391510.0,0,0,0.0
391210.0,0,0,0.0
391450.0,0,0,0.0
391220.0,0,0,0.0
391220.0,0,0,0.0
391330.0,0,0,0.0
391240.0,0,0,0.0
391240.0,0,0,0.0
391240.0,0,0,0.0
391240.0,0,0,0.0
391440.0,0,0,0.0
391440.0,0,0,0.0
391440.0,0,0,0.0
391350.0,0,0,0.0
391243.0,0,0,0.0
391350.0,0,0,0.0
391445.0,0,0,0.0
391761.0,0,0,0.0
391761.0,0,0,0.0
391520.0,0,0,0.0
391530.0,0,0,0.0
391530.0,0,0,0.0
391530.0,0,0,0.0
391770.0,0,0,0.0
391770.0,0,0,0.0
391745.0,0,0,0.0
391775.0,0,0,0.0
391760.0,0,0,0.0
391760.0,0,0,0.0
396051.0,0,0,0.0
396051.0,0,0,0.0
396051.0,0,0,0.0
396051.0,0,0,0.0
396051.0,0,0,0.0
396045.0,0,0,0.0
396020.0,0,0,0.0
396020.0,0,0,0.0
396020.0,0,0,0.0
396105.0,0,0,0.0
396105.0,0,0,0.0
396105.0,0,0,0.0
396193.0,0,0,0.0
396193.0,0,0,0.0
396215.0,0,0,0.0
396210.0,0,0,0.0
396210.0,0,0,0.0
396210.0,0,0,0.0
396210.0,0,0,0.0
396050.0,0,0,0.0
396050.0,0,0,0.0
396375.0,0,0,0.0
396375.0,0,0,0.0
396375.0,0,0,0.0
396375.0,0,0,0.0
396375.0,0,0,0.0
396375.0,0,0,0.0
396030.0,0,0,0.0
396240.0,0,0,0.0
396240.0,0,0,0.0
396125.0,0,0,0.0
396126.0,0,0,0.0
396126.0,0,0,0.0
396126.0,0,0,0.0
396067.0,0,0,0.0
396067.0,0,0,0.0
396067.0,0,0,0.0
396067.0,0,0,0.0
396065.0,0,0,0.0
396065.0,0,0,0.0
396067.0,0,0,0.0
396067.0,0,0,0.0
396067.0,0,0,0.0
396067.0,0,0,0.0
396235.0,0,0,0.0
396235.0,0,0,0.0
396145.0,0,0,0.0
396145.0,0,0,0.0
396055.0,0,0,0.0
396055.0,0,0,0.0
396055.0,0,0,0.0
396150.0,0,0,0.0
396230.0,0,0,0.0
396230.0,0,0,0.0
396230.0,0,0,0.0
396230.0,0,0,0.0
396185.0,0,0,0.0
396185.0,0,0,0.0
396185.0,0,0,0.0
396385.0,0,0,0.0
396030.0,0,0,0.0
396007.0,0,0,0.0
396191.0,0,0,0.0
396191.0,0,0,0.0
396191.0,0,0,0.0
396065.0,0,0,0.0
134008.0,0,0,0.0
134008.0,0,0,0.0
134007.0,0,0,0.0
134008.0,0,0,0.0
134118.0,0,0,0.0
134118.0,0,0,0.0
134118.0,0,0,0.0
134201.0,0,0,0.0
133302.0,0,0,0.0
134203.0,0,0,0.0
134203.0,0,0,0.0
134203.0,0,0,0.0
134203.0,0,0,0.0
134109.0,0,0,0.0
134102.0,0,0,0.0
134204.0,0,0,0.0
134202.0,0,0,0.0
133205.0,0,0,0.0
133010.0,0,0,0.0
133202.0,0,0,0.0
133004.0,0,0,0.0
133008.0,0,0,0.0
133004.0,0,0,0.0
133203.0,0,0,0.0
133104.0,0,0,0.0
135106.0,0,0,0.0
135106.0,0,0,0.0
135102.0,0,0,0.0
135102.0,0,0,0.0
135102.0,0,0,0.0
135101.0,0,0,0.0
135103.0,0,0,0.0
135103.0,0,0,0.0
135103.0,0,0,0.0
135003.0,0,0,0.0
135002.0,0,0,0.0
135002.0,0,0,0.0
133103.0,0,0,0.0
133103.0,0,0,0.0
133103.0,0,0,0.0
133103.0,0,0,0.0
133204.0,0,0,0.0
133204.0,0,0,0.0
133204.0,0,0,0.0
133206.0,0,0,0.0
133206.0,0,0,0.0
127307.0,0,0,0.0
127307.0,0,0,0.0
127308.0,0,0,0.0
127312.0,0,0,0.0
127308.0,0,0,0.0
127308.0,0,0,0.0
127308.0,0,0,0.0
127111.0,0,0,0.0
127311.0,0,0,0.0
127311.0,0,0,0.0
127032.0,0,0,0.0
127028.0,0,0,0.0
127028.0,0,0,0.0
127028.0,0,0,0.0
127026.0,0,0,0.0
127306.0,0,0,0.0
127306.0,0,0,0.0
127306.0,0,0,0.0
127310.0,0,0,0.0
127030.0,0,0,0.0
127030.0,0,0,0.0
127201.0,0,0,0.0
127201.0,0,0,0.0
127201.0,0,0,0.0
127201.0,0,0,0.0
127041.0,0,0,0.0
127043.0,0,0,0.0
127043.0,0,0,0.0
127046.0,0,0,0.0
127046.0,0,0,0.0
127046.0,0,0,0.0
127040.0,0,0,0.0
127040.0,0,0,0.0
127040.0,0,0,0.0
127040.0,0,0,0.0
121003.0,0,0,0.0
121105.0,0,0,0.0
121105.0,0,0,0.0
121004.0,0,0,0.0
121004.0,0,0,0.0
121106.0,0,0,0.0
121102.0,0,0,0.0
121102.0,0,0,0.0
121102.0,0,0,0.0
121102.0,0,0,0.0
121102.0,0,0,0.0
496554.0,0,0,0.0
496107.0,0,0,0.0
496107.0,0,0,0.0
496107.0,0,0,0.0
496227.0,0,0,0.0
496227.0,0,0,0.0
496227.0,0,0,0.0
496227.0,0,0,0.0
493661.0,0,0,0.0
493661.0,0,0,0.0
493661.0,0,0,0.0
493661.0,0,0,0.0
493661.0,0,0,0.0
493441.0,0,0,0.0
493441.0,0,0,0.0
493449.0,0,0,0.0
493449.0,0,0,0.0
493449.0,0,0,0.0
493449.0,0,0,0.0
493449.0,0,0,0.0
493449.0,0,0,0.0
493449.0,0,0,0.0
493116.0,0,0,0.0
493116.0,0,0,0.0
493332.0,0,0,0.0
493332.0,0,0,0.0
493554.0,0,0,0.0
493770.0,0,0,0.0
493770.0,0,0,0.0
493118.0,0,0,0.0
493118.0,0,0,0.0
493118.0,0,0,0.0
493118.0,0,0,0.0
493118.0,0,0,0.0
493338.0,0,0,0.0
493221.0,0,0,0.0
493996.0,0,0,0.0
493996.0,0,0,0.0
493996.0,0,0,0.0
493996.0,0,0,0.0
493996.0,0,0,0.0
493996.0,0,0,0.0
493890.0,0,0,0.0
493890.0,0,0,0.0
493890.0,0,0,0.0
493890.0,0,0,0.0
493890.0,0,0,0.0
493773.0,0,0,0.0
493773.0,0,0,0.0
493773.0,0,0,0.0
493773.0,0,0,0.0
493773.0,0,0,0.0
493773.0,0,0,0.0
493773.0,0,0,0.0
493773.0,0,0,0.0
493773.0,0,0,0.0
493889.0,0,0,0.0
493889.0,0,0,0.0
493889.0,0,0,0.0
493889.0,0,0,0.0
493889.0,0,0,0.0
493889.0,0,0,0.0
493891.0,0,0,0.0
493891.0,0,0,0.0
493891.0,0,0,0.0
493891.0,0,0,0.0
492009.0,0,0,0.0
493113.0,0,0,0.0
493555.0,0,0,0.0
493555.0,0,0,0.0
493335.0,0,0,0.0
493335.0,0,0,0.0
493344.0,0,0,0.0
493344.0,0,0,0.0
493225.0,0,0,0.0
493225.0,0,0,0.0
493225.0,0,0,0.0
493225.0,0,0,0.0
493225.0,0,0,0.0
493663.0,0,0,0.0
493663.0,0,0,0.0
493663.0,0,0,0.0
493663.0,0,0,0.0
493663.0,0,0,0.0
493526.0,0,0,0.0
493445.0,0,0,0.0
493445.0,0,0,0.0
493445.0,0,0,0.0
493888.0,0,0,0.0
493888.0,0,0,0.0
493888.0,0,0,0.0
493888.0,0,0,0.0
492015.0,0,0,0.0
493111.0,0,0,0.0
493778.0,0,0,0.0
493778.0,0,0,0.0
493778.0,0,0,0.0
493778.0,0,0,0.0
493778.0,0,0,0.0
493778.0,0,0,0.0
493114.0,0,0,0.0
493228.0,0,0,0.0
493228.0,0,0,0.0
493228.0,0,0,0.0
492109.0,0,0,0.0
492109.0,0,0,0.0
492109.0,0,0,0.0
493992.0,0,0,0.0
493992.0,0,0,0.0
493551.0,0,0,0.0
493551.0,0,0,0.0
493551.0,0,0,0.0
493551.0,0,0,0.0
493885.0,0,0,0.0
493885.0,0,0,0.0
493885.0,0,0,0.0
493885.0,0,0,0.0
493331.0,0,0,0.0
493776.0,0,0,0.0
492112.0,0,0,0.0
492112.0,0,0,0.0
492112.0,0,0,0.0
492112.0,0,0,0.0
492112.0,0,0,0.0
493558.0,0,0,0.0
493558.0,0,0,0.0
493558.0,0,0,0.0
493558.0,0,0,0.0
493558.0,0,0,0.0
493558.0,0,0,0.0
493558.0,0,0,0.0
493559.0,0,0,0.0
493101.0,0,0,0.0
492013.0,0,0,0.0
493229.0,0,0,0.0
493229.0,0,0,0.0
493448.0,0,0,0.0
493448.0,0,0,0.0
110090.0,0,0,0.0
110036.0,0,0,0.0
110039.0,0,0,0.0
110039.0,0,0,0.0
110081.0,0,0,0.0
110081.0,0,0,0.0
110081.0,0,0,0.0
110040.0,0,0,0.0
110035.0,0,0,0.0
110086.0,0,0,0.0
110076.0,0,0,0.0
110074.0,0,0,0.0
110037.0,0,0,0.0
110037.0,0,0,0.0
110030.0,0,0,0.0
110043.0,0,0,0.0
110043.0,0,0,0.0
110043.0,0,0,0.0
110043.0,0,0,0.0
110045.0,0,0,0.0
110073.0,0,0,0.0
110041.0,0,0,0.0
110041.0,0,0,0.0
110018.0,0,0,0.0
110059.0,0,0,0.0
382210.0,0,0,0.0
382430.0,0,0,0.0
382430.0,0,0,0.0
382330.0,0,0,0.0
382425.0,0,0,0.0
382435.0,0,0,0.0
385001.0,0,0,0.0
385001.0,0,0,0.0
385001.0,0,0,0.0
385001.0,0,0,0.0
385001.0,0,0,0.0
385110.0,0,0,0.0
385320.0,0,0,0.0
385320.0,0,0,0.0
385320.0,0,0,0.0
385320.0,0,0,0.0
385320.0,0,0,0.0
385510.0,0,0,0.0
385210.0,0,0,0.0
385210.0,0,0,0.0
385120.0,0,0,0.0
385120.0,0,0,0.0
385120.0,0,0,0.0
385120.0,0,0,0.0
385120.0,0,0,0.0
385505.0,0,0,0.0
385505.0,0,0,0.0
385330.0,0,0,0.0
385330.0,0,0,0.0
385330.0,0,0,0.0
385330.0,0,0,0.0
385310.0,0,0,0.0
385310.0,0,0,0.0
385310.0,0,0,0.0
385310.0,0,0,0.0
385566.0,0,0,0.0
385566.0,0,0,0.0
385566.0,0,0,0.0
385535.0,0,0,0.0
385535.0,0,0,0.0
385535.0,0,0,0.0
385535.0,0,0,0.0
385535.0,0,0,0.0
385535.0,0,0,0.0
385535.0,0,0,0.0
385540.0,0,0,0.0
385520.0,0,0,0.0
385545.0,0,0,0.0
385545.0,0,0,0.0
385545.0,0,0,0.0
385545.0,0,0,0.0
385421.0,0,0,0.0
385421.0,0,0,0.0
385421.0,0,0,0.0
385421.0,0,0,0.0
385555.0,0,0,0.0
385565.0,0,0,0.0
385565.0,0,0,0.0
385560.0,0,0,0.0
385410.0,0,0,0.0
385410.0,0,0,0.0
385410.0,0,0,0.0
385575.0,0,0,0.0
385575.0,0,0,0.0
385575.0,0,0,0.0
385575.0,0,0,0.0
382225.0,0,0,0.0
382225.0,0,0,0.0
382220.0,0,0,0.0
382220.0,0,0,0.0
382463.0,0,0,0.0
382463.0,0,0,0.0
382463.0,0,0,0.0
382260.0,0,0,0.0
382260.0,0,0,0.0
382260.0,0,0,0.0
382120.0,0,0,0.0
382460.0,0,0,0.0
382460.0,0,0,0.0
382460.0,0,0,0.0
382460.0,0,0,0.0
382465.0,0,0,0.0
382115.0,0,0,0.0
382255.0,0,0,0.0
382255.0,0,0,0.0
382145.0,0,0,0.0
382145.0,0,0,0.0
382265.0,0,0,0.0
382240.0,0,0,0.0
382240.0,0,0,0.0
382230.0,0,0,0.0
382230.0,0,0,0.0
382230.0,0,0,0.0
382230.0,0,0,0.0
382130.0,0,0,0.0
382130.0,0,0,0.0
382250.0,0,0,0.0
382250.0,0,0,0.0
382250.0,0,0,0.0
382140.0,0,0,0.0
382140.0,0,0,0.0
382110.0,0,0,0.0
382110.0,0,0,0.0
382110.0,0,0,0.0
382150.0,0,0,0.0
382150.0,0,0,0.0
382150.0,0,0,0.0
382150.0,0,0,0.0
382150.0,0,0,0.0
382150.0,0,0,0.0
382170.0,0,0,0.0
382170.0,0,0,0.0
382321.0,0,0,0.0
382321.0,0,0,0.0
382355.0,0,0,0.0
382355.0,0,0,0.0
382315.0,0,0,0.0
382315.0,0,0,0.0
382320.0,0,0,0.0
382320.0,0,0,0.0
382650.0,0,0,0.0
382445.0,0,0,0.0
382725.0,0,0,0.0
382835.0,0,0,0.0
382835.0,0,0,0.0
382845.0,0,0,0.0
382845.0,0,0,0.0
382845.0,0,0,0.0
382735.0,0,0,0.0
382735.0,0,0,0.0
382740.0,0,0,0.0
382855.0,0,0,0.0
384001.0,0,0,0.0
384001.0,0,0,0.0
384001.0,0,0,0.0
384001.0,0,0,0.0
384455.0,0,0,0.0
384455.0,0,0,0.0
384410.0,0,0,0.0
384410.0,0,0,0.0
384415.0,0,0,0.0
384415.0,0,0,0.0
384120.0,0,0,0.0
384135.0,0,0,0.0
384450.0,0,0,0.0
384450.0,0,0,0.0
384460.0,0,0,0.0
384460.0,0,0,0.0
384460.0,0,0,0.0
384421.0,0,0,0.0
384421.0,0,0,0.0
384305.0,0,0,0.0
384305.0,0,0,0.0
384440.0,0,0,0.0
384440.0,0,0,0.0
384440.0,0,0,0.0
384440.0,0,0,0.0
384440.0,0,0,0.0
384130.0,0,0,0.0
384130.0,0,0,0.0
384445.0,0,0,0.0
384445.0,0,0,0.0
384445.0,0,0,0.0
384325.0,0,0,0.0
384325.0,0,0,0.0
384530.0,0,0,0.0
384435.0,0,0,0.0
384412.0,0,0,0.0
384560.0,0,0,0.0
384560.0,0,0,0.0
384330.0,0,0,0.0
384330.0,0,0,0.0
384330.0,0,0,0.0
384330.0,0,0,0.0
384340.0,0,0,0.0
384441.0,0,0,0.0
384170.0,0,0,0.0
384170.0,0,0,0.0
384170.0,0,0,0.0
384170.0,0,0,0.0
384170.0,0,0,0.0
384355.0,0,0,0.0
384355.0,0,0,0.0
384355.0,0,0,0.0
384355.0,0,0,0.0
384355.0,0,0,0.0
384310.0,0,0,0.0
384565.0,0,0,0.0
384565.0,0,0,0.0
384570.0,0,0,0.0
384315.0,0,0,0.0
384315.0,0,0,0.0
384266.0,0,0,0.0
384266.0,0,0,0.0
384266.0,0,0,0.0
384266.0,0,0,0.0
384110.0,0,0,0.0
384220.0,0,0,0.0
384225.0,0,0,0.0
384240.0,0,0,0.0
384240.0,0,0,0.0
384240.0,0,0,0.0
384240.0,0,0,0.0
384240.0,0,0,0.0
384240.0,0,0,0.0
384240.0,0,0,0.0
384290.0,0,0,0.0
384255.0,0,0,0.0
384229.0,0,0,0.0
384260.0,0,0,0.0
384241.0,0,0,0.0
384241.0,0,0,0.0
385340.0,0,0,0.0
385340.0,0,0,0.0
385340.0,0,0,0.0
385340.0,0,0,0.0
385340.0,0,0,0.0
384275.0,0,0,0.0
384245.0,0,0,0.0
384245.0,0,0,0.0
384245.0,0,0,0.0
384245.0,0,0,0.0
384245.0,0,0,0.0
384245.0,0,0,0.0
384245.0,0,0,0.0
384246.0,0,0,0.0
384246.0,0,0,0.0
385350.0,0,0,0.0
385350.0,0,0,0.0
385350.0,0,0,0.0
384272.0,0,0,0.0
384272.0,0,0,0.0
384151.0,0,0,0.0
384151.0,0,0,0.0
384151.0,0,0,0.0
384221.0,0,0,0.0
385360.0,0,0,0.0
385360.0,0,0,0.0
385360.0,0,0,0.0
384285.0,0,0,0.0
384285.0,0,0,0.0
384285.0,0,0,0.0
384285.0,0,0,0.0
383002.0,0,0,0.0
383002.0,0,0,0.0
383260.0,0,0,0.0
383410.0,0,0,0.0
383410.0,0,0,0.0
383410.0,0,0,0.0
383245.0,0,0,0.0
383245.0,0,0,0.0
383421.0,0,0,0.0
383317.0,0,0,0.0
383330.0,0,0,0.0
383330.0,0,0,0.0
383330.0,0,0,0.0
383310.0,0,0,0.0
383310.0,0,0,0.0
383310.0,0,0,0.0
383335.0,0,0,0.0
383335.0,0,0,0.0
383335.0,0,0,0.0
383030.0,0,0,0.0
383030.0,0,0,0.0
383305.0,0,0,0.0
383430.0,0,0,0.0
383430.0,0,0,0.0
383220.0,0,0,0.0
383220.0,0,0,0.0
383440.0,0,0,0.0
383255.0,0,0,0.0
383255.0,0,0,0.0
383462.0,0,0,0.0
383462.0,0,0,0.0
383462.0,0,0,0.0
383462.0,0,0,0.0
383275.0,0,0,0.0
383275.0,0,0,0.0
383316.0,0,0,0.0
383316.0,0,0,0.0
383251.0,0,0,0.0
383345.0,0,0,0.0
383345.0,0,0,0.0
383350.0,0,0,0.0
383350.0,0,0,0.0
383350.0,0,0,0.0
383350.0,0,0,0.0
383350.0,0,0,0.0
383350.0,0,0,0.0
383350.0,0,0,0.0
383315.0,0,0,0.0
383315.0,0,0,0.0
383315.0,0,0,0.0
383315.0,0,0,0.0
383315.0,0,0,0.0
383422.0,0,0,0.0
383422.0,0,0,0.0
383422.0,0,0,0.0
383422.0,0,0,0.0
383422.0,0,0,0.0
383422.0,0,0,0.0
383205.0,0,0,0.0
383270.0,0,0,0.0
383270.0,0,0,0.0
383276.0,0,0,0.0
383276.0,0,0,0.0
383120.0,0,0,0.0
383320.0,0,0,0.0
383355.0,0,0,0.0
383355.0,0,0,0.0
383210.0,0,0,0.0
383210.0,0,0,0.0
383210.0,0,0,0.0
383246.0,0,0,0.0
383215.0,0,0,0.0
383215.0,0,0,0.0
383215.0,0,0,0.0
383215.0,0,0,0.0
383250.0,0,0,0.0
383230.0,0,0,0.0
383307.0,0,0,0.0
383307.0,0,0,0.0
383307.0,0,0,0.0
383235.0,0,0,0.0
383235.0,0,0,0.0
383235.0,0,0,0.0
383450.0,0,0,0.0
383450.0,0,0,0.0
383434.0,0,0,0.0
383460.0,0,0,0.0
383460.0,0,0,0.0
383460.0,0,0,0.0
383460.0,0,0,0.0
383460.0,0,0,0.0
365601.0,0,0,0.0
365601.0,0,0,0.0
365610.0,0,0,0.0
365421.0,0,0,0.0
365421.0,0,0,0.0
365421.0,0,0,0.0
365421.0,0,0,0.0
364522.0,0,0,0.0
365440.0,0,0,0.0
365440.0,0,0,0.0
365440.0,0,0,0.0
365630.0,0,0,0.0
365630.0,0,0,0.0
365630.0,0,0,0.0
365630.0,0,0,0.0
365630.0,0,0,0.0
365630.0,0,0,0.0
365410.0,0,0,0.0
365435.0,0,0,0.0
365435.0,0,0,0.0
365220.0,0,0,0.0
365220.0,0,0,0.0
365220.0,0,0,0.0
365220.0,0,0,0.0
365220.0,0,0,0.0
365220.0,0,0,0.0
365550.0,0,0,0.0
365550.0,0,0,0.0
365550.0,0,0,0.0
365640.0,0,0,0.0
365640.0,0,0,0.0
365640.0,0,0,0.0
365640.0,0,0,0.0
365640.0,0,0,0.0
365555.0,0,0,0.0
365555.0,0,0,0.0
365555.0,0,0,0.0
364521.0,0,0,0.0
364521.0,0,0,0.0
365650.0,0,0,0.0
365650.0,0,0,0.0
365650.0,0,0,0.0
365650.0,0,0,0.0
365450.0,0,0,0.0
365450.0,0,0,0.0
365430.0,0,0,0.0
365430.0,0,0,0.0
365430.0,0,0,0.0
365535.0,0,0,0.0
365460.0,0,0,0.0
365635.0,0,0,0.0
365635.0,0,0,0.0
365560.0,0,0,0.0
365640.0,0,0,0.0
365640.0,0,0,0.0
364515.0,0,0,0.0
121101.0,0,0,0.0
122101.0,0,0,0.0
122102.0,0,0,0.0
122413.0,0,0,0.0
122506.0,0,0,0.0
122504.0,0,0,0.0
122502.0,0,0,0.0
122502.0,0,0,0.0
122414.0,0,0,0.0
122414.0,0,0,0.0
122414.0,0,0,0.0
122004.0,0,0,0.0
122503.0,0,0,0.0
122006.0,0,0,0.0
122103.0,0,0,0.0
122103.0,0,0,0.0
122103.0,0,0,0.0
123001.0,0,0,0.0
123001.0,0,0,0.0
123001.0,0,0,0.0
123001.0,0,0,0.0
123001.0,0,0,0.0
123001.0,0,0,0.0
123001.0,0,0,0.0
123001.0,0,0,0.0
123034.0,0,0,0.0
123034.0,0,0,0.0
123027.0,0,0,0.0
123027.0,0,0,0.0
123027.0,0,0,0.0
123021.0,0,0,0.0
123021.0,0,0,0.0
123021.0,0,0,0.0
123021.0,0,0,0.0
123029.0,0,0,0.0
123304.0,0,0,0.0
123023.0,0,0,0.0
123024.0,0,0,0.0
123024.0,0,0,0.0
123401.0,0,0,0.0
125007.0,0,0,0.0
125011.0,0,0,0.0
125121.0,0,0,0.0
125121.0,0,0,0.0
125121.0,0,0,0.0
125121.0,0,0,0.0
125121.0,0,0,0.0
125042.0,0,0,0.0
125053.0,0,0,0.0
125053.0,0,0,0.0
125053.0,0,0,0.0
125053.0,0,0,0.0
125106.0,0,0,0.0
125106.0,0,0,0.0
125050.0,0,0,0.0
125050.0,0,0,0.0
125050.0,0,0,0.0
125050.0,0,0,0.0
125004.0,0,0,0.0
125004.0,0,0,0.0
125004.0,0,0,0.0
125004.0,0,0,0.0
125004.0,0,0,0.0
125004.0,0,0,0.0
125033.0,0,0,0.0
125033.0,0,0,0.0
125042.0,0,0,0.0
125033.0,0,0,0.0
125033.0,0,0,0.0
125033.0,0,0,0.0
125133.0,0,0,0.0
125038.0,0,0,0.0
125038.0,0,0,0.0
125037.0,0,0,0.0
125039.0,0,0,0.0
125039.0,0,0,0.0
125039.0,0,0,0.0
125039.0,0,0,0.0
125051.0,0,0,0.0
125051.0,0,0,0.0
125051.0,0,0,0.0
125051.0,0,0,0.0
125051.0,0,0,0.0
125051.0,0,0,0.0
125051.0,0,0,0.0
125051.0,0,0,0.0
125044.0,0,0,0.0
125120.0,0,0,0.0
125120.0,0,0,0.0
125120.0,0,0,0.0
125113.0,0,0,0.0
125113.0,0,0,0.0
125113.0,0,0,0.0
125113.0,0,0,0.0
126102.0,0,0,0.0
126111.0,0,0,0.0
126101.0,0,0,0.0
126101.0,0,0,0.0
126125.0,0,0,0.0
126116.0,0,0,0.0
126116.0,0,0,0.0
126116.0,0,0,0.0
126116.0,0,0,0.0
126116.0,0,0,0.0
126116.0,0,0,0.0
126112.0,0,0,0.0
126112.0,0,0,0.0
126112.0,0,0,0.0
126112.0,0,0,0.0
126112.0,0,0,0.0
126112.0,0,0,0.0
126114.0,0,0,0.0
126114.0,0,0,0.0
126114.0,0,0,0.0
126115.0,0,0,0.0
126115.0,0,0,0.0
126115.0,0,0,0.0
126115.0,0,0,0.0
126152.0,0,0,0.0
132039.0,0,0,0.0
132039.0,0,0,0.0
132039.0,0,0,0.0
132039.0,0,0,0.0
132040.0,0,0,0.0
132054.0,0,0,0.0
132114.0,0,0,0.0
132114.0,0,0,0.0
132114.0,0,0,0.0
132041.0,0,0,0.0
132041.0,0,0,0.0
132036.0,0,0,0.0
132001.0,0,0,0.0
132037.0,0,0,0.0
132157.0,0,0,0.0
132157.0,0,0,0.0
132157.0,0,0,0.0
132157.0,0,0,0.0
132157.0,0,0,0.0
132024.0,0,0,0.0
132024.0,0,0,0.0
132024.0,0,0,0.0
132046.0,0,0,0.0
132046.0,0,0,0.0
132116.0,0,0,0.0
132116.0,0,0,0.0
132116.0,0,0,0.0
132116.0,0,0,0.0
132122.0,0,0,0.0
132107.0,0,0,0.0
132113.0,0,0,0.0
132113.0,0,0,0.0
132108.0,0,0,0.0
132104.0,0,0,0.0
132104.0,0,0,0.0
132104.0,0,0,0.0
132140.0,0,0,0.0
132101.0,0,0,0.0
132101.0,0,0,0.0
136156.0,0,0,0.0
136156.0,0,0,0.0
136156.0,0,0,0.0
136034.0,0,0,0.0
136034.0,0,0,0.0
136034.0,0,0,0.0
136034.0,0,0,0.0
136034.0,0,0,0.0
136042.0,0,0,0.0
136030.0,0,0,0.0
136129.0,0,0,0.0
136129.0,0,0,0.0
136129.0,0,0,0.0
136130.0,0,0,0.0
136027.0,0,0,0.0
136027.0,0,0,0.0
136027.0,0,0,0.0
136027.0,0,0,0.0
136027.0,0,0,0.0
136027.0,0,0,0.0
136117.0,0,0,0.0
136117.0,0,0,0.0
136117.0,0,0,0.0
136117.0,0,0,0.0
136021.0,0,0,0.0
136021.0,0,0,0.0
136119.0,0,0,0.0
136119.0,0,0,0.0
136119.0,0,0,0.0
136132.0,0,0,0.0
136132.0,0,0,0.0
136043.0,0,0,0.0
136128.0,0,0,0.0
136128.0,0,0,0.0
136128.0,0,0,0.0
136131.0,0,0,0.0
136044.0,0,0,0.0
136135.0,0,0,0.0
136135.0,0,0,0.0
136033.0,0,0,0.0
124508.0,0,0,0.0
124508.0,0,0,0.0
124105.0,0,0,0.0
124504.0,0,0,0.0
124504.0,0,0,0.0
124501.0,0,0,0.0
124501.0,0,0,0.0
124501.0,0,0,0.0
124501.0,0,0,0.0
124411.0,0,0,0.0
124021.0,0,0,0.0
124021.0,0,0,0.0
124021.0,0,0,0.0
124142.0,0,0,0.0
124201.0,0,0,0.0
124201.0,0,0,0.0
124201.0,0,0,0.0
124401.0,0,0,0.0
124109.0,0,0,0.0
124109.0,0,0,0.0
124107.0,0,0,0.0
124102.0,0,0,0.0
124102.0,0,0,0.0
124103.0,0,0,0.0
124103.0,0,0,0.0
124103.0,0,0,0.0
124103.0,0,0,0.0
124113.0,0,0,0.0
124113.0,0,0,0.0
124113.0,0,0,0.0
124406.0,0,0,0.0
124514.0,0,0,0.0
124514.0,0,0,0.0
124514.0,0,0,0.0
124108.0,0,0,0.0
124106.0,0,0,0.0
124106.0,0,0,0.0
124104.0,0,0,0.0
124104.0,0,0,0.0
124010.0,0,0,0.0
124146.0,0,0,0.0
124303.0,0,0,0.0
124303.0,0,0,0.0
124303.0,0,0,0.0
124303.0,0,0,0.0
131001.0,0,0,0.0
131001.0,0,0,0.0
131021.0,0,0,0.0
131304.0,0,0,0.0
131022.0,0,0,0.0
131302.0,0,0,0.0
131302.0,0,0,0.0
131039.0,0,0,0.0
131039.0,0,0,0.0
131101.0,0,0,0.0
131101.0,0,0,0.0
131101.0,0,0,0.0
131101.0,0,0,0.0
131101.0,0,0,0.0
131101.0,0,0,0.0
131301.0,0,0,0.0
131301.0,0,0,0.0
131301.0,0,0,0.0
131028.0,0,0,0.0
131028.0,0,0,0.0
131024.0,0,0,0.0
131305.0,0,0,0.0
131402.0,0,0,0.0
131402.0,0,0,0.0
131306.0,0,0,0.0
131027.0,0,0,0.0
131102.0,0,0,0.0
176301.0,0,0,0.0
176301.0,0,0,0.0
176301.0,0,0,0.0
176303.0,0,0,0.0
176303.0,0,0,0.0
176308.0,0,0,0.0
176316.0,0,0,0.0
176316.0,0,0,0.0
176316.0,0,0,0.0
176316.0,0,0,0.0
176316.0,0,0,0.0
176315.0,0,0,0.0
176302.0,0,0,0.0
176302.0,0,0,0.0
176302.0,0,0,0.0
176326.0,0,0,0.0
176309.0,0,0,0.0
176324.0,0,0,0.0
176324.0,0,0,0.0
176318.0,0,0,0.0
176318.0,0,0,0.0
176318.0,0,0,0.0
176318.0,0,0,0.0
176323.0,0,0,0.0
176323.0,0,0,0.0
176323.0,0,0,0.0
176323.0,0,0,0.0
176311.0,0,0,0.0
176311.0,0,0,0.0
176311.0,0,0,0.0
176321.0,0,0,0.0
176321.0,0,0,0.0
176321.0,0,0,0.0
176321.0,0,0,0.0
176321.0,0,0,0.0
176319.0,0,0,0.0
176319.0,0,0,0.0
176319.0,0,0,0.0
176207.0,0,0,0.0
176207.0,0,0,0.0
176207.0,0,0,0.0
176314.0,0,0,0.0
176314.0,0,0,0.0
176314.0,0,0,0.0
176314.0,0,0,0.0
176312.0,0,0,0.0
176330.0,0,0,0.0
176312.0,0,0,0.0
176312.0,0,0,0.0
177114.0,0,0,0.0
177103.0,0,0,0.0
176502.0,0,0,0.0
176033.0,0,0,0.0
176033.0,0,0,0.0
176028.0,0,0,0.0
176031.0,0,0,0.0
176031.0,0,0,0.0
176031.0,0,0,0.0
176030.0,0,0,0.0
176036.0,0,0,0.0
177104.0,0,0,0.0
177034.0,0,0,0.0
177112.0,0,0,0.0
176001.0,0,0,0.0
176001.0,0,0,0.0
176001.0,0,0,0.0
176001.0,0,0,0.0
176001.0,0,0,0.0
176001.0,0,0,0.0
176001.0,0,0,0.0
176054.0,0,0,0.0
176038.0,0,0,0.0
176209.0,0,0,0.0
176209.0,0,0,0.0
176023.0,0,0,0.0
176023.0,0,0,0.0
176026.0,0,0,0.0
176026.0,0,0,0.0
176047.0,0,0,0.0
176047.0,0,0,0.0
176027.0,0,0,0.0
176027.0,0,0,0.0
176208.0,0,0,0.0
176208.0,0,0,0.0
176051.0,0,0,0.0
176051.0,0,0,0.0
176051.0,0,0,0.0
176029.0,0,0,0.0
176029.0,0,0,0.0
176022.0,0,0,0.0
176022.0,0,0,0.0
176056.0,0,0,0.0
176200.0,0,0,0.0
176403.0,0,0,0.0
176403.0,0,0,0.0
176403.0,0,0,0.0
176403.0,0,0,0.0
176210.0,0,0,0.0
176401.0,0,0,0.0
176201.0,0,0,0.0
176205.0,0,0,0.0
176205.0,0,0,0.0
176205.0,0,0,0.0
176202.0,0,0,0.0
176058.0,0,0,0.0
176058.0,0,0,0.0
176211.0,0,0,0.0
176206.0,0,0,0.0
176206.0,0,0,0.0
176225.0,0,0,0.0
176052.0,0,0,0.0
176061.0,0,0,0.0
176061.0,0,0,0.0
176061.0,0,0,0.0
176061.0,0,0,0.0
176061.0,0,0,0.0
176061.0,0,0,0.0
176125.0,0,0,0.0
176125.0,0,0,0.0
176125.0,0,0,0.0
176125.0,0,0,0.0
176076.0,0,0,0.0
176083.0,0,0,0.0
176083.0,0,0,0.0
176077.0,0,0,0.0
176128.0,0,0,0.0
176101.0,0,0,0.0
176101.0,0,0,0.0
176086.0,0,0,0.0
176086.0,0,0,0.0
176096.0,0,0,0.0
176093.0,0,0,0.0
176093.0,0,0,0.0
176102.0,0,0,0.0
176084.0,0,0,0.0
176084.0,0,0,0.0
176084.0,0,0,0.0
176087.0,0,0,0.0
176087.0,0,0,0.0
176081.0,0,0,0.0
176107.0,0,0,0.0
176107.0,0,0,0.0
174305.0,0,0,0.0
177024.0,0,0,0.0
177024.0,0,0,0.0
176041.0,0,0,0.0
176041.0,0,0,0.0
176041.0,0,0,0.0
176041.0,0,0,0.0
176040.0,0,0,0.0
176039.0,0,0,0.0
177026.0,0,0,0.0
174405.0,0,0,0.0
174405.0,0,0,0.0
174312.0,0,0,0.0
176042.0,0,0,0.0
174311.0,0,0,0.0
174311.0,0,0,0.0
174001.0,0,0,0.0
174001.0,0,0,0.0
174002.0,0,0,0.0
174029.0,0,0,0.0
174201.0,0,0,0.0
174034.0,0,0,0.0
174021.0,0,0,0.0
174003.0,0,0,0.0
174026.0,0,0,0.0
174028.0,0,0,0.0
174028.0,0,0,0.0
174033.0,0,0,0.0
174035.0,0,0,0.0
174004.0,0,0,0.0
174026.0,0,0,0.0
174027.0,0,0,0.0
174030.0,0,0,0.0
174030.0,0,0,0.0
174030.0,0,0,0.0
174030.0,0,0,0.0
177001.0,0,0,0.0
177001.0,0,0,0.0
176108.0,0,0,0.0
176045.0,0,0,0.0
176045.0,0,0,0.0
177007.0,0,0,0.0
177401.0,0,0,0.0
177042.0,0,0,0.0
176109.0,0,0,0.0
177025.0,0,0,0.0
177025.0,0,0,0.0
177020.0,0,0,0.0
177020.0,0,0,0.0
177020.0,0,0,0.0
177033.0,0,0,0.0
177501.0,0,0,0.0
176111.0,0,0,0.0
176111.0,0,0,0.0
177045.0,0,0,0.0
177048.0,0,0,0.0
177023.0,0,0,0.0
177022.0,0,0,0.0
175132.0,0,0,0.0
175132.0,0,0,0.0
175132.0,0,0,0.0
175140.0,0,0,0.0
175133.0,0,0,0.0
175142.0,0,0,0.0
175142.0,0,0,0.0
175101.0,0,0,0.0
175101.0,0,0,0.0
175106.0,0,0,0.0
175106.0,0,0,0.0
175123.0,0,0,0.0
175123.0,0,0,0.0
175123.0,0,0,0.0
175123.0,0,0,0.0
175123.0,0,0,0.0
175125.0,0,0,0.0
175125.0,0,0,0.0
175125.0,0,0,0.0
175143.0,0,0,0.0
175105.0,0,0,0.0
175105.0,0,0,0.0
175129.0,0,0,0.0
175129.0,0,0,0.0
175131.0,0,0,0.0
175131.0,0,0,0.0
175131.0,0,0,0.0
175134.0,0,0,0.0
175134.0,0,0,0.0
175001.0,0,0,0.0
175001.0,0,0,0.0
175001.0,0,0,0.0
175001.0,0,0,0.0
175001.0,0,0,0.0
175121.0,0,0,0.0
175121.0,0,0,0.0
175033.0,0,0,0.0
175033.0,0,0,0.0
175013.0,0,0,0.0
175021.0,0,0,0.0
175021.0,0,0,0.0
175032.0,0,0,0.0
175032.0,0,0,0.0
175032.0,0,0,0.0
175032.0,0,0,0.0
175032.0,0,0,0.0
175040.0,0,0,0.0
175040.0,0,0,0.0
175006.0,0,0,0.0
175006.0,0,0,0.0
175049.0,0,0,0.0
175049.0,0,0,0.0
175015.0,0,0,0.0
175015.0,0,0,0.0
175015.0,0,0,0.0
175015.0,0,0,0.0
175005.0,0,0,0.0
175003.0,0,0,0.0
175003.0,0,0,0.0
175003.0,0,0,0.0
175016.0,0,0,0.0
175050.0,0,0,0.0
175008.0,0,0,0.0
415605.0,0,0,0.0
415605.0,0,0,0.0
415605.0,0,0,0.0
415605.0,0,0,0.0
415605.0,0,0,0.0
415605.0,0,0,0.0
415605.0,0,0,0.0
415605.0,0,0,0.0
415726.0,0,0,0.0
415726.0,0,0,0.0
415726.0,0,0,0.0
415714.0,0,0,0.0
415714.0,0,0,0.0
415621.0,0,0,0.0
415712.0,0,0,0.0
415712.0,0,0,0.0
415712.0,0,0,0.0
415712.0,0,0,0.0
415718.0,0,0,0.0
415703.0,0,0,0.0
415703.0,0,0,0.0
415640.0,0,0,0.0
415640.0,0,0,0.0
415709.0,0,0,0.0
415709.0,0,0,0.0
415709.0,0,0,0.0
415709.0,0,0,0.0
415709.0,0,0,0.0
415709.0,0,0,0.0
415604.0,0,0,0.0
415604.0,0,0,0.0
415604.0,0,0,0.0
415715.0,0,0,0.0
415715.0,0,0,0.0
415202.0,0,0,0.0
415722.0,0,0,0.0
415608.0,0,0,0.0
415608.0,0,0,0.0
415203.0,0,0,0.0
415702.0,0,0,0.0
415702.0,0,0,0.0
415641.0,0,0,0.0
415214.0,0,0,0.0
415701.0,0,0,0.0
415701.0,0,0,0.0
415606.0,0,0,0.0
415628.0,0,0,0.0
415628.0,0,0,0.0
415602.0,0,0,0.0
415724.0,0,0,0.0
415724.0,0,0,0.0
415724.0,0,0,0.0
415724.0,0,0,0.0
415719.0,0,0,0.0
415719.0,0,0,0.0
415719.0,0,0,0.0
415711.0,0,0,0.0
415208.0,0,0,0.0
415729.0,0,0,0.0
415612.0,0,0,0.0
415612.0,0,0,0.0
415612.0,0,0,0.0
416707.0,0,0,0.0
415637.0,0,0,0.0
416713.0,0,0,0.0
416713.0,0,0,0.0
416713.0,0,0,0.0
416712.0,0,0,0.0
416712.0,0,0,0.0
416712.0,0,0,0.0
416712.0,0,0,0.0
416712.0,0,0,0.0
415804.0,0,0,0.0
415804.0,0,0,0.0
415804.0,0,0,0.0
415804.0,0,0,0.0
415804.0,0,0,0.0
415804.0,0,0,0.0
415626.0,0,0,0.0
415619.0,0,0,0.0
415619.0,0,0,0.0
415619.0,0,0,0.0
415805.0,0,0,0.0
415805.0,0,0,0.0
415610.0,0,0,0.0
415620.0,0,0,0.0
415620.0,0,0,0.0
415620.0,0,0,0.0
415620.0,0,0,0.0
415620.0,0,0,0.0
415620.0,0,0,0.0
415620.0,0,0,0.0
415620.0,0,0,0.0
415617.0,0,0,0.0
416701.0,0,0,0.0
416701.0,0,0,0.0
416701.0,0,0,0.0
416701.0,0,0,0.0
415639.0,0,0,0.0
415639.0,0,0,0.0
416705.0,0,0,0.0
416704.0,0,0,0.0
416704.0,0,0,0.0
416704.0,0,0,0.0
415803.0,0,0,0.0
415803.0,0,0,0.0
415803.0,0,0,0.0
415616.0,0,0,0.0
416702.0,0,0,0.0
416702.0,0,0,0.0
416702.0,0,0,0.0
416702.0,0,0,0.0
416702.0,0,0,0.0
416702.0,0,0,0.0
416702.0,0,0,0.0
416702.0,0,0,0.0
416702.0,0,0,0.0
415613.0,0,0,0.0
415801.0,0,0,0.0
415801.0,0,0,0.0
415611.0,0,0,0.0
415611.0,0,0,0.0
415611.0,0,0,0.0
415611.0,0,0,0.0
415611.0,0,0,0.0
415643.0,0,0,0.0
415643.0,0,0,0.0
416401.0,0,0,0.0
416303.0,0,0,0.0
416402.0,0,0,0.0
416403.0,0,0,0.0
416403.0,0,0,0.0
416404.0,0,0,0.0
416404.0,0,0,0.0
416404.0,0,0,0.0
416405.0,0,0,0.0
416405.0,0,0,0.0
416407.0,0,0,0.0
416412.0,0,0,0.0
416412.0,0,0,0.0
416412.0,0,0,0.0
416311.0,0,0,0.0
416311.0,0,0,0.0
416419.0,0,0,0.0
416420.0,0,0,0.0
416312.0,0,0,0.0
416312.0,0,0,0.0
416312.0,0,0,0.0
416312.0,0,0,0.0
416312.0,0,0,0.0
416413.0,0,0,0.0
416314.0,0,0,0.0
416415.0,0,0,0.0
416415.0,0,0,0.0
416415.0,0,0,0.0
416415.0,0,0,0.0
415401.0,0,0,0.0
416301.0,0,0,0.0
415301.0,0,0,0.0
415301.0,0,0,0.0
415301.0,0,0,0.0
416302.0,0,0,0.0
416302.0,0,0,0.0
415303.0,0,0,0.0
415315.0,0,0,0.0
415305.0,0,0,0.0
415305.0,0,0,0.0
415305.0,0,0,0.0
415307.0,0,0,0.0
416308.0,0,0,0.0
416308.0,0,0,0.0
415405.0,0,0,0.0
415405.0,0,0,0.0
415405.0,0,0,0.0
416309.0,0,0,0.0
415309.0,0,0,0.0
415309.0,0,0,0.0
416408.0,0,0,0.0
416310.0,0,0,0.0
416310.0,0,0,0.0
415408.0,0,0,0.0
415409.0,0,0,0.0
415409.0,0,0,0.0
415311.0,0,0,0.0
415311.0,0,0,0.0
415311.0,0,0,0.0
415311.0,0,0,0.0
415311.0,0,0,0.0
415415.0,0,0,0.0
416605.0,0,0,0.0
416608.0,0,0,0.0
416605.0,0,0,0.0
416605.0,0,0,0.0
416614.0,0,0,0.0
416614.0,0,0,0.0
416605.0,0,0,0.0
416632.0,0,0,0.0
416632.0,0,0,0.0
416612.0,0,0,0.0
416612.0,0,0,0.0
416602.0,0,0,0.0
416602.0,0,0,0.0
416602.0,0,0,0.0
416604.0,0,0,0.0
416604.0,0,0,0.0
416604.0,0,0,0.0
416604.0,0,0,0.0
416703.0,0,0,0.0
416615.0,0,0,0.0
416630.0,0,0,0.0
416630.0,0,0,0.0
416601.0,0,0,0.0
416601.0,0,0,0.0
416616.0,0,0,0.0
416616.0,0,0,0.0
416610.0,0,0,0.0
416610.0,0,0,0.0
416812.0,0,0,0.0
416801.0,0,0,0.0
416813.0,0,0,0.0
416813.0,0,0,0.0
416813.0,0,0,0.0
416813.0,0,0,0.0
416810.0,0,0,0.0
416810.0,0,0,0.0
416511.0,0,0,0.0
416511.0,0,0,0.0
416512.0,0,0,0.0
416521.0,0,0,0.0
416531.0,0,0,0.0
416520.0,0,0,0.0
416520.0,0,0,0.0
416520.0,0,0,0.0
416514.0,0,0,0.0
416519.0,0,0,0.0
416519.0,0,0,0.0
416518.0,0,0,0.0
416516.0,0,0,0.0
416516.0,0,0,0.0
416549.0,0,0,0.0
410206.0,0,0,0.0
410206.0,0,0,0.0
410206.0,0,0,0.0
410206.0,0,0,0.0
410206.0,0,0,0.0
410201.0,0,0,0.0
410201.0,0,0,0.0
410201.0,0,0,0.0
410101.0,0,0,0.0
410221.0,0,0,0.0
410220.0,0,0,0.0
410207.0,0,0,0.0
400702.0,0,0,0.0
402101.0,0,0,0.0
402101.0,0,0,0.0
402101.0,0,0,0.0
402308.0,0,0,0.0
402302.0,0,0,0.0
402403.0,0,0,0.0
402203.0,0,0,0.0
402203.0,0,0,0.0
402102.0,0,0,0.0
402103.0,0,0,0.0
402103.0,0,0,0.0
402401.0,0,0,0.0
402401.0,0,0,0.0
402304.0,0,0,0.0
402209.0,0,0,0.0
402301.0,0,0,0.0
402301.0,0,0,0.0
402301.0,0,0,0.0
402301.0,0,0,0.0
402301.0,0,0,0.0
402301.0,0,0,0.0
402104.0,0,0,0.0
402104.0,0,0,0.0
402104.0,0,0,0.0
402104.0,0,0,0.0
402105.0,0,0,0.0
402105.0,0,0,0.0
402105.0,0,0,0.0
402117.0,0,0,0.0
402305.0,0,0,0.0
402305.0,0,0,0.0
402305.0,0,0,0.0
402305.0,0,0,0.0
402120.0,0,0,0.0
410205.0,0,0,0.0
410205.0,0,0,0.0
410205.0,0,0,0.0
402107.0,0,0,0.0
402107.0,0,0,0.0
402107.0,0,0,0.0
402107.0,0,0,0.0
402107.0,0,0,0.0
402107.0,0,0,0.0
402303.0,0,0,0.0
402303.0,0,0,0.0
402303.0,0,0,0.0
402303.0,0,0,0.0
402109.0,0,0,0.0
402109.0,0,0,0.0
402109.0,0,0,0.0
402122.0,0,0,0.0
402110.0,0,0,0.0
402110.0,0,0,0.0
402111.0,0,0,0.0
402111.0,0,0,0.0
402112.0,0,0,0.0
402115.0,0,0,0.0
402306.0,0,0,0.0
402307.0,0,0,0.0
402307.0,0,0,0.0
402113.0,0,0,0.0
421603.0,0,0,0.0
421402.0,0,0,0.0
421602.0,0,0,0.0
421602.0,0,0,0.0
421602.0,0,0,0.0
421605.0,0,0,0.0
421605.0,0,0,0.0
421401.0,0,0,0.0
421401.0,0,0,0.0
421401.0,0,0,0.0
421401.0,0,0,0.0
421505.0,0,0,0.0
421103.0,0,0,0.0
421103.0,0,0,0.0
421601.0,0,0,0.0
421601.0,0,0,0.0
421601.0,0,0,0.0
421601.0,0,0,0.0
421601.0,0,0,0.0
421601.0,0,0,0.0
421601.0,0,0,0.0
421601.0,0,0,0.0
421601.0,0,0,0.0
421302.0,0,0,0.0
421302.0,0,0,0.0
421302.0,0,0,0.0
421302.0,0,0,0.0
421302.0,0,0,0.0
421302.0,0,0,0.0
421312.0,0,0,0.0
421312.0,0,0,0.0
421101.0,0,0,0.0
401201.0,0,0,0.0
401101.0,0,0,0.0
401501.0,0,0,0.0
401501.0,0,0,0.0
401602.0,0,0,0.0
401602.0,0,0,0.0
401602.0,0,0,0.0
401602.0,0,0,0.0
401602.0,0,0,0.0
401603.0,0,0,0.0
401603.0,0,0,0.0
401603.0,0,0,0.0
401603.0,0,0,0.0
401403.0,0,0,0.0
401403.0,0,0,0.0
401403.0,0,0,0.0
401403.0,0,0,0.0
401604.0,0,0,0.0
401604.0,0,0,0.0
401203.0,0,0,0.0
401203.0,0,0,0.0
401606.0,0,0,0.0
401606.0,0,0,0.0
401606.0,0,0,0.0
401502.0,0,0,0.0
401102.0,0,0,0.0
401102.0,0,0,0.0
401106.0,0,0,0.0
401103.0,0,0,0.0
401208.0,0,0,0.0
401605.0,0,0,0.0
401605.0,0,0,0.0
401605.0,0,0,0.0
401303.0,0,0,0.0
401303.0,0,0,0.0
401303.0,0,0,0.0
401303.0,0,0,0.0
421303.0,0,0,0.0
421303.0,0,0,0.0
421303.0,0,0,0.0
421303.0,0,0,0.0
421303.0,0,0,0.0
444101.0,0,0,0.0
444101.0,0,0,0.0
444101.0,0,0,0.0
444101.0,0,0,0.0
444511.0,0,0,0.0
444511.0,0,0,0.0
444302.0,0,0,0.0
444401.0,0,0,0.0
444401.0,0,0,0.0
444401.0,0,0,0.0
444102.0,0,0,0.0
444102.0,0,0,0.0
444102.0,0,0,0.0
444102.0,0,0,0.0
444004.0,0,0,0.0
444103.0,0,0,0.0
444103.0,0,0,0.0
444110.0,0,0,0.0
444110.0,0,0,0.0
444110.0,0,0,0.0
444105.0,0,0,0.0
444105.0,0,0,0.0
444104.0,0,0,0.0
444104.0,0,0,0.0
444405.0,0,0,0.0
444405.0,0,0,0.0
444503.0,0,0,0.0
444503.0,0,0,0.0
444503.0,0,0,0.0
444503.0,0,0,0.0
444106.0,0,0,0.0
444106.0,0,0,0.0
444403.0,0,0,0.0
444403.0,0,0,0.0
444403.0,0,0,0.0
444404.0,0,0,0.0
444404.0,0,0,0.0
444404.0,0,0,0.0
444404.0,0,0,0.0
444107.0,0,0,0.0
444107.0,0,0,0.0
444107.0,0,0,0.0
444311.0,0,0,0.0
444311.0,0,0,0.0
444311.0,0,0,0.0
444501.0,0,0,0.0
444501.0,0,0,0.0
444501.0,0,0,0.0
444407.0,0,0,0.0
444407.0,0,0,0.0
444506.0,0,0,0.0
444506.0,0,0,0.0
444506.0,0,0,0.0
442001.0,0,0,0.0
444510.0,0,0,0.0
444510.0,0,0,0.0
444510.0,0,0,0.0
444402.0,0,0,0.0
444003.0,0,0,0.0
444504.0,0,0,0.0
441226.0,0,0,0.0
444006.0,0,0,0.0
444006.0,0,0,0.0
444006.0,0,0,0.0
444006.0,0,0,0.0
444108.0,0,0,0.0
444108.0,0,0,0.0
444108.0,0,0,0.0
444108.0,0,0,0.0
444108.0,0,0,0.0
444109.0,0,0,0.0
444109.0,0,0,0.0
444109.0,0,0,0.0
444109.0,0,0,0.0
444505.0,0,0,0.0
444505.0,0,0,0.0
444505.0,0,0,0.0
444505.0,0,0,0.0
444505.0,0,0,0.0
444505.0,0,0,0.0
444602.0,0,0,0.0
444602.0,0,0,0.0
444602.0,0,0,0.0
444701.0,0,0,0.0
444701.0,0,0,0.0
444904.0,0,0,0.0
444904.0,0,0,0.0
444904.0,0,0,0.0
444904.0,0,0,0.0
444904.0,0,0,0.0
444709.0,0,0,0.0
444709.0,0,0,0.0
444709.0,0,0,0.0
444709.0,0,0,0.0
444902.0,0,0,0.0
444902.0,0,0,0.0
444908.0,0,0,0.0
444802.0,0,0,0.0
444802.0,0,0,0.0
444711.0,0,0,0.0
444905.0,0,0,0.0
444905.0,0,0,0.0
444905.0,0,0,0.0
444905.0,0,0,0.0
444905.0,0,0,0.0
444905.0,0,0,0.0
444915.0,0,0,0.0
444804.0,0,0,0.0
444903.0,0,0,0.0
444903.0,0,0,0.0
444801.0,0,0,0.0
444801.0,0,0,0.0
444801.0,0,0,0.0
444801.0,0,0,0.0
444801.0,0,0,0.0
444801.0,0,0,0.0
444906.0,0,0,0.0
444906.0,0,0,0.0
444806.0,0,0,0.0
444806.0,0,0,0.0
444705.0,0,0,0.0
444705.0,0,0,0.0
444705.0,0,0,0.0
444720.0,0,0,0.0
444704.0,0,0,0.0
444704.0,0,0,0.0
444807.0,0,0,0.0
444803.0,0,0,0.0
444717.0,0,0,0.0
444717.0,0,0,0.0
444717.0,0,0,0.0
444702.0,0,0,0.0
444702.0,0,0,0.0
444702.0,0,0,0.0
444719.0,0,0,0.0
444719.0,0,0,0.0
444719.0,0,0,0.0
444719.0,0,0,0.0
444808.0,0,0,0.0
444808.0,0,0,0.0
444808.0,0,0,0.0
444813.0,0,0,0.0
444723.0,0,0,0.0
444723.0,0,0,0.0
444723.0,0,0,0.0
444803.0,0,0,0.0
444803.0,0,0,0.0
444803.0,0,0,0.0
444803.0,0,0,0.0
444803.0,0,0,0.0
444803.0,0,0,0.0
444706.0,0,0,0.0
444706.0,0,0,0.0
444706.0,0,0,0.0
444706.0,0,0,0.0
444706.0,0,0,0.0
443002.0,0,0,0.0
443002.0,0,0,0.0
443002.0,0,0,0.0
443201.0,0,0,0.0
443201.0,0,0,0.0
443201.0,0,0,0.0
443201.0,0,0,0.0
443201.0,0,0,0.0
443102.0,0,0,0.0
443102.0,0,0,0.0
443102.0,0,0,0.0
443206.0,0,0,0.0
443206.0,0,0,0.0
443204.0,0,0,0.0
443106.0,0,0,0.0
443106.0,0,0,0.0
443402.0,0,0,0.0
443402.0,0,0,0.0
443402.0,0,0,0.0
443402.0,0,0,0.0
443402.0,0,0,0.0
443101.0,0,0,0.0
443101.0,0,0,0.0
443101.0,0,0,0.0
443101.0,0,0,0.0
443103.0,0,0,0.0
443103.0,0,0,0.0
443103.0,0,0,0.0
443404.0,0,0,0.0
443202.0,0,0,0.0
443202.0,0,0,0.0
443203.0,0,0,0.0
443203.0,0,0,0.0
444303.0,0,0,0.0
444303.0,0,0,0.0
444303.0,0,0,0.0
444303.0,0,0,0.0
444303.0,0,0,0.0
444303.0,0,0,0.0
444301.0,0,0,0.0
443308.0,0,0,0.0
443304.0,0,0,0.0
443304.0,0,0,0.0
443304.0,0,0,0.0
443304.0,0,0,0.0
443304.0,0,0,0.0
443302.0,0,0,0.0
443302.0,0,0,0.0
443302.0,0,0,0.0
443302.0,0,0,0.0
443301.0,0,0,0.0
443301.0,0,0,0.0
443301.0,0,0,0.0
443301.0,0,0,0.0
443301.0,0,0,0.0
443301.0,0,0,0.0
444201.0,0,0,0.0
444306.0,0,0,0.0
444202.0,0,0,0.0
444203.0,0,0,0.0
444203.0,0,0,0.0
444203.0,0,0,0.0
444204.0,0,0,0.0
442705.0,0,0,0.0
442705.0,0,0,0.0
442705.0,0,0,0.0
442705.0,0,0,0.0
442705.0,0,0,0.0
442703.0,0,0,0.0
442703.0,0,0,0.0
442703.0,0,0,0.0
442703.0,0,0,0.0
442914.0,0,0,0.0
441208.0,0,0,0.0
441208.0,0,0,0.0
442707.0,0,0,0.0
442707.0,0,0,0.0
442707.0,0,0,0.0
442707.0,0,0,0.0
442707.0,0,0,0.0
442917.0,0,0,0.0
442701.0,0,0,0.0
441226.0,0,0,0.0
441226.0,0,0,0.0
441226.0,0,0,0.0
442902.0,0,0,0.0
442902.0,0,0,0.0
442906.0,0,0,0.0
442906.0,0,0,0.0
442906.0,0,0,0.0
442710.0,0,0,0.0
442710.0,0,0,0.0
442710.0,0,0,0.0
442710.0,0,0,0.0
442710.0,0,0,0.0
442710.0,0,0,0.0
442710.0,0,0,0.0
442710.0,0,0,0.0
442710.0,0,0,0.0
442710.0,0,0,0.0
442710.0,0,0,0.0
442710.0,0,0,0.0
441206.0,0,0,0.0
441206.0,0,0,0.0
441206.0,0,0,0.0
441206.0,0,0,0.0
441206.0,0,0,0.0
442603.0,0,0,0.0
442603.0,0,0,0.0
442603.0,0,0,0.0
442603.0,0,0,0.0
442603.0,0,0,0.0
442603.0,0,0,0.0
442603.0,0,0,0.0
442603.0,0,0,0.0
442603.0,0,0,0.0
442402.0,0,0,0.0
442404.0,0,0,0.0
442908.0,0,0,0.0
442908.0,0,0,0.0
442908.0,0,0,0.0
442908.0,0,0,0.0
442908.0,0,0,0.0
442908.0,0,0,0.0
442908.0,0,0,0.0
442903.0,0,0,0.0
442903.0,0,0,0.0
442903.0,0,0,0.0
442903.0,0,0,0.0
442903.0,0,0,0.0
442903.0,0,0,0.0
441207.0,0,0,0.0
441207.0,0,0,0.0
441207.0,0,0,0.0
441207.0,0,0,0.0
442606.0,0,0,0.0
442606.0,0,0,0.0
442606.0,0,0,0.0
574143.0,0,0,0.0
574143.0,0,0,0.0
574162.0,0,0,0.0
574144.0,0,0,0.0
574153.0,0,0,0.0
574199.0,0,0,0.0
575017.0,0,0,0.0
575023.0,0,0,0.0
574142.0,0,0,0.0
574146.0,0,0,0.0
574146.0,0,0,0.0
574146.0,0,0,0.0
575030.0,0,0,0.0
575030.0,0,0,0.0
574150.0,0,0,0.0
575019.0,0,0,0.0
575013.0,0,0,0.0
574154.0,0,0,0.0
574154.0,0,0,0.0
571106.0,0,0,0.0
571490.0,0,0,0.0
574101.0,0,0,0.0
574102.0,0,0,0.0
574122.0,0,0,0.0
574213.0,0,0,0.0
576112.0,0,0,0.0
576112.0,0,0,0.0
576112.0,0,0,0.0
574129.0,0,0,0.0
574129.0,0,0,0.0
574197.0,0,0,0.0
574227.0,0,0,0.0
574108.0,0,0,0.0
574109.0,0,0,0.0
574236.0,0,0,0.0
574242.0,0,0,0.0
574242.0,0,0,0.0
574242.0,0,0,0.0
574242.0,0,0,0.0
574242.0,0,0,0.0
574211.0,0,0,0.0
574211.0,0,0,0.0
574211.0,0,0,0.0
574211.0,0,0,0.0
574211.0,0,0,0.0
574212.0,0,0,0.0
574212.0,0,0,0.0
574214.0,0,0,0.0
574216.0,0,0,0.0
574217.0,0,0,0.0
574217.0,0,0,0.0
574218.0,0,0,0.0
574218.0,0,0,0.0
574219.0,0,0,0.0
574222.0,0,0,0.0
574326.0,0,0,0.0
574198.0,0,0,0.0
574224.0,0,0,0.0
574224.0,0,0,0.0
574323.0,0,0,0.0
574253.0,0,0,0.0
574228.0,0,0,0.0
574203.0,0,0,0.0
574259.0,0,0,0.0
574231.0,0,0,0.0
574232.0,0,0,0.0
574232.0,0,0,0.0
574234.0,0,0,0.0
574237.0,0,0,0.0
574237.0,0,0,0.0
574238.0,0,0,0.0
574239.0,0,0,0.0
574239.0,0,0,0.0
574241.0,0,0,0.0
574241.0,0,0,0.0
574324.0,0,0,0.0
574243.0,0,0,0.0
574243.0,0,0,0.0
574243.0,0,0,0.0
574265.0,0,0,0.0
577301.0,0,0,0.0
577301.0,0,0,0.0
577425.0,0,0,0.0
577245.0,0,0,0.0
577115.0,0,0,0.0
577213.0,0,0,0.0
577213.0,0,0,0.0
577215.0,0,0,0.0
577227.0,0,0,0.0
577227.0,0,0,0.0
577227.0,0,0,0.0
577218.0,0,0,0.0
577218.0,0,0,0.0
577233.0,0,0,0.0
577221.0,0,0,0.0
577552.0,0,0,0.0
577552.0,0,0,0.0
577552.0,0,0,0.0
577224.0,0,0,0.0
577401.0,0,0,0.0
577401.0,0,0,0.0
577401.0,0,0,0.0
577412.0,0,0,0.0
577412.0,0,0,0.0
577413.0,0,0,0.0
577453.0,0,0,0.0
577453.0,0,0,0.0
577453.0,0,0,0.0
577435.0,0,0,0.0
577421.0,0,0,0.0
577421.0,0,0,0.0
577421.0,0,0,0.0
577423.0,0,0,0.0
577452.0,0,0,0.0
577427.0,0,0,0.0
577427.0,0,0,0.0
577427.0,0,0,0.0
577427.0,0,0,0.0
577427.0,0,0,0.0
577427.0,0,0,0.0
577428.0,0,0,0.0
577428.0,0,0,0.0
577428.0,0,0,0.0
577428.0,0,0,0.0
577429.0,0,0,0.0
577433.0,0,0,0.0
577433.0,0,0,0.0
577434.0,0,0,0.0
577414.0,0,0,0.0
577551.0,0,0,0.0
577415.0,0,0,0.0
577214.0,0,0,0.0
577216.0,0,0,0.0
577216.0,0,0,0.0
577217.0,0,0,0.0
577217.0,0,0,0.0
577436.0,0,0,0.0
577436.0,0,0,0.0
577436.0,0,0,0.0
577231.0,0,0,0.0
577422.0,0,0,0.0
577422.0,0,0,0.0
577219.0,0,0,0.0
577219.0,0,0,0.0
577219.0,0,0,0.0
577222.0,0,0,0.0
577222.0,0,0,0.0
577223.0,0,0,0.0
577223.0,0,0,0.0
577223.0,0,0,0.0
577426.0,0,0,0.0
577225.0,0,0,0.0
577432.0,0,0,0.0
577432.0,0,0,0.0
577432.0,0,0,0.0
577226.0,0,0,0.0
577226.0,0,0,0.0
577203.0,0,0,0.0
577204.0,0,0,0.0
572211.0,0,0,0.0
572211.0,0,0,0.0
572211.0,0,0,0.0
572111.0,0,0,0.0
572111.0,0,0,0.0
572111.0,0,0,0.0
572114.0,0,0,0.0
572114.0,0,0,0.0
572213.0,0,0,0.0
572213.0,0,0,0.0
572213.0,0,0,0.0
572213.0,0,0,0.0
572117.0,0,0,0.0
572117.0,0,0,0.0
572117.0,0,0,0.0
572117.0,0,0,0.0
572214.0,0,0,0.0
572214.0,0,0,0.0
572214.0,0,0,0.0
572214.0,0,0,0.0
572215.0,0,0,0.0
572216.0,0,0,0.0
572216.0,0,0,0.0
572216.0,0,0,0.0
572119.0,0,0,0.0
572119.0,0,0,0.0
572119.0,0,0,0.0
572119.0,0,0,0.0
572119.0,0,0,0.0
572119.0,0,0,0.0
572217.0,0,0,0.0
572218.0,0,0,0.0
572123.0,0,0,0.0
572123.0,0,0,0.0
572123.0,0,0,0.0
572220.0,0,0,0.0
572220.0,0,0,0.0
572228.0,0,0,0.0
572126.0,0,0,0.0
572130.0,0,0,0.0
572130.0,0,0,0.0
572130.0,0,0,0.0
572130.0,0,0,0.0
572221.0,0,0,0.0
572222.0,0,0,0.0
572222.0,0,0,0.0
572223.0,0,0,0.0
572223.0,0,0,0.0
572223.0,0,0,0.0
572224.0,0,0,0.0
572224.0,0,0,0.0
572226.0,0,0,0.0
572201.0,0,0,0.0
572201.0,0,0,0.0
572201.0,0,0,0.0
572227.0,0,0,0.0
572227.0,0,0,0.0
572227.0,0,0,0.0
572112.0,0,0,0.0
572112.0,0,0,0.0
572113.0,0,0,0.0
572115.0,0,0,0.0
572115.0,0,0,0.0
572116.0,0,0,0.0
572116.0,0,0,0.0
572118.0,0,0,0.0
572120.0,0,0,0.0
572120.0,0,0,0.0
572122.0,0,0,0.0
572124.0,0,0,0.0
572125.0,0,0,0.0
572125.0,0,0,0.0
572125.0,0,0,0.0
572127.0,0,0,0.0
572127.0,0,0,0.0
572127.0,0,0,0.0
572128.0,0,0,0.0
572128.0,0,0,0.0
572129.0,0,0,0.0
572129.0,0,0,0.0
572129.0,0,0,0.0
572129.0,0,0,0.0
572104.0,0,0,0.0
572107.0,0,0,0.0
572107.0,0,0,0.0
572132.0,0,0,0.0
572132.0,0,0,0.0
572135.0,0,0,0.0
572135.0,0,0,0.0
572136.0,0,0,0.0
561202.0,0,0,0.0
561202.0,0,0,0.0
561202.0,0,0,0.0
572175.0,0,0,0.0
572137.0,0,0,0.0
572139.0,0,0,0.0
572138.0,0,0,0.0
572138.0,0,0,0.0
572138.0,0,0,0.0
572140.0,0,0,0.0
572140.0,0,0,0.0
576211.0,0,0,0.0
576211.0,0,0,0.0
576212.0,0,0,0.0
576212.0,0,0,0.0
576214.0,0,0,0.0
576214.0,0,0,0.0
576217.0,0,0,0.0
576283.0,0,0,0.0
576283.0,0,0,0.0
576219.0,0,0,0.0
576222.0,0,0,0.0
576222.0,0,0,0.0
576224.0,0,0,0.0
576227.0,0,0,0.0
576227.0,0,0,0.0
576229.0,0,0,0.0
576231.0,0,0,0.0
576235.0,0,0,0.0
576232.0,0,0,0.0
576233.0,0,0,0.0
576233.0,0,0,0.0
576210.0,0,0,0.0
576210.0,0,0,0.0
576213.0,0,0,0.0
576213.0,0,0,0.0
576215.0,0,0,0.0
576221.0,0,0,0.0
576108.0,0,0,0.0
576223.0,0,0,0.0
576223.0,0,0,0.0
576223.0,0,0,0.0
576107.0,0,0,0.0
576225.0,0,0,0.0
576105.0,0,0,0.0
576103.0,0,0,0.0
576103.0,0,0,0.0
574106.0,0,0,0.0
576102.0,0,0,0.0
576120.0,0,0,0.0
574117.0,0,0,0.0
574117.0,0,0,0.0
688011.0,0,0,0.0
688561.0,0,0,0.0
688561.0,0,0,0.0
688006.0,0,0,0.0
688503.0,0,0,0.0
688504.0,0,0,0.0
688003.0,0,0,0.0
688562.0,0,0,0.0
688537.0,0,0,0.0
688537.0,0,0,0.0
688537.0,0,0,0.0
688531.0,0,0,0.0
688526.0,0,0,0.0
688523.0,0,0,0.0
688527.0,0,0,0.0
688540.0,0,0,0.0
683511.0,0,0,0.0
683511.0,0,0,0.0
683572.0,0,0,0.0
683572.0,0,0,0.0
683578.0,0,0,0.0
683561.0,0,0,0.0
683575.0,0,0,0.0
683581.0,0,0,0.0
683577.0,0,0,0.0
683516.0,0,0,0.0
683594.0,0,0,0.0
683108.0,0,0,0.0
683522.0,0,0,0.0
683517.0,0,0,0.0
686672.0,0,0,0.0
686672.0,0,0,0.0
682311.0,0,0,0.0
686662.0,0,0,0.0
686669.0,0,0,0.0
686669.0,0,0,0.0
686673.0,0,0,0.0
686673.0,0,0,0.0
686667.0,0,0,0.0
686664.0,0,0,0.0
686664.0,0,0,0.0
686664.0,0,0,0.0
686671.0,0,0,0.0
686671.0,0,0,0.0
686671.0,0,0,0.0
686671.0,0,0,0.0
686670.0,0,0,0.0
686670.0,0,0,0.0
686681.0,0,0,0.0
686681.0,0,0,0.0
686681.0,0,0,0.0
686681.0,0,0,0.0
686681.0,0,0,0.0
683544.0,0,0,0.0
683544.0,0,0,0.0
686691.0,0,0,0.0
686691.0,0,0,0.0
686691.0,0,0,0.0
686693.0,0,0,0.0
686693.0,0,0,0.0
686692.0,0,0,0.0
686541.0,0,0,0.0
686541.0,0,0,0.0
686544.0,0,0,0.0
686544.0,0,0,0.0
686544.0,0,0,0.0
686544.0,0,0,0.0
686536.0,0,0,0.0
686102.0,0,0,0.0
686535.0,0,0,0.0
686503.0,0,0,0.0
686503.0,0,0,0.0
686520.0,0,0,0.0
686520.0,0,0,0.0
686508.0,0,0,0.0
686510.0,0,0,0.0
686510.0,0,0,0.0
686502.0,0,0,0.0
686512.0,0,0,0.0
686506.0,0,0,0.0
686506.0,0,0,0.0
686515.0,0,0,0.0
686519.0,0,0,0.0
682306.0,0,0,0.0
682306.0,0,0,0.0
682030.0,0,0,0.0
682030.0,0,0,0.0
682030.0,0,0,0.0
683104.0,0,0,0.0
682315.0,0,0,0.0
682506.0,0,0,0.0
682308.0,0,0,0.0
682305.0,0,0,0.0
682507.0,0,0,0.0
685501.0,0,0,0.0
685514.0,0,0,0.0
685514.0,0,0,0.0
685602.0,0,0,0.0
685602.0,0,0,0.0
685602.0,0,0,0.0
685552.0,0,0,0.0
685552.0,0,0,0.0
685515.0,0,0,0.0
685515.0,0,0,0.0
685604.0,0,0,0.0
685604.0,0,0,0.0
685553.0,0,0,0.0
685553.0,0,0,0.0
685553.0,0,0,0.0
685553.0,0,0,0.0
685531.0,0,0,0.0
685554.0,0,0,0.0
685533.0,0,0,0.0
685533.0,0,0,0.0
685533.0,0,0,0.0
685533.0,0,0,0.0
685565.0,0,0,0.0
685565.0,0,0,0.0
685615.0,0,0,0.0
685588.0,0,0,0.0
685588.0,0,0,0.0
685562.0,0,0,0.0
685581.0,0,0,0.0
685581.0,0,0,0.0
685586.0,0,0,0.0
685582.0,0,0,0.0
685582.0,0,0,0.0
685590.0,0,0,0.0
685590.0,0,0,0.0
685620.0,0,0,0.0
685620.0,0,0,0.0
685612.0,0,0,0.0
685587.0,0,0,0.0
685587.0,0,0,0.0
685619.0,0,0,0.0
685619.0,0,0,0.0
685619.0,0,0,0.0
685618.0,0,0,0.0
685614.0,0,0,0.0
685608.0,0,0,0.0
680309.0,0,0,0.0
680308.0,0,0,0.0
680724.0,0,0,0.0
680734.0,0,0,0.0
680732.0,0,0,0.0
680311.0,0,0,0.0
680699.0,0,0,0.0
680304.0,0,0,0.0
680310.0,0,0,0.0
680301.0,0,0,0.0
680303.0,0,0,0.0
680666.0,0,0,0.0
680681.0,0,0,0.0
680702.0,0,0,0.0
680682.0,0,0,0.0
680697.0,0,0,0.0
680567.0,0,0,0.0
680662.0,0,0,0.0
686562.0,0,0,0.0
686564.0,0,0,0.0
686564.0,0,0,0.0
686631.0,0,0,0.0
686631.0,0,0,0.0
686020.0,0,0,0.0
686020.0,0,0,0.0
686003.0,0,0,0.0
686019.0,0,0,0.0
686019.0,0,0,0.0
686516.0,0,0,0.0
686651.0,0,0,0.0
686651.0,0,0,0.0
686651.0,0,0,0.0
686651.0,0,0,0.0
686574.0,0,0,0.0
686574.0,0,0,0.0
686571.0,0,0,0.0
686583.0,0,0,0.0
686635.0,0,0,0.0
686635.0,0,0,0.0
686652.0,0,0,0.0
686579.0,0,0,0.0
686579.0,0,0,0.0
686579.0,0,0,0.0
686582.0,0,0,0.0
686582.0,0,0,0.0
686582.0,0,0,0.0
686577.0,0,0,0.0
686573.0,0,0,0.0
686580.0,0,0,0.0
686604.0,0,0,0.0
686611.0,0,0,0.0
686144.0,0,0,0.0
686633.0,0,0,0.0
686633.0,0,0,0.0
686603.0,0,0,0.0
686603.0,0,0,0.0
686613.0,0,0,0.0
686612.0,0,0,0.0
686634.0,0,0,0.0
686634.0,0,0,0.0
686634.0,0,0,0.0
686146.0,0,0,0.0
690514.0,0,0,0.0
690104.0,0,0,0.0
690104.0,0,0,0.0
689622.0,0,0,0.0
691524.0,0,0,0.0
691526.0,0,0,0.0
689694.0,0,0,0.0
689514.0,0,0,0.0
691555.0,0,0,0.0
691555.0,0,0,0.0
689693.0,0,0,0.0
689693.0,0,0,0.0
689503.0,0,0,0.0
691551.0,0,0,0.0
691554.0,0,0,0.0
691554.0,0,0,0.0
690561.0,0,0,0.0
690522.0,0,0,0.0
689502.0,0,0,0.0
689502.0,0,0,0.0
689674.0,0,0,0.0
689677.0,0,0,0.0
689643.0,0,0,0.0
689643.0,0,0,0.0
689648.0,0,0,0.0
689691.0,0,0,0.0
689691.0,0,0,0.0
424109.0,0,0,0.0
424109.0,0,0,0.0
424109.0,0,0,0.0
423212.0,0,0,0.0
422303.0,0,0,0.0
422303.0,0,0,0.0
422303.0,0,0,0.0
422209.0,0,0,0.0
422209.0,0,0,0.0
423108.0,0,0,0.0
423301.0,0,0,0.0
423301.0,0,0,0.0
423301.0,0,0,0.0
423301.0,0,0,0.0
423301.0,0,0,0.0
423301.0,0,0,0.0
423301.0,0,0,0.0
423208.0,0,0,0.0
423110.0,0,0,0.0
423110.0,0,0,0.0
423110.0,0,0,0.0
423117.0,0,0,0.0
423206.0,0,0,0.0
423206.0,0,0,0.0
422305.0,0,0,0.0
423401.0,0,0,0.0
423205.0,0,0,0.0
431750.0,0,0,0.0
431704.0,0,0,0.0
431704.0,0,0,0.0
431745.0,0,0,0.0
431746.0,0,0,0.0
431746.0,0,0,0.0
431746.0,0,0,0.0
431801.0,0,0,0.0
431801.0,0,0,0.0
431710.0,0,0,0.0
431710.0,0,0,0.0
431810.0,0,0,0.0
431810.0,0,0,0.0
431810.0,0,0,0.0
431717.0,0,0,0.0
431717.0,0,0,0.0
431717.0,0,0,0.0
431722.0,0,0,0.0
431722.0,0,0,0.0
431722.0,0,0,0.0
431811.0,0,0,0.0
431712.0,0,0,0.0
431712.0,0,0,0.0
431712.0,0,0,0.0
431741.0,0,0,0.0
431741.0,0,0,0.0
431802.0,0,0,0.0
431803.0,0,0,0.0
431803.0,0,0,0.0
431803.0,0,0,0.0
431718.0,0,0,0.0
431804.0,0,0,0.0
431804.0,0,0,0.0
431804.0,0,0,0.0
431804.0,0,0,0.0
431711.0,0,0,0.0
431742.0,0,0,0.0
431742.0,0,0,0.0
431708.0,0,0,0.0
431708.0,0,0,0.0
431708.0,0,0,0.0
431708.0,0,0,0.0
431721.0,0,0,0.0
431721.0,0,0,0.0
431721.0,0,0,0.0
431721.0,0,0,0.0
431721.0,0,0,0.0
431721.0,0,0,0.0
431721.0,0,0,0.0
431805.0,0,0,0.0
431805.0,0,0,0.0
431805.0,0,0,0.0
431805.0,0,0,0.0
431806.0,0,0,0.0
431806.0,0,0,0.0
431806.0,0,0,0.0
431806.0,0,0,0.0
431719.0,0,0,0.0
431741.0,0,0,0.0
431715.0,0,0,0.0
431715.0,0,0,0.0
431715.0,0,0,0.0
431715.0,0,0,0.0
431722.0,0,0,0.0
431715.0,0,0,0.0
431709.0,0,0,0.0
431709.0,0,0,0.0
431709.0,0,0,0.0
431709.0,0,0,0.0
431743.0,0,0,0.0
431707.0,0,0,0.0
431723.0,0,0,0.0
431736.0,0,0,0.0
431736.0,0,0,0.0
431602.0,0,0,0.0
431606.0,0,0,0.0
431713.0,0,0,0.0
431605.0,0,0,0.0
431807.0,0,0,0.0
431807.0,0,0,0.0
431807.0,0,0,0.0
422010.0,0,0,0.0
422202.0,0,0,0.0
422202.0,0,0,0.0
422202.0,0,0,0.0
422202.0,0,0,0.0
422203.0,0,0,0.0
422204.0,0,0,0.0
422204.0,0,0,0.0
422204.0,0,0,0.0
422007.0,0,0,0.0
422007.0,0,0,0.0
422007.0,0,0,0.0
422007.0,0,0,0.0
422007.0,0,0,0.0
422004.0,0,0,0.0
422004.0,0,0,0.0
422207.0,0,0,0.0
422003.0,0,0,0.0
422003.0,0,0,0.0
422003.0,0,0,0.0
422003.0,0,0,0.0
422208.0,0,0,0.0
422208.0,0,0,0.0
422208.0,0,0,0.0
422208.0,0,0,0.0
422208.0,0,0,0.0
422208.0,0,0,0.0
422211.0,0,0,0.0
422211.0,0,0,0.0
422211.0,0,0,0.0
422212.0,0,0,0.0
422212.0,0,0,0.0
422212.0,0,0,0.0
422212.0,0,0,0.0
422213.0,0,0,0.0
422215.0,0,0,0.0
422502.0,0,0,0.0
422201.0,0,0,0.0
422401.0,0,0,0.0
422402.0,0,0,0.0
422402.0,0,0,0.0
422402.0,0,0,0.0
422112.0,0,0,0.0
422403.0,0,0,0.0
422403.0,0,0,0.0
422403.0,0,0,0.0
422102.0,0,0,0.0
422102.0,0,0,0.0
422210.0,0,0,0.0
422103.0,0,0,0.0
422103.0,0,0,0.0
422103.0,0,0,0.0
422103.0,0,0,0.0
422214.0,0,0,0.0
413515.0,0,0,0.0
413515.0,0,0,0.0
413522.0,0,0,0.0
413522.0,0,0,0.0
413520.0,0,0,0.0
413520.0,0,0,0.0
413520.0,0,0,0.0
413520.0,0,0,0.0
413511.0,0,0,0.0
413511.0,0,0,0.0
413513.0,0,0,0.0
413513.0,0,0,0.0
413519.0,0,0,0.0
413519.0,0,0,0.0
413519.0,0,0,0.0
413532.0,0,0,0.0
413581.0,0,0,0.0
413516.0,0,0,0.0
413516.0,0,0,0.0
413524.0,0,0,0.0
413521.0,0,0,0.0
431522.0,0,0,0.0
431522.0,0,0,0.0
413527.0,0,0,0.0
413527.0,0,0,0.0
413544.0,0,0,0.0
413544.0,0,0,0.0
413514.0,0,0,0.0
413514.0,0,0,0.0
413514.0,0,0,0.0
413514.0,0,0,0.0
413531.0,0,0,0.0
413531.0,0,0,0.0
413531.0,0,0,0.0
413531.0,0,0,0.0
413531.0,0,0,0.0
413531.0,0,0,0.0
413517.0,0,0,0.0
413517.0,0,0,0.0
413517.0,0,0,0.0
413517.0,0,0,0.0
413517.0,0,0,0.0
413517.0,0,0,0.0
413405.0,0,0,0.0
413582.0,0,0,0.0
413405.0,0,0,0.0
413582.0,0,0,0.0
413603.0,0,0,0.0
413603.0,0,0,0.0
413603.0,0,0,0.0
413603.0,0,0,0.0
413506.0,0,0,0.0
413504.0,0,0,0.0
413504.0,0,0,0.0
413504.0,0,0,0.0
413604.0,0,0,0.0
413604.0,0,0,0.0
413507.0,0,0,0.0
413507.0,0,0,0.0
413507.0,0,0,0.0
413507.0,0,0,0.0
413507.0,0,0,0.0
413608.0,0,0,0.0
413608.0,0,0,0.0
413608.0,0,0,0.0
413623.0,0,0,0.0
413602.0,0,0,0.0
413602.0,0,0,0.0
413602.0,0,0,0.0
413602.0,0,0,0.0
413606.0,0,0,0.0
413606.0,0,0,0.0
413606.0,0,0,0.0
413606.0,0,0,0.0
413606.0,0,0,0.0
413606.0,0,0,0.0
413502.0,0,0,0.0
413502.0,0,0,0.0
413502.0,0,0,0.0
413528.0,0,0,0.0
413505.0,0,0,0.0
413505.0,0,0,0.0
413509.0,0,0,0.0
413509.0,0,0,0.0
413509.0,0,0,0.0
413601.0,0,0,0.0
413601.0,0,0,0.0
413601.0,0,0,0.0
413601.0,0,0,0.0
413503.0,0,0,0.0
413405.0,0,0,0.0
413525.0,0,0,0.0
413525.0,0,0,0.0
431701.0,0,0,0.0
431701.0,0,0,0.0
431701.0,0,0,0.0
431701.0,0,0,0.0
431701.0,0,0,0.0
431701.0,0,0,0.0
431701.0,0,0,0.0
431701.0,0,0,0.0
431701.0,0,0,0.0
431701.0,0,0,0.0
431507.0,0,0,0.0
431543.0,0,0,0.0
431543.0,0,0,0.0
431705.0,0,0,0.0
431705.0,0,0,0.0
431512.0,0,0,0.0
431508.0,0,0,0.0
431508.0,0,0,0.0
431508.0,0,0,0.0
431508.0,0,0,0.0
431521.0,0,0,0.0
431521.0,0,0,0.0
431514.0,0,0,0.0
431514.0,0,0,0.0
431514.0,0,0,0.0
431514.0,0,0,0.0
431514.0,0,0,0.0
431514.0,0,0,0.0
431703.0,0,0,0.0
431513.0,0,0,0.0
431513.0,0,0,0.0
431513.0,0,0,0.0
431513.0,0,0,0.0
431509.0,0,0,0.0
431705.0,0,0,0.0
431509.0,0,0,0.0
431702.0,0,0,0.0
431702.0,0,0,0.0
431702.0,0,0,0.0
431702.0,0,0,0.0
431702.0,0,0,0.0
431702.0,0,0,0.0
431504.0,0,0,0.0
431504.0,0,0,0.0
431505.0,0,0,0.0
431505.0,0,0,0.0
431505.0,0,0,0.0
431505.0,0,0,0.0
431402.0,0,0,0.0
431402.0,0,0,0.0
431402.0,0,0,0.0
431402.0,0,0,0.0
431402.0,0,0,0.0
431402.0,0,0,0.0
431720.0,0,0,0.0
431720.0,0,0,0.0
431501.0,0,0,0.0
431501.0,0,0,0.0
431501.0,0,0,0.0
431506.0,0,0,0.0
431537.0,0,0,0.0
431537.0,0,0,0.0
431511.0,0,0,0.0
431511.0,0,0,0.0
431511.0,0,0,0.0
431511.0,0,0,0.0
431541.0,0,0,0.0
431536.0,0,0,0.0
431536.0,0,0,0.0
431503.0,0,0,0.0
431503.0,0,0,0.0
431503.0,0,0,0.0
431502.0,0,0,0.0
431502.0,0,0,0.0
431502.0,0,0,0.0
431542.0,0,0,0.0
431542.0,0,0,0.0
431542.0,0,0,0.0
431516.0,0,0,0.0
431516.0,0,0,0.0
431510.0,0,0,0.0
431510.0,0,0,0.0
431510.0,0,0,0.0
431510.0,0,0,0.0
431510.0,0,0,0.0
795126.0,0,0,0.0
795126.0,0,0,0.0
795102.0,0,0,0.0
795102.0,0,0,0.0
795102.0,0,0,0.0
795102.0,0,0,0.0
795102.0,0,0,0.0
795102.0,0,0,0.0
795102.0,0,0,0.0
795006.0,0,0,0.0
795128.0,0,0,0.0
795006.0,0,0,0.0
795006.0,0,0,0.0
795128.0,0,0,0.0
795128.0,0,0,0.0
795128.0,0,0,0.0
795128.0,0,0,0.0
795113.0,0,0,0.0
795113.0,0,0,0.0
795113.0,0,0,0.0
795113.0,0,0,0.0
795115.0,0,0,0.0
795116.0,0,0,0.0
795116.0,0,0,0.0
795116.0,0,0,0.0
795128.0,0,0,0.0
795116.0,0,0,0.0
795103.0,0,0,0.0
795103.0,0,0,0.0
795122.0,0,0,0.0
795129.0,0,0,0.0
795007.0,0,0,0.0
795007.0,0,0,0.0
795010.0,0,0,0.0
795010.0,0,0,0.0
795010.0,0,0,0.0
795004.0,0,0,0.0
795004.0,0,0,0.0
795004.0,0,0,0.0
795146.0,0,0,0.0
795130.0,0,0,0.0
795145.0,0,0,0.0
795145.0,0,0,0.0
795145.0,0,0,0.0
795145.0,0,0,0.0
795145.0,0,0,0.0
795145.0,0,0,0.0
795145.0,0,0,0.0
795145.0,0,0,0.0
795145.0,0,0,0.0
795145.0,0,0,0.0
795145.0,0,0,0.0
795145.0,0,0,0.0
795145.0,0,0,0.0
795145.0,0,0,0.0
795145.0,0,0,0.0
795145.0,0,0,0.0
795124.0,0,0,0.0
795003.0,0,0,0.0
795003.0,0,0,0.0
795002.0,0,0,0.0
795002.0,0,0,0.0
795002.0,0,0,0.0
795002.0,0,0,0.0
795015.0,0,0,0.0
795015.0,0,0,0.0
795132.0,0,0,0.0
795132.0,0,0,0.0
795132.0,0,0,0.0
795133.0,0,0,0.0
795133.0,0,0,0.0
795133.0,0,0,0.0
795133.0,0,0,0.0
795133.0,0,0,0.0
795133.0,0,0,0.0
795131.0,0,0,0.0
795131.0,0,0,0.0
795107.0,0,0,0.0
795107.0,0,0,0.0
795134.0,0,0,0.0
795134.0,0,0,0.0
795159.0,0,0,0.0
795159.0,0,0,0.0
795159.0,0,0,0.0
795147.0,0,0,0.0
795135.0,0,0,0.0
795135.0,0,0,0.0
795135.0,0,0,0.0
795135.0,0,0,0.0
795117.0,0,0,0.0
795118.0,0,0,0.0
795118.0,0,0,0.0
795118.0,0,0,0.0
795136.0,0,0,0.0
795106.0,0,0,0.0
795139.0,0,0,0.0
795139.0,0,0,0.0
795139.0,0,0,0.0
795008.0,0,0,0.0
795008.0,0,0,0.0
795144.0,0,0,0.0
795101.0,0,0,0.0
795101.0,0,0,0.0
795101.0,0,0,0.0
795101.0,0,0,0.0
795101.0,0,0,0.0
795101.0,0,0,0.0
795112.0,0,0,0.0
795112.0,0,0,0.0
795112.0,0,0,0.0
795112.0,0,0,0.0
795104.0,0,0,0.0
795104.0,0,0,0.0
795125.0,0,0,0.0
795141.0,0,0,0.0
795141.0,0,0,0.0
795141.0,0,0,0.0
795141.0,0,0,0.0
795141.0,0,0,0.0
795143.0,0,0,0.0
795006.0,0,0,0.0
795138.0,0,0,0.0
795138.0,0,0,0.0
795138.0,0,0,0.0
795142.0,0,0,0.0
795142.0,0,0,0.0
795142.0,0,0,0.0
795142.0,0,0,0.0
795142.0,0,0,0.0
795148.0,0,0,0.0
795009.0,0,0,0.0
795009.0,0,0,0.0
795149.0,0,0,0.0
795149.0,0,0,0.0
795149.0,0,0,0.0
795149.0,0,0,0.0
795149.0,0,0,0.0
796007.0,0,0,0.0
796190.0,0,0,0.0
796015.0,0,0,0.0
796015.0,0,0,0.0
796091.0,0,0,0.0
796701.0,0,0,0.0
796321.0,0,0,0.0
796321.0,0,0,0.0
796321.0,0,0,0.0
796321.0,0,0,0.0
796321.0,0,0,0.0
796007.0,0,0,0.0
796007.0,0,0,0.0
796770.0,0,0,0.0
796770.0,0,0,0.0
796770.0,0,0,0.0
796770.0,0,0,0.0
796770.0,0,0,0.0
796111.0,0,0,0.0
796111.0,0,0,0.0
796111.0,0,0,0.0
796111.0,0,0,0.0
796751.0,0,0,0.0
796751.0,0,0,0.0
796081.0,0,0,0.0
796571.0,0,0,0.0
796070.0,0,0,0.0
796310.0,0,0,0.0
796081.0,0,0,0.0
796005.0,0,0,0.0
796891.0,0,0,0.0
796891.0,0,0,0.0
796891.0,0,0,0.0
796891.0,0,0,0.0
796701.0,0,0,0.0
796701.0,0,0,0.0
796701.0,0,0,0.0
796701.0,0,0,0.0
796701.0,0,0,0.0
796701.0,0,0,0.0
796441.0,0,0,0.0
796441.0,0,0,0.0
796291.0,0,0,0.0
796290.0,0,0,0.0
796431.0,0,0,0.0
796431.0,0,0,0.0
796431.0,0,0,0.0
796501.0,0,0,0.0
796320.0,0,0,0.0
796901.0,0,0,0.0
796901.0,0,0,0.0
796901.0,0,0,0.0
796901.0,0,0,0.0
796901.0,0,0,0.0
796410.0,0,0,0.0
796261.0,0,0,0.0
796261.0,0,0,0.0
796261.0,0,0,0.0
796261.0,0,0,0.0
796261.0,0,0,0.0
796261.0,0,0,0.0
796261.0,0,0,0.0
796186.0,0,0,0.0
796181.0,0,0,0.0
796181.0,0,0,0.0
796181.0,0,0,0.0
796161.0,0,0,0.0
796161.0,0,0,0.0
796161.0,0,0,0.0
796091.0,0,0,0.0
796009.0,0,0,0.0
796470.0,0,0,0.0
796017.0,0,0,0.0
796017.0,0,0,0.0
796691.0,0,0,0.0
798627.0,0,0,0.0
797115.0,0,0,0.0
797099.0,0,0,0.0
798603.0,0,0,0.0
798603.0,0,0,0.0
798603.0,0,0,0.0
798603.0,0,0,0.0
797104.0,0,0,0.0
798614.0,0,0,0.0
797103.0,0,0,0.0
797103.0,0,0,0.0
797116.0,0,0,0.0
797116.0,0,0,0.0
797112.0,0,0,0.0
797112.0,0,0,0.0
797111.0,0,0,0.0
798611.0,0,0,0.0
798611.0,0,0,0.0
798611.0,0,0,0.0
798611.0,0,0,0.0
797006.0,0,0,0.0
797006.0,0,0,0.0
797120.0,0,0,0.0
797002.0,0,0,0.0
797003.0,0,0,0.0
689653.0,0,0,0.0
689664.0,0,0,0.0
689642.0,0,0,0.0
689642.0,0,0,0.0
689692.0,0,0,0.0
689673.0,0,0,0.0
689667.0,0,0,0.0
689699.0,0,0,0.0
689662.0,0,0,0.0
691306.0,0,0,0.0
691306.0,0,0,0.0
691533.0,0,0,0.0
691533.0,0,0,0.0
691311.0,0,0,0.0
691322.0,0,0,0.0
691312.0,0,0,0.0
691312.0,0,0,0.0
691312.0,0,0,0.0
691309.0,0,0,0.0
691309.0,0,0,0.0
691310.0,0,0,0.0
691508.0,0,0,0.0
691508.0,0,0,0.0
689695.0,0,0,0.0
689696.0,0,0,0.0
689696.0,0,0,0.0
691333.0,0,0,0.0
691331.0,0,0,0.0
691331.0,0,0,0.0
691331.0,0,0,0.0
690538.0,0,0,0.0
690542.0,0,0,0.0
691583.0,0,0,0.0
691584.0,0,0,0.0
690547.0,0,0,0.0
691578.0,0,0,0.0
691576.0,0,0,0.0
691501.0,0,0,0.0
691577.0,0,0,0.0
691503.0,0,0,0.0
691601.0,0,0,0.0
691601.0,0,0,0.0
691010.0,0,0,0.0
691500.0,0,0,0.0
691520.0,0,0,0.0
691505.0,0,0,0.0
691505.0,0,0,0.0
691536.0,0,0,0.0
691536.0,0,0,0.0
691536.0,0,0,0.0
691521.0,0,0,0.0
691509.0,0,0,0.0
691510.0,0,0,0.0
691537.0,0,0,0.0
691537.0,0,0,0.0
691531.0,0,0,0.0
691507.0,0,0,0.0
691507.0,0,0,0.0
691532.0,0,0,0.0
689533.0,0,0,0.0
689532.0,0,0,0.0
689510.0,0,0,0.0
689543.0,0,0,0.0
689544.0,0,0,0.0
689544.0,0,0,0.0
689544.0,0,0,0.0
689586.0,0,0,0.0
689587.0,0,0,0.0
689587.0,0,0,0.0
689589.0,0,0,0.0
695311.0,0,0,0.0
695311.0,0,0,0.0
695306.0,0,0,0.0
695605.0,0,0,0.0
695608.0,0,0,0.0
695608.0,0,0,0.0
695601.0,0,0,0.0
695601.0,0,0,0.0
695601.0,0,0,0.0
695104.0,0,0,0.0
695313.0,0,0,0.0
695603.0,0,0,0.0
695146.0,0,0,0.0
695604.0,0,0,0.0
695609.0,0,0,0.0
695612.0,0,0,0.0
695586.0,0,0,0.0
695606.0,0,0,0.0
695141.0,0,0,0.0
695615.0,0,0,0.0
695615.0,0,0,0.0
695607.0,0,0,0.0
695607.0,0,0,0.0
695607.0,0,0,0.0
695583.0,0,0,0.0
695122.0,0,0,0.0
695123.0,0,0,0.0
695501.0,0,0,0.0
695524.0,0,0,0.0
695504.0,0,0,0.0
695124.0,0,0,0.0
695506.0,0,0,0.0
695542.0,0,0,0.0
695542.0,0,0,0.0
695542.0,0,0,0.0
695002.0,0,0,0.0
695572.0,0,0,0.0
695572.0,0,0,0.0
695572.0,0,0,0.0
695043.0,0,0,0.0
695571.0,0,0,0.0
695541.0,0,0,0.0
695541.0,0,0,0.0
695541.0,0,0,0.0
695562.0,0,0,0.0
695562.0,0,0,0.0
695563.0,0,0,0.0
695563.0,0,0,0.0
695573.0,0,0,0.0
695575.0,0,0,0.0
695575.0,0,0,0.0
695006.0,0,0,0.0
695543.0,0,0,0.0
695551.0,0,0,0.0
695551.0,0,0,0.0
695551.0,0,0,0.0
695521.0,0,0,0.0
679336.0,0,0,0.0
673580.0,0,0,0.0
673580.0,0,0,0.0
673580.0,0,0,0.0
673572.0,0,0,0.0
673571.0,0,0,0.0
673571.0,0,0,0.0
673571.0,0,0,0.0
673604.0,0,0,0.0
673602.0,0,0,0.0
673585.0,0,0,0.0
673585.0,0,0,0.0
673582.0,0,0,0.0
673586.0,0,0,0.0
673586.0,0,0,0.0
673573.0,0,0,0.0
673573.0,0,0,0.0
673573.0,0,0,0.0
673603.0,0,0,0.0
673603.0,0,0,0.0
673008.0,0,0,0.0
673008.0,0,0,0.0
673008.0,0,0,0.0
673017.0,0,0,0.0
673303.0,0,0,0.0
673631.0,0,0,0.0
673016.0,0,0,0.0
673016.0,0,0,0.0
673019.0,0,0,0.0
673019.0,0,0,0.0
673593.0,0,0,0.0
673122.0,0,0,0.0
673122.0,0,0,0.0
673596.0,0,0,0.0
673596.0,0,0,0.0
673591.0,0,0,0.0
673577.0,0,0,0.0
673577.0,0,0,0.0
673577.0,0,0,0.0
673575.0,0,0,0.0
673575.0,0,0,0.0
673579.0,0,0,0.0
673579.0,0,0,0.0
673579.0,0,0,0.0
673579.0,0,0,0.0
673579.0,0,0,0.0
673592.0,0,0,0.0
673592.0,0,0,0.0
673592.0,0,0,0.0
673581.0,0,0,0.0
673576.0,0,0,0.0
670646.0,0,0,0.0
670646.0,0,0,0.0
670646.0,0,0,0.0
670645.0,0,0,0.0
670645.0,0,0,0.0
670645.0,0,0,0.0
670645.0,0,0,0.0
670644.0,0,0,0.0
670644.0,0,0,0.0
670612.0,0,0,0.0
670009.0,0,0,0.0
670301.0,0,0,0.0
670301.0,0,0,0.0
670301.0,0,0,0.0
670006.0,0,0,0.0
670621.0,0,0,0.0
670601.0,0,0,0.0
670592.0,0,0,0.0
670592.0,0,0,0.0
670622.0,0,0,0.0
670622.0,0,0,0.0
670561.0,0,0,0.0
670594.0,0,0,0.0
670571.0,0,0,0.0
670571.0,0,0,0.0
670571.0,0,0,0.0
670632.0,0,0,0.0
670632.0,0,0,0.0
670581.0,0,0,0.0
670511.0,0,0,0.0
670511.0,0,0,0.0
670142.0,0,0,0.0
670142.0,0,0,0.0
670142.0,0,0,0.0
670521.0,0,0,0.0
670306.0,0,0,0.0
670582.0,0,0,0.0
670582.0,0,0,0.0
670563.0,0,0,0.0
670502.0,0,0,0.0
670307.0,0,0,0.0
670307.0,0,0,0.0
670633.0,0,0,0.0
670308.0,0,0,0.0
670308.0,0,0,0.0
670631.0,0,0,0.0
670631.0,0,0,0.0
670631.0,0,0,0.0
670353.0,0,0,0.0
671531.0,0,0,0.0
671531.0,0,0,0.0
671531.0,0,0,0.0
671311.0,0,0,0.0
671314.0,0,0,0.0
671314.0,0,0,0.0
671314.0,0,0,0.0
671534.0,0,0,0.0
671534.0,0,0,0.0
671534.0,0,0,0.0
671534.0,0,0,0.0
671534.0,0,0,0.0
671532.0,0,0,0.0
671532.0,0,0,0.0
671351.0,0,0,0.0
671319.0,0,0,0.0
671541.0,0,0,0.0
671541.0,0,0,0.0
671541.0,0,0,0.0
671317.0,0,0,0.0
671317.0,0,0,0.0
671124.0,0,0,0.0
671124.0,0,0,0.0
671321.0,0,0,0.0
671321.0,0,0,0.0
671321.0,0,0,0.0
671324.0,0,0,0.0
671324.0,0,0,0.0
671324.0,0,0,0.0
671323.0,0,0,0.0
671323.0,0,0,0.0
671323.0,0,0,0.0
671543.0,0,0,0.0
671543.0,0,0,0.0
671543.0,0,0,0.0
671543.0,0,0,0.0
671551.0,0,0,0.0
671322.0,0,0,0.0
671322.0,0,0,0.0
679357.0,0,0,0.0
679321.0,0,0,0.0
679338.0,0,0,0.0
679338.0,0,0,0.0
679326.0,0,0,0.0
673642.0,0,0,0.0
679325.0,0,0,0.0
679322.0,0,0,0.0
676517.0,0,0,0.0
673639.0,0,0,0.0
673639.0,0,0,0.0
673639.0,0,0,0.0
673634.0,0,0,0.0
673634.0,0,0,0.0
679334.0,0,0,0.0
679331.0,0,0,0.0
676541.0,0,0,0.0
676525.0,0,0,0.0
676123.0,0,0,0.0
676523.0,0,0,0.0
673638.0,0,0,0.0
673641.0,0,0,0.0
679332.0,0,0,0.0
673636.0,0,0,0.0
679327.0,0,0,0.0
679327.0,0,0,0.0
679339.0,0,0,0.0
673640.0,0,0,0.0
678581.0,0,0,0.0
678601.0,0,0,0.0
678601.0,0,0,0.0
679503.0,0,0,0.0
679313.0,0,0,0.0
678595.0,0,0,0.0
679506.0,0,0,0.0
678597.0,0,0,0.0
678633.0,0,0,0.0
679337.0,0,0,0.0
679521.0,0,0,0.0
678583.0,0,0,0.0
678583.0,0,0,0.0
678582.0,0,0,0.0
679308.0,0,0,0.0
679335.0,0,0,0.0
679305.0,0,0,0.0
679501.0,0,0,0.0
679303.0,0,0,0.0
679303.0,0,0,0.0
678762.0,0,0,0.0
678632.0,0,0,0.0
679307.0,0,0,0.0
679122.0,0,0,0.0
679122.0,0,0,0.0
679122.0,0,0,0.0
679122.0,0,0,0.0
679513.0,0,0,0.0
679514.0,0,0,0.0
679514.0,0,0,0.0
679304.0,0,0,0.0
679534.0,0,0,0.0
679534.0,0,0,0.0
679534.0,0,0,0.0
679534.0,0,0,0.0
679336.0,0,0,0.0
679336.0,0,0,0.0
679522.0,0,0,0.0
679504.0,0,0,0.0
679533.0,0,0,0.0
678510.0,0,0,0.0
678543.0,0,0,0.0
678684.0,0,0,0.0
678684.0,0,0,0.0
678572.0,0,0,0.0
678572.0,0,0,0.0
678703.0,0,0,0.0
678507.0,0,0,0.0
678508.0,0,0,0.0
678508.0,0,0,0.0
678574.0,0,0,0.0
678545.0,0,0,0.0
678687.0,0,0,0.0
678683.0,0,0,0.0
678706.0,0,0,0.0
678005.0,0,0,0.0
678005.0,0,0,0.0
678009.0,0,0,0.0
678641.0,0,0,0.0
678641.0,0,0,0.0
678651.0,0,0,0.0
678613.0,0,0,0.0
678613.0,0,0,0.0
678642.0,0,0,0.0
678642.0,0,0,0.0
678592.0,0,0,0.0
678592.0,0,0,0.0
678004.0,0,0,0.0
678004.0,0,0,0.0
678731.0,0,0,0.0
678101.0,0,0,0.0
678101.0,0,0,0.0
678622.0,0,0,0.0
678502.0,0,0,0.0
678502.0,0,0,0.0
678621.0,0,0,0.0
678501.0,0,0,0.0
678551.0,0,0,0.0
678555.0,0,0,0.0
678557.0,0,0,0.0
678553.0,0,0,0.0
678102.0,0,0,0.0
678103.0,0,0,0.0
678624.0,0,0,0.0
670703.0,0,0,0.0
670703.0,0,0,0.0
670703.0,0,0,0.0
670706.0,0,0,0.0
670706.0,0,0,0.0
670651.0,0,0,0.0
670643.0,0,0,0.0
670643.0,0,0,0.0
670105.0,0,0,0.0
670692.0,0,0,0.0
670671.0,0,0,0.0
670704.0,0,0,0.0
670704.0,0,0,0.0
670673.0,0,0,0.0
670673.0,0,0,0.0
670673.0,0,0,0.0
670673.0,0,0,0.0
670675.0,0,0,0.0
670102.0,0,0,0.0
670705.0,0,0,0.0
670705.0,0,0,0.0
679576.0,0,0,0.0
679576.0,0,0,0.0
679571.0,0,0,0.0
679574.0,0,0,0.0
679575.0,0,0,0.0
679573.0,0,0,0.0
676102.0,0,0,0.0
676102.0,0,0,0.0
676102.0,0,0,0.0
676551.0,0,0,0.0
676551.0,0,0,0.0
676503.0,0,0,0.0
676561.0,0,0,0.0
676307.0,0,0,0.0
676105.0,0,0,0.0
676301.0,0,0,0.0
676301.0,0,0,0.0
676301.0,0,0,0.0
676306.0,0,0,0.0
676317.0,0,0,0.0
676304.0,0,0,0.0
673612.0,0,0,0.0
673612.0,0,0,0.0
673612.0,0,0,0.0
673612.0,0,0,0.0
673306.0,0,0,0.0
673526.0,0,0,0.0
673307.0,0,0,0.0
673527.0,0,0,0.0
673524.0,0,0,0.0
673614.0,0,0,0.0
673614.0,0,0,0.0
673614.0,0,0,0.0
673523.0,0,0,0.0
673525.0,0,0,0.0
673528.0,0,0,0.0
673528.0,0,0,0.0
673620.0,0,0,0.0
673620.0,0,0,0.0
673574.0,0,0,0.0
673574.0,0,0,0.0
673521.0,0,0,0.0
673507.0,0,0,0.0
673507.0,0,0,0.0
673507.0,0,0,0.0
673506.0,0,0,0.0
673513.0,0,0,0.0
673513.0,0,0,0.0
673508.0,0,0,0.0
673102.0,0,0,0.0
673310.0,0,0,0.0
673310.0,0,0,0.0
673504.0,0,0,0.0
673104.0,0,0,0.0
673104.0,0,0,0.0
673104.0,0,0,0.0
673501.0,0,0,0.0
673105.0,0,0,0.0
673503.0,0,0,0.0
673541.0,0,0,0.0
673517.0,0,0,0.0
481661.0,0,0,0.0
481661.0,0,0,0.0
481661.0,0,0,0.0
481661.0,0,0,0.0
481661.0,0,0,0.0
481661.0,0,0,0.0
481661.0,0,0,0.0
481661.0,0,0,0.0
481661.0,0,0,0.0
481661.0,0,0,0.0
481661.0,0,0,0.0
481661.0,0,0,0.0
481661.0,0,0,0.0
481661.0,0,0,0.0
481661.0,0,0,0.0
481661.0,0,0,0.0
481998.0,0,0,0.0
481998.0,0,0,0.0
481998.0,0,0,0.0
481998.0,0,0,0.0
481771.0,0,0,0.0
481771.0,0,0,0.0
481771.0,0,0,0.0
481771.0,0,0,0.0
481771.0,0,0,0.0
481771.0,0,0,0.0
481666.0,0,0,0.0
481666.0,0,0,0.0
481666.0,0,0,0.0
481666.0,0,0,0.0
481666.0,0,0,0.0
481666.0,0,0,0.0
481995.0,0,0,0.0
481995.0,0,0,0.0
481995.0,0,0,0.0
481995.0,0,0,0.0
481672.0,0,0,0.0
481672.0,0,0,0.0
481672.0,0,0,0.0
481672.0,0,0,0.0
481995.0,0,0,0.0
481768.0,0,0,0.0
481768.0,0,0,0.0
481768.0,0,0,0.0
481768.0,0,0,0.0
481768.0,0,0,0.0
481768.0,0,0,0.0
481880.0,0,0,0.0
481880.0,0,0,0.0
481880.0,0,0,0.0
481882.0,0,0,0.0
481664.0,0,0,0.0
481664.0,0,0,0.0
481664.0,0,0,0.0
481664.0,0,0,0.0
481664.0,0,0,0.0
481884.0,0,0,0.0
481884.0,0,0,0.0
481884.0,0,0,0.0
481884.0,0,0,0.0
481884.0,0,0,0.0
481884.0,0,0,0.0
481663.0,0,0,0.0
481663.0,0,0,0.0
481663.0,0,0,0.0
481776.0,0,0,0.0
481776.0,0,0,0.0
481885.0,0,0,0.0
481885.0,0,0,0.0
481885.0,0,0,0.0
481885.0,0,0,0.0
481885.0,0,0,0.0
481885.0,0,0,0.0
481885.0,0,0,0.0
481885.0,0,0,0.0
481885.0,0,0,0.0
481666.0,0,0,0.0
481662.0,0,0,0.0
481662.0,0,0,0.0
481662.0,0,0,0.0
481662.0,0,0,0.0
481668.0,0,0,0.0
481668.0,0,0,0.0
481668.0,0,0,0.0
481778.0,0,0,0.0
481990.0,0,0,0.0
481661.0,0,0,0.0
481990.0,0,0,0.0
481996.0,0,0,0.0
481996.0,0,0,0.0
481996.0,0,0,0.0
481883.0,0,0,0.0
481883.0,0,0,0.0
481883.0,0,0,0.0
481883.0,0,0,0.0
481883.0,0,0,0.0
458441.0,0,0,0.0
462030.0,0,0,0.0
463106.0,0,0,0.0
462101.0,0,0,0.0
462101.0,0,0,0.0
462101.0,0,0,0.0
463111.0,0,0,0.0
463111.0,0,0,0.0
463111.0,0,0,0.0
462038.0,0,0,0.0
462046.0,0,0,0.0
462120.0,0,0,0.0
462120.0,0,0,0.0
462120.0,0,0,0.0
462120.0,0,0,0.0
462120.0,0,0,0.0
464993.0,0,0,0.0
464993.0,0,0,0.0
464993.0,0,0,0.0
462010.0,0,0,0.0
462010.0,0,0,0.0
462042.0,0,0,0.0
471001.0,0,0,0.0
471001.0,0,0,0.0
471001.0,0,0,0.0
488220.0,0,0,0.0
488220.0,0,0,0.0
488220.0,0,0,0.0
488220.0,0,0,0.0
488220.0,0,0,0.0
488220.0,0,0,0.0
488220.0,0,0,0.0
488220.0,0,0,0.0
488441.0,0,0,0.0
471311.0,0,0,0.0
471311.0,0,0,0.0
471405.0,0,0,0.0
471405.0,0,0,0.0
471405.0,0,0,0.0
471405.0,0,0,0.0
471405.0,0,0,0.0
471405.0,0,0,0.0
471318.0,0,0,0.0
471318.0,0,0,0.0
488333.0,0,0,0.0
488333.0,0,0,0.0
488333.0,0,0,0.0
488333.0,0,0,0.0
488333.0,0,0,0.0
488333.0,0,0,0.0
488333.0,0,0,0.0
488333.0,0,0,0.0
488333.0,0,0,0.0
488222.0,0,0,0.0
471411.0,0,0,0.0
471313.0,0,0,0.0
471313.0,0,0,0.0
471301.0,0,0,0.0
471315.0,0,0,0.0
471315.0,0,0,0.0
488059.0,0,0,0.0
488050.0,0,0,0.0
488050.0,0,0,0.0
488059.0,0,0,0.0
471515.0,0,0,0.0
471606.0,0,0,0.0
471606.0,0,0,0.0
471606.0,0,0,0.0
471515.0,0,0,0.0
471516.0,0,0,0.0
471501.0,0,0,0.0
471201.0,0,0,0.0
471201.0,0,0,0.0
471201.0,0,0,0.0
488001.0,0,0,0.0
488001.0,0,0,0.0
488001.0,0,0,0.0
488001.0,0,0,0.0
488001.0,0,0,0.0
488446.0,0,0,0.0
488446.0,0,0,0.0
488446.0,0,0,0.0
471625.0,0,0,0.0
471625.0,0,0,0.0
471625.0,0,0,0.0
488448.0,0,0,0.0
488448.0,0,0,0.0
488448.0,0,0,0.0
488443.0,0,0,0.0
488442.0,0,0,0.0
488442.0,0,0,0.0
488442.0,0,0,0.0
472001.0,0,0,0.0
472010.0,0,0,0.0
472111.0,0,0,0.0
472111.0,0,0,0.0
472111.0,0,0,0.0
472111.0,0,0,0.0
472111.0,0,0,0.0
472111.0,0,0,0.0
472339.0,0,0,0.0
472118.0,0,0,0.0
472118.0,0,0,0.0
472118.0,0,0,0.0
472337.0,0,0,0.0
472337.0,0,0,0.0
472115.0,0,0,0.0
472115.0,0,0,0.0
472115.0,0,0,0.0
472115.0,0,0,0.0
472005.0,0,0,0.0
472331.0,0,0,0.0
472101.0,0,0,0.0
472101.0,0,0,0.0
472101.0,0,0,0.0
472442.0,0,0,0.0
472221.0,0,0,0.0
472221.0,0,0,0.0
472221.0,0,0,0.0
472336.0,0,0,0.0
472336.0,0,0,0.0
472336.0,0,0,0.0
472445.0,0,0,0.0
472445.0,0,0,0.0
472447.0,0,0,0.0
472447.0,0,0,0.0
460001.0,0,0,0.0
460001.0,0,0,0.0
460001.0,0,0,0.0
460001.0,0,0,0.0
460001.0,0,0,0.0
460001.0,0,0,0.0
460001.0,0,0,0.0
460553.0,0,0,0.0
460551.0,0,0,0.0
460551.0,0,0,0.0
460551.0,0,0,0.0
460110.0,0,0,0.0
460110.0,0,0,0.0
460110.0,0,0,0.0
460110.0,0,0,0.0
460220.0,0,0,0.0
460220.0,0,0,0.0
460220.0,0,0,0.0
460220.0,0,0,0.0
460220.0,0,0,0.0
460220.0,0,0,0.0
460220.0,0,0,0.0
460220.0,0,0,0.0
460220.0,0,0,0.0
460220.0,0,0,0.0
460554.0,0,0,0.0
460330.0,0,0,0.0
460330.0,0,0,0.0
460330.0,0,0,0.0
460330.0,0,0,0.0
460330.0,0,0,0.0
460330.0,0,0,0.0
460330.0,0,0,0.0
460330.0,0,0,0.0
460330.0,0,0,0.0
460330.0,0,0,0.0
460330.0,0,0,0.0
460330.0,0,0,0.0
460330.0,0,0,0.0
460663.0,0,0,0.0
460663.0,0,0,0.0
460663.0,0,0,0.0
460443.0,0,0,0.0
460225.0,0,0,0.0
460668.0,0,0,0.0
460668.0,0,0,0.0
460661.0,0,0,0.0
460661.0,0,0,0.0
460449.0,0,0,0.0
460449.0,0,0,0.0
460665.0,0,0,0.0
460665.0,0,0,0.0
460666.0,0,0,0.0
460557.0,0,0,0.0
460557.0,0,0,0.0
460440.0,0,0,0.0
460440.0,0,0,0.0
460440.0,0,0,0.0
460440.0,0,0,0.0
460440.0,0,0,0.0
460440.0,0,0,0.0
460440.0,0,0,0.0
480001.0,0,0,0.0
480001.0,0,0,0.0
480001.0,0,0,0.0
480001.0,0,0,0.0
480001.0,0,0,0.0
480001.0,0,0,0.0
480001.0,0,0,0.0
480221.0,0,0,0.0
480221.0,0,0,0.0
480221.0,0,0,0.0
480221.0,0,0,0.0
480221.0,0,0,0.0
480221.0,0,0,0.0
480111.0,0,0,0.0
480111.0,0,0,0.0
480110.0,0,0,0.0
480110.0,0,0,0.0
480115.0,0,0,0.0
480115.0,0,0,0.0
480115.0,0,0,0.0
480115.0,0,0,0.0
480555.0,0,0,0.0
480555.0,0,0,0.0
480449.0,0,0,0.0
480224.0,0,0,0.0
480224.0,0,0,0.0
480224.0,0,0,0.0
480224.0,0,0,0.0
480224.0,0,0,0.0
480224.0,0,0,0.0
480224.0,0,0,0.0
480224.0,0,0,0.0
480224.0,0,0,0.0
480224.0,0,0,0.0
480551.0,0,0,0.0
480551.0,0,0,0.0
480551.0,0,0,0.0
480551.0,0,0,0.0
480551.0,0,0,0.0
480108.0,0,0,0.0
480108.0,0,0,0.0
480105.0,0,0,0.0
480557.0,0,0,0.0
480334.0,0,0,0.0
480334.0,0,0,0.0
480334.0,0,0,0.0
480334.0,0,0,0.0
480441.0,0,0,0.0
480441.0,0,0,0.0
480331.0,0,0,0.0
480106.0,0,0,0.0
480106.0,0,0,0.0
480106.0,0,0,0.0
480106.0,0,0,0.0
480223.0,0,0,0.0
480559.0,0,0,0.0
480559.0,0,0,0.0
480559.0,0,0,0.0
480559.0,0,0,0.0
480559.0,0,0,0.0
480559.0,0,0,0.0
480559.0,0,0,0.0
480559.0,0,0,0.0
480559.0,0,0,0.0
480107.0,0,0,0.0
480107.0,0,0,0.0
480107.0,0,0,0.0
480107.0,0,0,0.0
480112.0,0,0,0.0
455001.0,0,0,0.0
486441.0,0,0,0.0
486441.0,0,0,0.0
486441.0,0,0,0.0
486446.0,0,0,0.0
486446.0,0,0,0.0
486446.0,0,0,0.0
486226.0,0,0,0.0
486226.0,0,0,0.0
486226.0,0,0,0.0
486226.0,0,0,0.0
455001.0,0,0,0.0
486556.0,0,0,0.0
486556.0,0,0,0.0
486341.0,0,0,0.0
486333.0,0,0,0.0
486333.0,0,0,0.0
486550.0,0,0,0.0
486550.0,0,0,0.0
486553.0,0,0,0.0
486553.0,0,0,0.0
486553.0,0,0,0.0
486553.0,0,0,0.0
486335.0,0,0,0.0
486335.0,0,0,0.0
486335.0,0,0,0.0
486223.0,0,0,0.0
486117.0,0,0,0.0
486117.0,0,0,0.0
486117.0,0,0,0.0
486117.0,0,0,0.0
486117.0,0,0,0.0
486440.0,0,0,0.0
486111.0,0,0,0.0
486111.0,0,0,0.0
486123.0,0,0,0.0
486123.0,0,0,0.0
486331.0,0,0,0.0
486331.0,0,0,0.0
486331.0,0,0,0.0
486331.0,0,0,0.0
486340.0,0,0,0.0
486447.0,0,0,0.0
486447.0,0,0,0.0
486447.0,0,0,0.0
486338.0,0,0,0.0
486338.0,0,0,0.0
486114.0,0,0,0.0
486114.0,0,0,0.0
486114.0,0,0,0.0
486003.0,0,0,0.0
486003.0,0,0,0.0
486005.0,0,0,0.0
486005.0,0,0,0.0
486445.0,0,0,0.0
485227.0,0,0,0.0
486445.0,0,0,0.0
486445.0,0,0,0.0
486445.0,0,0,0.0
486448.0,0,0,0.0
486448.0,0,0,0.0
486448.0,0,0,0.0
486220.0,0,0,0.0
486220.0,0,0,0.0
486220.0,0,0,0.0
485001.0,0,0,0.0
485001.0,0,0,0.0
485001.0,0,0,0.0
485775.0,0,0,0.0
485773.0,0,0,0.0
485773.0,0,0,0.0
485775.0,0,0,0.0
485775.0,0,0,0.0
485775.0,0,0,0.0
485112.0,0,0,0.0
485226.0,0,0,0.0
485227.0,0,0,0.0
485226.0,0,0,0.0
485226.0,0,0,0.0
485226.0,0,0,0.0
485226.0,0,0,0.0
485227.0,0,0,0.0
485221.0,0,0,0.0
485221.0,0,0,0.0
485221.0,0,0,0.0
485778.0,0,0,0.0
485778.0,0,0,0.0
485778.0,0,0,0.0
485778.0,0,0,0.0
485666.0,0,0,0.0
485666.0,0,0,0.0
485666.0,0,0,0.0
485334.0,0,0,0.0
485113.0,0,0,0.0
485113.0,0,0,0.0
485113.0,0,0,0.0
485771.0,0,0,0.0
485771.0,0,0,0.0
485331.0,0,0,0.0
485331.0,0,0,0.0
485331.0,0,0,0.0
485331.0,0,0,0.0
485774.0,0,0,0.0
485774.0,0,0,0.0
485774.0,0,0,0.0
485446.0,0,0,0.0
485881.0,0,0,0.0
485881.0,0,0,0.0
485115.0,0,0,0.0
485115.0,0,0,0.0
485115.0,0,0,0.0
485115.0,0,0,0.0
485115.0,0,0,0.0
485111.0,0,0,0.0
485111.0,0,0,0.0
485111.0,0,0,0.0
485111.0,0,0,0.0
485772.0,0,0,0.0
485447.0,0,0,0.0
485447.0,0,0,0.0
485447.0,0,0,0.0
470661.0,0,0,0.0
470661.0,0,0,0.0
470661.0,0,0,0.0
470661.0,0,0,0.0
470661.0,0,0,0.0
470664.0,0,0,0.0
470664.0,0,0,0.0
470664.0,0,0,0.0
470664.0,0,0,0.0
470664.0,0,0,0.0
470673.0,0,0,0.0
470673.0,0,0,0.0
470673.0,0,0,0.0
470775.0,0,0,0.0
470775.0,0,0,0.0
470775.0,0,0,0.0
470775.0,0,0,0.0
470775.0,0,0,0.0
470775.0,0,0,0.0
470775.0,0,0,0.0
470775.0,0,0,0.0
483501.0,0,0,0.0
470775.0,0,0,0.0
470775.0,0,0,0.0
470775.0,0,0,0.0
470881.0,0,0,0.0
470881.0,0,0,0.0
470675.0,0,0,0.0
470675.0,0,0,0.0
470675.0,0,0,0.0
470663.0,0,0,0.0
470772.0,0,0,0.0
470772.0,0,0,0.0
470772.0,0,0,0.0
470666.0,0,0,0.0
470880.0,0,0,0.0
470880.0,0,0,0.0
470880.0,0,0,0.0
470880.0,0,0,0.0
470021.0,0,0,0.0
470021.0,0,0,0.0
470335.0,0,0,0.0
470335.0,0,0,0.0
470335.0,0,0,0.0
470335.0,0,0,0.0
470335.0,0,0,0.0
470442.0,0,0,0.0
470442.0,0,0,0.0
470051.0,0,0,0.0
470051.0,0,0,0.0
470113.0,0,0,0.0
470113.0,0,0,0.0
470113.0,0,0,0.0
470226.0,0,0,0.0
470226.0,0,0,0.0
470226.0,0,0,0.0
470226.0,0,0,0.0
470228.0,0,0,0.0
470228.0,0,0,0.0
470232.0,0,0,0.0
470232.0,0,0,0.0
470223.0,0,0,0.0
470223.0,0,0,0.0
470125.0,0,0,0.0
470115.0,0,0,0.0
470115.0,0,0,0.0
470235.0,0,0,0.0
470235.0,0,0,0.0
470669.0,0,0,0.0
470235.0,0,0,0.0
470235.0,0,0,0.0
470226.0,0,0,0.0
470226.0,0,0,0.0
470235.0,0,0,0.0
470118.0,0,0,0.0
470117.0,0,0,0.0
470117.0,0,0,0.0
470117.0,0,0,0.0
470117.0,0,0,0.0
470117.0,0,0,0.0
470441.0,0,0,0.0
470119.0,0,0,0.0
470227.0,0,0,0.0
470339.0,0,0,0.0
470339.0,0,0,0.0
470340.0,0,0,0.0
470120.0,0,0,0.0
470221.0,0,0,0.0
470221.0,0,0,0.0
484001.0,0,0,0.0
484001.0,0,0,0.0
484001.0,0,0,0.0
484001.0,0,0,0.0
484001.0,0,0,0.0
484001.0,0,0,0.0
484001.0,0,0,0.0
484001.0,0,0,0.0
484001.0,0,0,0.0
484224.0,0,0,0.0
484776.0,0,0,0.0
484774.0,0,0,0.0
484774.0,0,0,0.0
484774.0,0,0,0.0
484774.0,0,0,0.0
484774.0,0,0,0.0
484774.0,0,0,0.0
484774.0,0,0,0.0
484774.0,0,0,0.0
484774.0,0,0,0.0
484440.0,0,0,0.0
484551.0,0,0,0.0
484110.0,0,0,0.0
484110.0,0,0,0.0
484110.0,0,0,0.0
484110.0,0,0,0.0
484110.0,0,0,0.0
484660.0,0,0,0.0
484660.0,0,0,0.0
484770.0,0,0,0.0
484770.0,0,0,0.0
484771.0,0,0,0.0
484771.0,0,0,0.0
484771.0,0,0,0.0
484771.0,0,0,0.0
484771.0,0,0,0.0
484771.0,0,0,0.0
484330.0,0,0,0.0
484669.0,0,0,0.0
484669.0,0,0,0.0
484669.0,0,0,0.0
484444.0,0,0,0.0
484447.0,0,0,0.0
484334.0,0,0,0.0
484334.0,0,0,0.0
484665.0,0,0,0.0
484555.0,0,0,0.0
484555.0,0,0,0.0
484881.0,0,0,0.0
484887.0,0,0,0.0
484881.0,0,0,0.0
484881.0,0,0,0.0
484881.0,0,0,0.0
484881.0,0,0,0.0
484881.0,0,0,0.0
484881.0,0,0,0.0
484881.0,0,0,0.0
484881.0,0,0,0.0
484661.0,0,0,0.0
484661.0,0,0,0.0
484661.0,0,0,0.0
484661.0,0,0,0.0
484661.0,0,0,0.0
484664.0,0,0,0.0
484661.0,0,0,0.0
484113.0,0,0,0.0
486675.0,0,0,0.0
486675.0,0,0,0.0
486661.0,0,0,0.0
486771.0,0,0,0.0
486771.0,0,0,0.0
486892.0,0,0,0.0
486892.0,0,0,0.0
486675.0,0,0,0.0
486892.0,0,0,0.0
486775.0,0,0,0.0
486775.0,0,0,0.0
486775.0,0,0,0.0
486886.0,0,0,0.0
486886.0,0,0,0.0
486886.0,0,0,0.0
486886.0,0,0,0.0
486886.0,0,0,0.0
486886.0,0,0,0.0
464551.0,0,0,0.0
464551.0,0,0,0.0
464551.0,0,0,0.0
464665.0,0,0,0.0
464665.0,0,0,0.0
464672.0,0,0,0.0
464668.0,0,0,0.0
451332.0,0,0,0.0
464570.0,0,0,0.0
464881.0,0,0,0.0
464881.0,0,0,0.0
464881.0,0,0,0.0
464570.0,0,0,0.0
464570.0,0,0,0.0
464774.0,0,0,0.0
464886.0,0,0,0.0
464884.0,0,0,0.0
464884.0,0,0,0.0
464884.0,0,0,0.0
464990.0,0,0,0.0
464990.0,0,0,0.0
464990.0,0,0,0.0
464573.0,0,0,0.0
464671.0,0,0,0.0
464770.0,0,0,0.0
464651.0,0,0,0.0
464651.0,0,0,0.0
464886.0,0,0,0.0
464886.0,0,0,0.0
464886.0,0,0,0.0
464886.0,0,0,0.0
464886.0,0,0,0.0
464886.0,0,0,0.0
464886.0,0,0,0.0
464886.0,0,0,0.0
464986.0,0,0,0.0
464986.0,0,0,0.0
464986.0,0,0,0.0
464770.0,0,0,0.0
464770.0,0,0,0.0
464770.0,0,0,0.0
464770.0,0,0,0.0
464573.0,0,0,0.0
464570.0,0,0,0.0
464001.0,0,0,0.0
464001.0,0,0,0.0
464001.0,0,0,0.0
464001.0,0,0,0.0
464001.0,0,0,0.0
464221.0,0,0,0.0
464221.0,0,0,0.0
464221.0,0,0,0.0
464221.0,0,0,0.0
464221.0,0,0,0.0
464221.0,0,0,0.0
464331.0,0,0,0.0
464334.0,0,0,0.0
464331.0,0,0,0.0
464226.0,0,0,0.0
464226.0,0,0,0.0
464224.0,0,0,0.0
464114.0,0,0,0.0
464114.0,0,0,0.0
464114.0,0,0,0.0
464114.0,0,0,0.0
464114.0,0,0,0.0
464114.0,0,0,0.0
464114.0,0,0,0.0
464258.0,0,0,0.0
464258.0,0,0,0.0
464337.0,0,0,0.0
464337.0,0,0,0.0
464337.0,0,0,0.0
464113.0,0,0,0.0
464113.0,0,0,0.0
464661.0,0,0,0.0
464661.0,0,0,0.0
464111.0,0,0,0.0
464111.0,0,0,0.0
464228.0,0,0,0.0
464228.0,0,0,0.0
464228.0,0,0,0.0
464228.0,0,0,0.0
464228.0,0,0,0.0
464228.0,0,0,0.0
464228.0,0,0,0.0
464334.0,0,0,0.0
452016.0,0,0,0.0
452016.0,0,0,0.0
453001.0,0,0,0.0
453115.0,0,0,0.0
453115.0,0,0,0.0
453220.0,0,0,0.0
453220.0,0,0,0.0
453220.0,0,0,0.0
453220.0,0,0,0.0
452020.0,0,0,0.0
452020.0,0,0,0.0
452020.0,0,0,0.0
452020.0,0,0,0.0
453771.0,0,0,0.0
453552.0,0,0,0.0
453552.0,0,0,0.0
453441.0,0,0,0.0
453441.0,0,0,0.0
453331.0,0,0,0.0
453331.0,0,0,0.0
453551.0,0,0,0.0
455001.0,0,0,0.0
453552.0,0,0,0.0
455001.0,0,0,0.0
455001.0,0,0,0.0
455001.0,0,0,0.0
455001.0,0,0,0.0
455001.0,0,0,0.0
455001.0,0,0,0.0
455001.0,0,0,0.0
455001.0,0,0,0.0
455227.0,0,0,0.0
455227.0,0,0,0.0
455227.0,0,0,0.0
455227.0,0,0,0.0
455227.0,0,0,0.0
455227.0,0,0,0.0
455227.0,0,0,0.0
455111.0,0,0,0.0
455115.0,0,0,0.0
455223.0,0,0,0.0
455223.0,0,0,0.0
455223.0,0,0,0.0
455223.0,0,0,0.0
455332.0,0,0,0.0
455332.0,0,0,0.0
455332.0,0,0,0.0
455332.0,0,0,0.0
455440.0,0,0,0.0
455440.0,0,0,0.0
455440.0,0,0,0.0
455221.0,0,0,0.0
455221.0,0,0,0.0
455336.0,0,0,0.0
455336.0,0,0,0.0
455336.0,0,0,0.0
455336.0,0,0,0.0
455336.0,0,0,0.0
455339.0,0,0,0.0
455339.0,0,0,0.0
455459.0,0,0,0.0
455459.0,0,0,0.0
455459.0,0,0,0.0
455118.0,0,0,0.0
455118.0,0,0,0.0
455118.0,0,0,0.0
455116.0,0,0,0.0
455116.0,0,0,0.0
455116.0,0,0,0.0
454001.0,0,0,0.0
454001.0,0,0,0.0
454001.0,0,0,0.0
454001.0,0,0,0.0
454001.0,0,0,0.0
454001.0,0,0,0.0
454001.0,0,0,0.0
454441.0,0,0,0.0
454441.0,0,0,0.0
454660.0,0,0,0.0
454660.0,0,0,0.0
454660.0,0,0,0.0
454660.0,0,0,0.0
454221.0,0,0,0.0
454221.0,0,0,0.0
454221.0,0,0,0.0
454221.0,0,0,0.0
454221.0,0,0,0.0
454221.0,0,0,0.0
454221.0,0,0,0.0
454221.0,0,0,0.0
454773.0,0,0,0.0
454552.0,0,0,0.0
454552.0,0,0,0.0
454552.0,0,0,0.0
454665.0,0,0,0.0
454331.0,0,0,0.0
454331.0,0,0,0.0
454331.0,0,0,0.0
454331.0,0,0,0.0
454446.0,0,0,0.0
454446.0,0,0,0.0
454446.0,0,0,0.0
454446.0,0,0,0.0
454446.0,0,0,0.0
454446.0,0,0,0.0
454010.0,0,0,0.0
454010.0,0,0,0.0
454010.0,0,0,0.0
454010.0,0,0,0.0
454010.0,0,0,0.0
454335.0,0,0,0.0
454335.0,0,0,0.0
454335.0,0,0,0.0
454335.0,0,0,0.0
454774.0,0,0,0.0
454116.0,0,0,0.0
454116.0,0,0,0.0
454111.0,0,0,0.0
454111.0,0,0,0.0
482001.0,0,0,0.0
482001.0,0,0,0.0
482001.0,0,0,0.0
482001.0,0,0,0.0
482001.0,0,0,0.0
482001.0,0,0,0.0
482001.0,0,0,0.0
483001.0,0,0,0.0
482051.0,0,0,0.0
482051.0,0,0,0.0
482051.0,0,0,0.0
482051.0,0,0,0.0
482003.0,0,0,0.0
482003.0,0,0,0.0
482003.0,0,0,0.0
483105.0,0,0,0.0
482005.0,0,0,0.0
483110.0,0,0,0.0
483220.0,0,0,0.0
483220.0,0,0,0.0
483220.0,0,0,0.0
483220.0,0,0,0.0
483113.0,0,0,0.0
483113.0,0,0,0.0
483113.0,0,0,0.0
483119.0,0,0,0.0
483119.0,0,0,0.0
483119.0,0,0,0.0
483119.0,0,0,0.0
483119.0,0,0,0.0
483501.0,0,0,0.0
483501.0,0,0,0.0
483501.0,0,0,0.0
483501.0,0,0,0.0
483773.0,0,0,0.0
483331.0,0,0,0.0
483331.0,0,0,0.0
483331.0,0,0,0.0
483770.0,0,0,0.0
483770.0,0,0,0.0
483770.0,0,0,0.0
483770.0,0,0,0.0
483770.0,0,0,0.0
483770.0,0,0,0.0
483770.0,0,0,0.0
483770.0,0,0,0.0
483770.0,0,0,0.0
483880.0,0,0,0.0
483880.0,0,0,0.0
483442.0,0,0,0.0
483442.0,0,0,0.0
483442.0,0,0,0.0
483990.0,0,0,0.0
483990.0,0,0,0.0
483440.0,0,0,0.0
483440.0,0,0,0.0
483332.0,0,0,0.0
483775.0,0,0,0.0
450001.0,0,0,0.0
450001.0,0,0,0.0
450001.0,0,0,0.0
450001.0,0,0,0.0
450001.0,0,0,0.0
450110.0,0,0,0.0
450110.0,0,0,0.0
450331.0,0,0,0.0
450331.0,0,0,0.0
450331.0,0,0,0.0
450331.0,0,0,0.0
450331.0,0,0,0.0
450331.0,0,0,0.0
450331.0,0,0,0.0
450771.0,0,0,0.0
450771.0,0,0,0.0
450881.0,0,0,0.0
450991.0,0,0,0.0
450991.0,0,0,0.0
450991.0,0,0,0.0
450117.0,0,0,0.0
450117.0,0,0,0.0
450117.0,0,0,0.0
450117.0,0,0,0.0
450117.0,0,0,0.0
450117.0,0,0,0.0
450117.0,0,0,0.0
450117.0,0,0,0.0
450112.0,0,0,0.0
450116.0,0,0,0.0
450116.0,0,0,0.0
450116.0,0,0,0.0
450116.0,0,0,0.0
450116.0,0,0,0.0
450116.0,0,0,0.0
450116.0,0,0,0.0
450221.0,0,0,0.0
450221.0,0,0,0.0
450221.0,0,0,0.0
450221.0,0,0,0.0
450221.0,0,0,0.0
450551.0,0,0,0.0
450551.0,0,0,0.0
450661.0,0,0,0.0
450337.0,0,0,0.0
450337.0,0,0,0.0
450337.0,0,0,0.0
450337.0,0,0,0.0
450445.0,0,0,0.0
450445.0,0,0,0.0
450445.0,0,0,0.0
451001.0,0,0,0.0
451001.0,0,0,0.0
451001.0,0,0,0.0
451001.0,0,0,0.0
451556.0,0,0,0.0
451556.0,0,0,0.0
451556.0,0,0,0.0
451115.0,0,0,0.0
451115.0,0,0,0.0
451115.0,0,0,0.0
451551.0,0,0,0.0
451551.0,0,0,0.0
451551.0,0,0,0.0
451551.0,0,0,0.0
451551.0,0,0,0.0
451551.0,0,0,0.0
451551.0,0,0,0.0
451551.0,0,0,0.0
451551.0,0,0,0.0
451551.0,0,0,0.0
451551.0,0,0,0.0
451551.0,0,0,0.0
451114.0,0,0,0.0
451113.0,0,0,0.0
451114.0,0,0,0.0
451331.0,0,0,0.0
451331.0,0,0,0.0
451331.0,0,0,0.0
451331.0,0,0,0.0
451441.0,0,0,0.0
451441.0,0,0,0.0
451441.0,0,0,0.0
451441.0,0,0,0.0
451335.0,0,0,0.0
451335.0,0,0,0.0
451335.0,0,0,0.0
451332.0,0,0,0.0
451449.0,0,0,0.0
451449.0,0,0,0.0
451449.0,0,0,0.0
451449.0,0,0,0.0
451449.0,0,0,0.0
451220.0,0,0,0.0
451228.0,0,0,0.0
451660.0,0,0,0.0
451881.0,0,0,0.0
451221.0,0,0,0.0
451770.0,0,0,0.0
451881.0,0,0,0.0
451225.0,0,0,0.0
451447.0,0,0,0.0
451447.0,0,0,0.0
451447.0,0,0,0.0
451111.0,0,0,0.0
451111.0,0,0,0.0
451442.0,0,0,0.0
451442.0,0,0,0.0
451666.0,0,0,0.0
451666.0,0,0,0.0
451666.0,0,0,0.0
451660.0,0,0,0.0
451660.0,0,0,0.0
451660.0,0,0,0.0
451660.0,0,0,0.0
451660.0,0,0,0.0
451440.0,0,0,0.0
451440.0,0,0,0.0
458775.0,0,0,0.0
458775.0,0,0,0.0
458775.0,0,0,0.0
458775.0,0,0,0.0
458775.0,0,0,0.0
458775.0,0,0,0.0
458775.0,0,0,0.0
458778.0,0,0,0.0
458778.0,0,0,0.0
458778.0,0,0,0.0
458667.0,0,0,0.0
458667.0,0,0,0.0
458667.0,0,0,0.0
458895.0,0,0,0.0
458895.0,0,0,0.0
458895.0,0,0,0.0
458880.0,0,0,0.0
458880.0,0,0,0.0
458880.0,0,0,0.0
458669.0,0,0,0.0
458669.0,0,0,0.0
458558.0,0,0,0.0
458883.0,0,0,0.0
458883.0,0,0,0.0
458990.0,0,0,0.0
458888.0,0,0,0.0
458888.0,0,0,0.0
458888.0,0,0,0.0
458888.0,0,0,0.0
458441.0,0,0,0.0
458441.0,0,0,0.0
458441.0,0,0,0.0
458441.0,0,0,0.0
458441.0,0,0,0.0
458330.0,0,0,0.0
458330.0,0,0,0.0
458116.0,0,0,0.0
458113.0,0,0,0.0
458113.0,0,0,0.0
458113.0,0,0,0.0
458110.0,0,0,0.0
458110.0,0,0,0.0
458553.0,0,0,0.0
458468.0,0,0,0.0
458664.0,0,0,0.0
458664.0,0,0,0.0
458118.0,0,0,0.0
458118.0,0,0,0.0
458226.0,0,0,0.0
458226.0,0,0,0.0
458226.0,0,0,0.0
458226.0,0,0,0.0
458226.0,0,0,0.0
458226.0,0,0,0.0
458226.0,0,0,0.0
458220.0,0,0,0.0
458220.0,0,0,0.0
458228.0,0,0,0.0
457661.0,0,0,0.0
457887.0,0,0,0.0
457887.0,0,0,0.0
457887.0,0,0,0.0
457887.0,0,0,0.0
457887.0,0,0,0.0
457887.0,0,0,0.0
457885.0,0,0,0.0
457885.0,0,0,0.0
457779.0,0,0,0.0
457888.0,0,0,0.0
457888.0,0,0,0.0
457888.0,0,0,0.0
457888.0,0,0,0.0
457888.0,0,0,0.0
457888.0,0,0,0.0
457888.0,0,0,0.0
457888.0,0,0,0.0
457888.0,0,0,0.0
457888.0,0,0,0.0
457001.0,0,0,0.0
457001.0,0,0,0.0
457001.0,0,0,0.0
457001.0,0,0,0.0
457001.0,0,0,0.0
457001.0,0,0,0.0
457001.0,0,0,0.0
457001.0,0,0,0.0
457001.0,0,0,0.0
457001.0,0,0,0.0
457114.0,0,0,0.0
457114.0,0,0,0.0
457114.0,0,0,0.0
457555.0,0,0,0.0
457441.0,0,0,0.0
457226.0,0,0,0.0
457226.0,0,0,0.0
457226.0,0,0,0.0
457340.0,0,0,0.0
457119.0,0,0,0.0
457222.0,0,0,0.0
457222.0,0,0,0.0
457331.0,0,0,0.0
457550.0,0,0,0.0
457118.0,0,0,0.0
457118.0,0,0,0.0
457118.0,0,0,0.0
457118.0,0,0,0.0
457118.0,0,0,0.0
457118.0,0,0,0.0
457118.0,0,0,0.0
465661.0,0,0,0.0
465661.0,0,0,0.0
465661.0,0,0,0.0
465674.0,0,0,0.0
465674.0,0,0,0.0
465674.0,0,0,0.0
456665.0,0,0,0.0
465674.0,0,0,0.0
465685.0,0,0,0.0
465685.0,0,0,0.0
465685.0,0,0,0.0
465689.0,0,0,0.0
465689.0,0,0,0.0
465679.0,0,0,0.0
465687.0,0,0,0.0
442606.0,0,0,0.0
442606.0,0,0,0.0
442606.0,0,0,0.0
442606.0,0,0,0.0
442606.0,0,0,0.0
442606.0,0,0,0.0
442604.0,0,0,0.0
442606.0,0,0,0.0
442704.0,0,0,0.0
442704.0,0,0,0.0
442704.0,0,0,0.0
442704.0,0,0,0.0
442704.0,0,0,0.0
442605.0,0,0,0.0
442605.0,0,0,0.0
442605.0,0,0,0.0
442605.0,0,0,0.0
442605.0,0,0,0.0
442605.0,0,0,0.0
442605.0,0,0,0.0
442605.0,0,0,0.0
442505.0,0,0,0.0
442702.0,0,0,0.0
442702.0,0,0,0.0
442702.0,0,0,0.0
442702.0,0,0,0.0
442702.0,0,0,0.0
442702.0,0,0,0.0
442702.0,0,0,0.0
442702.0,0,0,0.0
442702.0,0,0,0.0
442702.0,0,0,0.0
442702.0,0,0,0.0
442507.0,0,0,0.0
442507.0,0,0,0.0
442709.0,0,0,0.0
442709.0,0,0,0.0
442709.0,0,0,0.0
442709.0,0,0,0.0
442709.0,0,0,0.0
442709.0,0,0,0.0
442709.0,0,0,0.0
442709.0,0,0,0.0
442709.0,0,0,0.0
442709.0,0,0,0.0
441209.0,0,0,0.0
441209.0,0,0,0.0
441209.0,0,0,0.0
441209.0,0,0,0.0
441209.0,0,0,0.0
441209.0,0,0,0.0
441209.0,0,0,0.0
441209.0,0,0,0.0
441209.0,0,0,0.0
441209.0,0,0,0.0
441209.0,0,0,0.0
441209.0,0,0,0.0
442406.0,0,0,0.0
442406.0,0,0,0.0
441224.0,0,0,0.0
441224.0,0,0,0.0
441224.0,0,0,0.0
441224.0,0,0,0.0
441224.0,0,0,0.0
441205.0,0,0,0.0
441205.0,0,0,0.0
441205.0,0,0,0.0
441205.0,0,0,0.0
441205.0,0,0,0.0
441223.0,0,0,0.0
441223.0,0,0,0.0
442904.0,0,0,0.0
442904.0,0,0,0.0
442904.0,0,0,0.0
442904.0,0,0,0.0
441215.0,0,0,0.0
441215.0,0,0,0.0
441215.0,0,0,0.0
441215.0,0,0,0.0
441215.0,0,0,0.0
441212.0,0,0,0.0
442905.0,0,0,0.0
442905.0,0,0,0.0
442905.0,0,0,0.0
442905.0,0,0,0.0
442905.0,0,0,0.0
442905.0,0,0,0.0
441225.0,0,0,0.0
441225.0,0,0,0.0
441225.0,0,0,0.0
442906.0,0,0,0.0
441222.0,0,0,0.0
441222.0,0,0,0.0
441222.0,0,0,0.0
442504.0,0,0,0.0
442504.0,0,0,0.0
442504.0,0,0,0.0
442504.0,0,0,0.0
442504.0,0,0,0.0
441221.0,0,0,0.0
441221.0,0,0,0.0
441221.0,0,0,0.0
441217.0,0,0,0.0
441217.0,0,0,0.0
442916.0,0,0,0.0
442916.0,0,0,0.0
442916.0,0,0,0.0
442916.0,0,0,0.0
442907.0,0,0,0.0
442907.0,0,0,0.0
442907.0,0,0,0.0
442907.0,0,0,0.0
442907.0,0,0,0.0
442918.0,0,0,0.0
442918.0,0,0,0.0
442918.0,0,0,0.0
442919.0,0,0,0.0
442916.0,0,0,0.0
441108.0,0,0,0.0
441108.0,0,0,0.0
441108.0,0,0,0.0
441108.0,0,0,0.0
441122.0,0,0,0.0
441122.0,0,0,0.0
440023.0,0,0,0.0
440023.0,0,0,0.0
441903.0,0,0,0.0
441914.0,0,0,0.0
441914.0,0,0,0.0
441906.0,0,0,0.0
441906.0,0,0,0.0
441907.0,0,0,0.0
441907.0,0,0,0.0
441803.0,0,0,0.0
441804.0,0,0,0.0
441804.0,0,0,0.0
441804.0,0,0,0.0
441909.0,0,0,0.0
441924.0,0,0,0.0
441910.0,0,0,0.0
441910.0,0,0,0.0
441910.0,0,0,0.0
441809.0,0,0,0.0
441809.0,0,0,0.0
441809.0,0,0,0.0
441802.0,0,0,0.0
441802.0,0,0,0.0
441802.0,0,0,0.0
441802.0,0,0,0.0
441802.0,0,0,0.0
441913.0,0,0,0.0
441912.0,0,0,0.0
441912.0,0,0,0.0
441902.0,0,0,0.0
441902.0,0,0,0.0
441902.0,0,0,0.0
441902.0,0,0,0.0
441902.0,0,0,0.0
441902.0,0,0,0.0
441902.0,0,0,0.0
441902.0,0,0,0.0
441902.0,0,0,0.0
441902.0,0,0,0.0
441902.0,0,0,0.0
441701.0,0,0,0.0
441701.0,0,0,0.0
441701.0,0,0,0.0
441701.0,0,0,0.0
441701.0,0,0,0.0
441701.0,0,0,0.0
441701.0,0,0,0.0
441701.0,0,0,0.0
441701.0,0,0,0.0
441901.0,0,0,0.0
441901.0,0,0,0.0
441901.0,0,0,0.0
441901.0,0,0,0.0
441901.0,0,0,0.0
441901.0,0,0,0.0
441901.0,0,0,0.0
441901.0,0,0,0.0
441601.0,0,0,0.0
441601.0,0,0,0.0
441601.0,0,0,0.0
441601.0,0,0,0.0
441601.0,0,0,0.0
441601.0,0,0,0.0
441601.0,0,0,0.0
441601.0,0,0,0.0
441601.0,0,0,0.0
441601.0,0,0,0.0
441601.0,0,0,0.0
441601.0,0,0,0.0
441614.0,0,0,0.0
441614.0,0,0,0.0
441614.0,0,0,0.0
441614.0,0,0,0.0
441614.0,0,0,0.0
441614.0,0,0,0.0
441614.0,0,0,0.0
441614.0,0,0,0.0
441614.0,0,0,0.0
441614.0,0,0,0.0
441614.0,0,0,0.0
441614.0,0,0,0.0
441614.0,0,0,0.0
441801.0,0,0,0.0
441801.0,0,0,0.0
441801.0,0,0,0.0
441702.0,0,0,0.0
441702.0,0,0,0.0
441702.0,0,0,0.0
441702.0,0,0,0.0
441702.0,0,0,0.0
441807.0,0,0,0.0
441807.0,0,0,0.0
441807.0,0,0,0.0
441807.0,0,0,0.0
441807.0,0,0,0.0
441916.0,0,0,0.0
441916.0,0,0,0.0
441916.0,0,0,0.0
441916.0,0,0,0.0
441916.0,0,0,0.0
441916.0,0,0,0.0
441806.0,0,0,0.0
441806.0,0,0,0.0
441806.0,0,0,0.0
441806.0,0,0,0.0
441911.0,0,0,0.0
441911.0,0,0,0.0
441911.0,0,0,0.0
441911.0,0,0,0.0
441911.0,0,0,0.0
441911.0,0,0,0.0
441911.0,0,0,0.0
441911.0,0,0,0.0
441911.0,0,0,0.0
441911.0,0,0,0.0
441911.0,0,0,0.0
441911.0,0,0,0.0
441911.0,0,0,0.0
441911.0,0,0,0.0
441911.0,0,0,0.0
441911.0,0,0,0.0
441911.0,0,0,0.0
441911.0,0,0,0.0
441201.0,0,0,0.0
441201.0,0,0,0.0
441201.0,0,0,0.0
441301.0,0,0,0.0
441501.0,0,0,0.0
441501.0,0,0,0.0
441501.0,0,0,0.0
441404.0,0,0,0.0
441401.0,0,0,0.0
441401.0,0,0,0.0
441101.0,0,0,0.0
441101.0,0,0,0.0
441101.0,0,0,0.0
441202.0,0,0,0.0
441202.0,0,0,0.0
441202.0,0,0,0.0
441202.0,0,0,0.0
441202.0,0,0,0.0
441210.0,0,0,0.0
441210.0,0,0,0.0
441104.0,0,0,0.0
441104.0,0,0,0.0
441104.0,0,0,0.0
441502.0,0,0,0.0
441304.0,0,0,0.0
441105.0,0,0,0.0
441113.0,0,0,0.0
441113.0,0,0,0.0
441106.0,0,0,0.0
441107.0,0,0,0.0
441306.0,0,0,0.0
441214.0,0,0,0.0
441214.0,0,0,0.0
441204.0,0,0,0.0
441204.0,0,0,0.0
441204.0,0,0,0.0
441203.0,0,0,0.0
441203.0,0,0,0.0
441203.0,0,0,0.0
441203.0,0,0,0.0
441203.0,0,0,0.0
442001.0,0,0,0.0
442001.0,0,0,0.0
442001.0,0,0,0.0
442001.0,0,0,0.0
442001.0,0,0,0.0
442201.0,0,0,0.0
442201.0,0,0,0.0
442201.0,0,0,0.0
442201.0,0,0,0.0
442201.0,0,0,0.0
442202.0,0,0,0.0
442202.0,0,0,0.0
442202.0,0,0,0.0
442202.0,0,0,0.0
442101.0,0,0,0.0
442101.0,0,0,0.0
442101.0,0,0,0.0
442101.0,0,0,0.0
442101.0,0,0,0.0
442301.0,0,0,0.0
442301.0,0,0,0.0
442301.0,0,0,0.0
442106.0,0,0,0.0
442106.0,0,0,0.0
442106.0,0,0,0.0
442306.0,0,0,0.0
442302.0,0,0,0.0
442302.0,0,0,0.0
442302.0,0,0,0.0
442305.0,0,0,0.0
442305.0,0,0,0.0
442104.0,0,0,0.0
442104.0,0,0,0.0
442307.0,0,0,0.0
442307.0,0,0,0.0
445109.0,0,0,0.0
445109.0,0,0,0.0
445103.0,0,0,0.0
445101.0,0,0,0.0
445101.0,0,0,0.0
445101.0,0,0,0.0
445101.0,0,0,0.0
445201.0,0,0,0.0
445201.0,0,0,0.0
445202.0,0,0,0.0
445202.0,0,0,0.0
445207.0,0,0,0.0
445207.0,0,0,0.0
445207.0,0,0,0.0
445203.0,0,0,0.0
445301.0,0,0,0.0
445301.0,0,0,0.0
445301.0,0,0,0.0
445401.0,0,0,0.0
445401.0,0,0,0.0
445401.0,0,0,0.0
445205.0,0,0,0.0
445205.0,0,0,0.0
445303.0,0,0,0.0
445303.0,0,0,0.0
445303.0,0,0,0.0
445303.0,0,0,0.0
445323.0,0,0,0.0
445323.0,0,0,0.0
445211.0,0,0,0.0
445102.0,0,0,0.0
445102.0,0,0,0.0
445102.0,0,0,0.0
445102.0,0,0,0.0
445302.0,0,0,0.0
445302.0,0,0,0.0
445324.0,0,0,0.0
445302.0,0,0,0.0
445302.0,0,0,0.0
445306.0,0,0,0.0
445306.0,0,0,0.0
445306.0,0,0,0.0
445306.0,0,0,0.0
445305.0,0,0,0.0
445204.0,0,0,0.0
445204.0,0,0,0.0
445204.0,0,0,0.0
445402.0,0,0,0.0
445106.0,0,0,0.0
445106.0,0,0,0.0
445307.0,0,0,0.0
445307.0,0,0,0.0
445215.0,0,0,0.0
445215.0,0,0,0.0
445215.0,0,0,0.0
445206.0,0,0,0.0
445206.0,0,0,0.0
445206.0,0,0,0.0
445206.0,0,0,0.0
445206.0,0,0,0.0
445308.0,0,0,0.0
445304.0,0,0,0.0
445304.0,0,0,0.0
445304.0,0,0,0.0
445002.0,0,0,0.0
445002.0,0,0,0.0
445002.0,0,0,0.0
414002.0,0,0,0.0
414002.0,0,0,0.0
414005.0,0,0,0.0
414305.0,0,0,0.0
414305.0,0,0,0.0
413702.0,0,0,0.0
414503.0,0,0,0.0
414103.0,0,0,0.0
413201.0,0,0,0.0
413201.0,0,0,0.0
413201.0,0,0,0.0
413201.0,0,0,0.0
414402.0,0,0,0.0
414402.0,0,0,0.0
414402.0,0,0,0.0
413204.0,0,0,0.0
413204.0,0,0,0.0
414113.0,0,0,0.0
413728.0,0,0,0.0
414401.0,0,0,0.0
414401.0,0,0,0.0
414501.0,0,0,0.0
414501.0,0,0,0.0
414501.0,0,0,0.0
414501.0,0,0,0.0
413205.0,0,0,0.0
413205.0,0,0,0.0
413205.0,0,0,0.0
414306.0,0,0,0.0
414302.0,0,0,0.0
414302.0,0,0,0.0
414302.0,0,0,0.0
414102.0,0,0,0.0
414102.0,0,0,0.0
414102.0,0,0,0.0
414102.0,0,0,0.0
414403.0,0,0,0.0
414502.0,0,0,0.0
414502.0,0,0,0.0
414502.0,0,0,0.0
414502.0,0,0,0.0
414502.0,0,0,0.0
414502.0,0,0,0.0
413701.0,0,0,0.0
413701.0,0,0,0.0
413701.0,0,0,0.0
413726.0,0,0,0.0
414105.0,0,0,0.0
414301.0,0,0,0.0
414301.0,0,0,0.0
414304.0,0,0,0.0
414304.0,0,0,0.0
414304.0,0,0,0.0
414106.0,0,0,0.0
414106.0,0,0,0.0
414106.0,0,0,0.0
414106.0,0,0,0.0
414106.0,0,0,0.0
414602.0,0,0,0.0
413704.0,0,0,0.0
413703.0,0,0,0.0
413703.0,0,0,0.0
414505.0,0,0,0.0
414505.0,0,0,0.0
413304.0,0,0,0.0
413304.0,0,0,0.0
413304.0,0,0,0.0
413304.0,0,0,0.0
413304.0,0,0,0.0
413101.0,0,0,0.0
413212.0,0,0,0.0
413315.0,0,0,0.0
413315.0,0,0,0.0
413309.0,0,0,0.0
413309.0,0,0,0.0
413202.0,0,0,0.0
413202.0,0,0,0.0
413202.0,0,0,0.0
413202.0,0,0,0.0
413202.0,0,0,0.0
413203.0,0,0,0.0
413203.0,0,0,0.0
413203.0,0,0,0.0
413203.0,0,0,0.0
413203.0,0,0,0.0
413203.0,0,0,0.0
413223.0,0,0,0.0
413208.0,0,0,0.0
413208.0,0,0,0.0
413208.0,0,0,0.0
413209.0,0,0,0.0
413209.0,0,0,0.0
413209.0,0,0,0.0
413209.0,0,0,0.0
413250.0,0,0,0.0
413107.0,0,0,0.0
413305.0,0,0,0.0
413305.0,0,0,0.0
413305.0,0,0,0.0
413305.0,0,0,0.0
413319.0,0,0,0.0
413319.0,0,0,0.0
413301.0,0,0,0.0
413109.0,0,0,0.0
413109.0,0,0,0.0
413109.0,0,0,0.0
413310.0,0,0,0.0
413310.0,0,0,0.0
413252.0,0,0,0.0
413252.0,0,0,0.0
413252.0,0,0,0.0
413111.0,0,0,0.0
413251.0,0,0,0.0
413307.0,0,0,0.0
413307.0,0,0,0.0
413307.0,0,0,0.0
413112.0,0,0,0.0
413112.0,0,0,0.0
413112.0,0,0,0.0
412105.0,0,0,0.0
412401.0,0,0,0.0
412406.0,0,0,0.0
413102.0,0,0,0.0
413102.0,0,0,0.0
413102.0,0,0,0.0
412410.0,0,0,0.0
413105.0,0,0,0.0
413105.0,0,0,0.0
413130.0,0,0,0.0
413130.0,0,0,0.0
412206.0,0,0,0.0
412206.0,0,0,0.0
412206.0,0,0,0.0
412206.0,0,0,0.0
412206.0,0,0,0.0
412206.0,0,0,0.0
412206.0,0,0,0.0
410501.0,0,0,0.0
410501.0,0,0,0.0
410501.0,0,0,0.0
410501.0,0,0,0.0
410501.0,0,0,0.0
410501.0,0,0,0.0
413801.0,0,0,0.0
413801.0,0,0,0.0
413801.0,0,0,0.0
413801.0,0,0,0.0
412101.0,0,0,0.0
412109.0,0,0,0.0
410509.0,0,0,0.0
410509.0,0,0,0.0
410509.0,0,0,0.0
412408.0,0,0,0.0
412408.0,0,0,0.0
411025.0,0,0,0.0
412303.0,0,0,0.0
412303.0,0,0,0.0
410502.0,0,0,0.0
410502.0,0,0,0.0
410502.0,0,0,0.0
410502.0,0,0,0.0
412404.0,0,0,0.0
410515.0,0,0,0.0
410405.0,0,0,0.0
412203.0,0,0,0.0
412205.0,0,0,0.0
412205.0,0,0,0.0
412216.0,0,0,0.0
412216.0,0,0,0.0
412216.0,0,0,0.0
410401.0,0,0,0.0
410510.0,0,0,0.0
412201.0,0,0,0.0
412219.0,0,0,0.0
412218.0,0,0,0.0
412218.0,0,0,0.0
412218.0,0,0,0.0
412218.0,0,0,0.0
410503.0,0,0,0.0
412213.0,0,0,0.0
412213.0,0,0,0.0
412211.0,0,0,0.0
412211.0,0,0,0.0
413120.0,0,0,0.0
412102.0,0,0,0.0
412409.0,0,0,0.0
412409.0,0,0,0.0
412409.0,0,0,0.0
412409.0,0,0,0.0
412409.0,0,0,0.0
413132.0,0,0,0.0
413110.0,0,0,0.0
412108.0,0,0,0.0
412108.0,0,0,0.0
412108.0,0,0,0.0
412308.0,0,0,0.0
412412.0,0,0,0.0
412115.0,0,0,0.0
412104.0,0,0,0.0
410505.0,0,0,0.0
412301.0,0,0,0.0
412301.0,0,0,0.0
412301.0,0,0,0.0
412301.0,0,0,0.0
412301.0,0,0,0.0
412301.0,0,0,0.0
412301.0,0,0,0.0
412210.0,0,0,0.0
412210.0,0,0,0.0
412306.0,0,0,0.0
412306.0,0,0,0.0
412204.0,0,0,0.0
412204.0,0,0,0.0
412208.0,0,0,0.0
410507.0,0,0,0.0
412202.0,0,0,0.0
412402.0,0,0,0.0
412402.0,0,0,0.0
412106.0,0,0,0.0
412106.0,0,0,0.0
412106.0,0,0,0.0
412106.0,0,0,0.0
412207.0,0,0,0.0
412207.0,0,0,0.0
412207.0,0,0,0.0
412305.0,0,0,0.0
412305.0,0,0,0.0
413114.0,0,0,0.0
413114.0,0,0,0.0
412214.0,0,0,0.0
415510.0,0,0,0.0
415520.0,0,0,0.0
415520.0,0,0,0.0
415520.0,0,0,0.0
415508.0,0,0,0.0
415508.0,0,0,0.0
415211.0,0,0,0.0
415112.0,0,0,0.0
415112.0,0,0,0.0
415112.0,0,0,0.0
415112.0,0,0,0.0
415112.0,0,0,0.0
415540.0,0,0,0.0
415507.0,0,0,0.0
415103.0,0,0,0.0
415103.0,0,0,0.0
415207.0,0,0,0.0
415205.0,0,0,0.0
415106.0,0,0,0.0
415106.0,0,0,0.0
415106.0,0,0,0.0
415538.0,0,0,0.0
415509.0,0,0,0.0
415111.0,0,0,0.0
415111.0,0,0,0.0
415111.0,0,0,0.0
415206.0,0,0,0.0
415206.0,0,0,0.0
415206.0,0,0,0.0
415206.0,0,0,0.0
415114.0,0,0,0.0
415014.0,0,0,0.0
415014.0,0,0,0.0
415109.0,0,0,0.0
415109.0,0,0,0.0
415109.0,0,0,0.0
415124.0,0,0,0.0
415124.0,0,0,0.0
415115.0,0,0,0.0
415020.0,0,0,0.0
415503.0,0,0,0.0
415503.0,0,0,0.0
415503.0,0,0,0.0
412802.0,0,0,0.0
412802.0,0,0,0.0
415505.0,0,0,0.0
415505.0,0,0,0.0
415501.0,0,0,0.0
415501.0,0,0,0.0
415514.0,0,0,0.0
415527.0,0,0,0.0
415527.0,0,0,0.0
415527.0,0,0,0.0
415015.0,0,0,0.0
415521.0,0,0,0.0
415521.0,0,0,0.0
412806.0,0,0,0.0
412806.0,0,0,0.0
412806.0,0,0,0.0
412806.0,0,0,0.0
415012.0,0,0,0.0
415012.0,0,0,0.0
415012.0,0,0,0.0
415012.0,0,0,0.0
415004.0,0,0,0.0
415519.0,0,0,0.0
415013.0,0,0,0.0
415013.0,0,0,0.0
415523.0,0,0,0.0
415523.0,0,0,0.0
415523.0,0,0,0.0
415523.0,0,0,0.0
415523.0,0,0,0.0
415525.0,0,0,0.0
415502.0,0,0,0.0
415511.0,0,0,0.0
415511.0,0,0,0.0
415002.0,0,0,0.0
415002.0,0,0,0.0
415002.0,0,0,0.0
415002.0,0,0,0.0
415002.0,0,0,0.0
412801.0,0,0,0.0
415528.0,0,0,0.0
415528.0,0,0,0.0
415528.0,0,0,0.0
415011.0,0,0,0.0
415011.0,0,0,0.0
415011.0,0,0,0.0
415526.0,0,0,0.0
415526.0,0,0,0.0
415524.0,0,0,0.0
415524.0,0,0,0.0
415022.0,0,0,0.0
415022.0,0,0,0.0
412803.0,0,0,0.0
412803.0,0,0,0.0
412803.0,0,0,0.0
412803.0,0,0,0.0
412803.0,0,0,0.0
412803.0,0,0,0.0
422601.0,0,0,0.0
422601.0,0,0,0.0
422601.0,0,0,0.0
413714.0,0,0,0.0
413737.0,0,0,0.0
422602.0,0,0,0.0
413723.0,0,0,0.0
413723.0,0,0,0.0
413723.0,0,0,0.0
423604.0,0,0,0.0
422603.0,0,0,0.0
422603.0,0,0,0.0
422620.0,0,0,0.0
413717.0,0,0,0.0
413710.0,0,0,0.0
423602.0,0,0,0.0
423601.0,0,0,0.0
422610.0,0,0,0.0
422610.0,0,0,0.0
422610.0,0,0,0.0
414604.0,0,0,0.0
413736.0,0,0,0.0
422611.0,0,0,0.0
414603.0,0,0,0.0
413721.0,0,0,0.0
423107.0,0,0,0.0
413706.0,0,0,0.0
413705.0,0,0,0.0
413705.0,0,0,0.0
413705.0,0,0,0.0
422604.0,0,0,0.0
422604.0,0,0,0.0
422604.0,0,0,0.0
422604.0,0,0,0.0
422604.0,0,0,0.0
422604.0,0,0,0.0
413708.0,0,0,0.0
413708.0,0,0,0.0
422622.0,0,0,0.0
422605.0,0,0,0.0
422605.0,0,0,0.0
422605.0,0,0,0.0
423603.0,0,0,0.0
423603.0,0,0,0.0
423109.0,0,0,0.0
413725.0,0,0,0.0
413725.0,0,0,0.0
413720.0,0,0,0.0
413739.0,0,0,0.0
413739.0,0,0,0.0
413409.0,0,0,0.0
413216.0,0,0,0.0
413214.0,0,0,0.0
413401.0,0,0,0.0
413401.0,0,0,0.0
413226.0,0,0,0.0
413226.0,0,0,0.0
413220.0,0,0,0.0
413406.0,0,0,0.0
413406.0,0,0,0.0
413215.0,0,0,0.0
413215.0,0,0,0.0
413253.0,0,0,0.0
413219.0,0,0,0.0
413219.0,0,0,0.0
413219.0,0,0,0.0
413219.0,0,0,0.0
413221.0,0,0,0.0
413221.0,0,0,0.0
413255.0,0,0,0.0
413213.0,0,0,0.0
413213.0,0,0,0.0
413213.0,0,0,0.0
413227.0,0,0,0.0
413227.0,0,0,0.0
413227.0,0,0,0.0
413222.0,0,0,0.0
413222.0,0,0,0.0
413222.0,0,0,0.0
413404.0,0,0,0.0
413248.0,0,0,0.0
413248.0,0,0,0.0
413002.0,0,0,0.0
413002.0,0,0,0.0
413002.0,0,0,0.0
413008.0,0,0,0.0
413008.0,0,0,0.0
413412.0,0,0,0.0
413402.0,0,0,0.0
413402.0,0,0,0.0
413228.0,0,0,0.0
413228.0,0,0,0.0
413228.0,0,0,0.0
413218.0,0,0,0.0
413218.0,0,0,0.0
431002.0,0,0,0.0
431134.0,0,0,0.0
431105.0,0,0,0.0
431105.0,0,0,0.0
431105.0,0,0,0.0
431154.0,0,0,0.0
431007.0,0,0,0.0
431147.0,0,0,0.0
431147.0,0,0,0.0
431109.0,0,0,0.0
431109.0,0,0,0.0
431103.0,0,0,0.0
431103.0,0,0,0.0
431103.0,0,0,0.0
431103.0,0,0,0.0
431101.0,0,0,0.0
431101.0,0,0,0.0
431101.0,0,0,0.0
423702.0,0,0,0.0
431121.0,0,0,0.0
431121.0,0,0,0.0
431148.0,0,0,0.0
423703.0,0,0,0.0
423703.0,0,0,0.0
423703.0,0,0,0.0
431152.0,0,0,0.0
431111.0,0,0,0.0
431111.0,0,0,0.0
431111.0,0,0,0.0
431111.0,0,0,0.0
431104.0,0,0,0.0
431110.0,0,0,0.0
431116.0,0,0,0.0
431116.0,0,0,0.0
423701.0,0,0,0.0
423701.0,0,0,0.0
423701.0,0,0,0.0
423701.0,0,0,0.0
431133.0,0,0,0.0
431133.0,0,0,0.0
431154.0,0,0,0.0
431154.0,0,0,0.0
431204.0,0,0,0.0
431204.0,0,0,0.0
431202.0,0,0,0.0
431202.0,0,0,0.0
431202.0,0,0,0.0
431202.0,0,0,0.0
431113.0,0,0,0.0
431114.0,0,0,0.0
431114.0,0,0,0.0
431114.0,0,0,0.0
431209.0,0,0,0.0
431209.0,0,0,0.0
431206.0,0,0,0.0
431213.0,0,0,0.0
431211.0,0,0,0.0
431207.0,0,0,0.0
431132.0,0,0,0.0
431132.0,0,0,0.0
431112.0,0,0,0.0
431112.0,0,0,0.0
431112.0,0,0,0.0
431135.0,0,0,0.0
431135.0,0,0,0.0
431135.0,0,0,0.0
431120.0,0,0,0.0
431208.0,0,0,0.0
431214.0,0,0,0.0
431214.0,0,0,0.0
431214.0,0,0,0.0
431214.0,0,0,0.0
431215.0,0,0,0.0
431215.0,0,0,0.0
431215.0,0,0,0.0
413207.0,0,0,0.0
413207.0,0,0,0.0
431517.0,0,0,0.0
431523.0,0,0,0.0
431523.0,0,0,0.0
414203.0,0,0,0.0
431518.0,0,0,0.0
431518.0,0,0,0.0
431153.0,0,0,0.0
431153.0,0,0,0.0
431153.0,0,0,0.0
431153.0,0,0,0.0
431153.0,0,0,0.0
431126.0,0,0,0.0
431126.0,0,0,0.0
431126.0,0,0,0.0
431128.0,0,0,0.0
431128.0,0,0,0.0
431128.0,0,0,0.0
431127.0,0,0,0.0
431127.0,0,0,0.0
431519.0,0,0,0.0
431143.0,0,0,0.0
431143.0,0,0,0.0
431143.0,0,0,0.0
414202.0,0,0,0.0
414202.0,0,0,0.0
414202.0,0,0,0.0
414202.0,0,0,0.0
414202.0,0,0,0.0
414202.0,0,0,0.0
414208.0,0,0,0.0
431123.0,0,0,0.0
431123.0,0,0,0.0
431123.0,0,0,0.0
431123.0,0,0,0.0
431123.0,0,0,0.0
424119.0,0,0,0.0
431123.0,0,0,0.0
431124.0,0,0,0.0
431124.0,0,0,0.0
431131.0,0,0,0.0
431131.0,0,0,0.0
431131.0,0,0,0.0
431125.0,0,0,0.0
431515.0,0,0,0.0
431515.0,0,0,0.0
414204.0,0,0,0.0
414204.0,0,0,0.0
413229.0,0,0,0.0
414205.0,0,0,0.0
414205.0,0,0,0.0
414205.0,0,0,0.0
414205.0,0,0,0.0
413249.0,0,0,0.0
431129.0,0,0,0.0
431129.0,0,0,0.0
431129.0,0,0,0.0
431129.0,0,0,0.0
431129.0,0,0,0.0
431129.0,0,0,0.0
431130.0,0,0,0.0
431130.0,0,0,0.0
431530.0,0,0,0.0
431530.0,0,0,0.0
431530.0,0,0,0.0
431144.0,0,0,0.0
425310.0,0,0,0.0
425327.0,0,0,0.0
425306.0,0,0,0.0
425306.0,0,0,0.0
425524.0,0,0,0.0
425415.0,0,0,0.0
425428.0,0,0,0.0
425407.0,0,0,0.0
425417.0,0,0,0.0
425414.0,0,0,0.0
425414.0,0,0,0.0
424002.0,0,0,0.0
424002.0,0,0,0.0
424002.0,0,0,0.0
425408.0,0,0,0.0
425408.0,0,0,0.0
425408.0,0,0,0.0
425408.0,0,0,0.0
425408.0,0,0,0.0
425408.0,0,0,0.0
424301.0,0,0,0.0
424301.0,0,0,0.0
425416.0,0,0,0.0
425416.0,0,0,0.0
425416.0,0,0,0.0
425416.0,0,0,0.0
425416.0,0,0,0.0
425419.0,0,0,0.0
425419.0,0,0,0.0
425444.0,0,0,0.0
425432.0,0,0,0.0
425432.0,0,0,0.0
425432.0,0,0,0.0
424311.0,0,0,0.0
424311.0,0,0,0.0
425452.0,0,0,0.0
425452.0,0,0,0.0
425412.0,0,0,0.0
425412.0,0,0,0.0
425412.0,0,0,0.0
425412.0,0,0,0.0
425412.0,0,0,0.0
425412.0,0,0,0.0
425412.0,0,0,0.0
425412.0,0,0,0.0
425412.0,0,0,0.0
425412.0,0,0,0.0
424318.0,0,0,0.0
425418.0,0,0,0.0
425418.0,0,0,0.0
425418.0,0,0,0.0
424305.0,0,0,0.0
424305.0,0,0,0.0
424306.0,0,0,0.0
425424.0,0,0,0.0
425411.0,0,0,0.0
424304.0,0,0,0.0
424304.0,0,0,0.0
424304.0,0,0,0.0
424304.0,0,0,0.0
424304.0,0,0,0.0
424304.0,0,0,0.0
424304.0,0,0,0.0
425409.0,0,0,0.0
425409.0,0,0,0.0
425409.0,0,0,0.0
425409.0,0,0,0.0
425405.0,0,0,0.0
425405.0,0,0,0.0
425405.0,0,0,0.0
424309.0,0,0,0.0
425413.0,0,0,0.0
425413.0,0,0,0.0
425421.0,0,0,0.0
425427.0,0,0,0.0
425427.0,0,0,0.0
424105.0,0,0,0.0
424105.0,0,0,0.0
425109.0,0,0,0.0
425109.0,0,0,0.0
425109.0,0,0,0.0
424108.0,0,0,0.0
424108.0,0,0,0.0
424108.0,0,0,0.0
424103.0,0,0,0.0
425110.0,0,0,0.0
424107.0,0,0,0.0
424107.0,0,0,0.0
424106.0,0,0,0.0
424106.0,0,0,0.0
424104.0,0,0,0.0
424104.0,0,0,0.0
424201.0,0,0,0.0
424201.0,0,0,0.0
424201.0,0,0,0.0
424201.0,0,0,0.0
424201.0,0,0,0.0
424201.0,0,0,0.0
424201.0,0,0,0.0
424201.0,0,0,0.0
424201.0,0,0,0.0
425111.0,0,0,0.0
425111.0,0,0,0.0
425111.0,0,0,0.0
424119.0,0,0,0.0
424119.0,0,0,0.0
424119.0,0,0,0.0
424119.0,0,0,0.0
424119.0,0,0,0.0
424102.0,0,0,0.0
424102.0,0,0,0.0
424203.0,0,0,0.0
424202.0,0,0,0.0
425401.0,0,0,0.0
425401.0,0,0,0.0
425401.0,0,0,0.0
425401.0,0,0,0.0
425401.0,0,0,0.0
425401.0,0,0,0.0
425102.0,0,0,0.0
425105.0,0,0,0.0
425105.0,0,0,0.0
425105.0,0,0,0.0
425002.0,0,0,0.0
425002.0,0,0,0.0
425002.0,0,0,0.0
425002.0,0,0,0.0
425002.0,0,0,0.0
425116.0,0,0,0.0
425116.0,0,0,0.0
425115.0,0,0,0.0
425103.0,0,0,0.0
425103.0,0,0,0.0
425103.0,0,0,0.0
425103.0,0,0,0.0
425103.0,0,0,0.0
425104.0,0,0,0.0
423402.0,0,0,0.0
423402.0,0,0,0.0
423101.0,0,0,0.0
423101.0,0,0,0.0
423101.0,0,0,0.0
423201.0,0,0,0.0
423201.0,0,0,0.0
423102.0,0,0,0.0
423102.0,0,0,0.0
423102.0,0,0,0.0
423303.0,0,0,0.0
422308.0,0,0,0.0
423501.0,0,0,0.0
423501.0,0,0,0.0
423501.0,0,0,0.0
423213.0,0,0,0.0
423213.0,0,0,0.0
422306.0,0,0,0.0
422306.0,0,0,0.0
423105.0,0,0,0.0
423105.0,0,0,0.0
423104.0,0,0,0.0
423104.0,0,0,0.0
416813.0,0,0,0.0
423204.0,0,0,0.0
423204.0,0,0,0.0
423204.0,0,0,0.0
423204.0,0,0,0.0
423106.0,0,0,0.0
465687.0,0,0,0.0
465667.0,0,0,0.0
465667.0,0,0,0.0
465693.0,0,0,0.0
465693.0,0,0,0.0
465693.0,0,0,0.0
465693.0,0,0,0.0
465669.0,0,0,0.0
465669.0,0,0,0.0
465669.0,0,0,0.0
465669.0,0,0,0.0
465669.0,0,0,0.0
465683.0,0,0,0.0
465683.0,0,0,0.0
465697.0,0,0,0.0
465697.0,0,0,0.0
465680.0,0,0,0.0
465677.0,0,0,0.0
465677.0,0,0,0.0
465691.0,0,0,0.0
465691.0,0,0,0.0
465691.0,0,0,0.0
465691.0,0,0,0.0
465691.0,0,0,0.0
466001.0,0,0,0.0
466001.0,0,0,0.0
466001.0,0,0,0.0
466665.0,0,0,0.0
466116.0,0,0,0.0
466116.0,0,0,0.0
466116.0,0,0,0.0
466448.0,0,0,0.0
466111.0,0,0,0.0
466111.0,0,0,0.0
466111.0,0,0,0.0
466111.0,0,0,0.0
466661.0,0,0,0.0
466115.0,0,0,0.0
466115.0,0,0,0.0
466115.0,0,0,0.0
466115.0,0,0,0.0
466115.0,0,0,0.0
466114.0,0,0,0.0
466114.0,0,0,0.0
466331.0,0,0,0.0
466331.0,0,0,0.0
466331.0,0,0,0.0
466446.0,0,0,0.0
466446.0,0,0,0.0
466446.0,0,0,0.0
466446.0,0,0,0.0
466554.0,0,0,0.0
466554.0,0,0,0.0
465441.0,0,0,0.0
465223.0,0,0,0.0
465550.0,0,0,0.0
465550.0,0,0,0.0
465226.0,0,0,0.0
465226.0,0,0,0.0
465110.0,0,0,0.0
465335.0,0,0,0.0
465335.0,0,0,0.0
465335.0,0,0,0.0
465337.0,0,0,0.0
465220.0,0,0,0.0
465220.0,0,0,0.0
465230.0,0,0,0.0
465339.0,0,0,0.0
465339.0,0,0,0.0
465339.0,0,0,0.0
465445.0,0,0,0.0
465445.0,0,0,0.0
465445.0,0,0,0.0
465445.0,0,0,0.0
465116.0,0,0,0.0
465227.0,0,0,0.0
465333.0,0,0,0.0
465333.0,0,0,0.0
465449.0,0,0,0.0
465447.0,0,0,0.0
465447.0,0,0,0.0
456222.0,0,0,0.0
456222.0,0,0,0.0
456771.0,0,0,0.0
456313.0,0,0,0.0
456313.0,0,0,0.0
456313.0,0,0,0.0
456313.0,0,0,0.0
456313.0,0,0,0.0
465313.0,0,0,0.0
456331.0,0,0,0.0
456550.0,0,0,0.0
456550.0,0,0,0.0
456550.0,0,0,0.0
456550.0,0,0,0.0
456441.0,0,0,0.0
456441.0,0,0,0.0
456441.0,0,0,0.0
456441.0,0,0,0.0
456770.0,0,0,0.0
456224.0,0,0,0.0
456224.0,0,0,0.0
456224.0,0,0,0.0
456440.0,0,0,0.0
456443.0,0,0,0.0
456443.0,0,0,0.0
456335.0,0,0,0.0
456335.0,0,0,0.0
456664.0,0,0,0.0
456664.0,0,0,0.0
456776.0,0,0,0.0
456661.0,0,0,0.0
456665.0,0,0,0.0
456003.0,0,0,0.0
456003.0,0,0,0.0
456006.0,0,0,0.0
456221.0,0,0,0.0
473331.0,0,0,0.0
473331.0,0,0,0.0
473331.0,0,0,0.0
473331.0,0,0,0.0
473331.0,0,0,0.0
473331.0,0,0,0.0
473446.0,0,0,0.0
473446.0,0,0,0.0
473446.0,0,0,0.0
473446.0,0,0,0.0
473335.0,0,0,0.0
473335.0,0,0,0.0
473335.0,0,0,0.0
473335.0,0,0,0.0
473335.0,0,0,0.0
473335.0,0,0,0.0
473443.0,0,0,0.0
473443.0,0,0,0.0
473443.0,0,0,0.0
473443.0,0,0,0.0
473332.0,0,0,0.0
473444.0,0,0,0.0
473444.0,0,0,0.0
473330.0,0,0,0.0
473330.0,0,0,0.0
473445.0,0,0,0.0
473105.0,0,0,0.0
473105.0,0,0,0.0
473101.0,0,0,0.0
473101.0,0,0,0.0
473101.0,0,0,0.0
473249.0,0,0,0.0
473105.0,0,0,0.0
473105.0,0,0,0.0
473105.0,0,0,0.0
473105.0,0,0,0.0
473105.0,0,0,0.0
473105.0,0,0,0.0
473115.0,0,0,0.0
473115.0,0,0,0.0
473115.0,0,0,0.0
473118.0,0,0,0.0
473222.0,0,0,0.0
473222.0,0,0,0.0
473222.0,0,0,0.0
473287.0,0,0,0.0
473287.0,0,0,0.0
473113.0,0,0,0.0
473113.0,0,0,0.0
473113.0,0,0,0.0
473110.0,0,0,0.0
473551.0,0,0,0.0
473551.0,0,0,0.0
473551.0,0,0,0.0
473551.0,0,0,0.0
473551.0,0,0,0.0
473551.0,0,0,0.0
473585.0,0,0,0.0
473585.0,0,0,0.0
473793.0,0,0,0.0
473793.0,0,0,0.0
473793.0,0,0,0.0
473793.0,0,0,0.0
473793.0,0,0,0.0
475686.0,0,0,0.0
473770.0,0,0,0.0
473774.0,0,0,0.0
473774.0,0,0,0.0
473774.0,0,0,0.0
473770.0,0,0,0.0
473660.0,0,0,0.0
473660.0,0,0,0.0
473660.0,0,0,0.0
473990.0,0,0,0.0
473773.0,0,0,0.0
473773.0,0,0,0.0
473670.0,0,0,0.0
473670.0,0,0,0.0
473670.0,0,0,0.0
473670.0,0,0,0.0
473880.0,0,0,0.0
473880.0,0,0,0.0
473880.0,0,0,0.0
473995.0,0,0,0.0
473995.0,0,0,0.0
473995.0,0,0,0.0
473995.0,0,0,0.0
473995.0,0,0,0.0
473995.0,0,0,0.0
473775.0,0,0,0.0
473775.0,0,0,0.0
473781.0,0,0,0.0
473662.0,0,0,0.0
474001.0,0,0,0.0
474001.0,0,0,0.0
475001.0,0,0,0.0
475001.0,0,0,0.0
475001.0,0,0,0.0
475001.0,0,0,0.0
475686.0,0,0,0.0
475686.0,0,0,0.0
475686.0,0,0,0.0
475335.0,0,0,0.0
475335.0,0,0,0.0
475335.0,0,0,0.0
475220.0,0,0,0.0
475220.0,0,0,0.0
475220.0,0,0,0.0
475220.0,0,0,0.0
475220.0,0,0,0.0
475110.0,0,0,0.0
475661.0,0,0,0.0
475661.0,0,0,0.0
475661.0,0,0,0.0
474010.0,0,0,0.0
475115.0,0,0,0.0
475115.0,0,0,0.0
475336.0,0,0,0.0
475336.0,0,0,0.0
475336.0,0,0,0.0
475682.0,0,0,0.0
475682.0,0,0,0.0
475682.0,0,0,0.0
475685.0,0,0,0.0
475685.0,0,0,0.0
475005.0,0,0,0.0
475673.0,0,0,0.0
475671.0,0,0,0.0
475671.0,0,0,0.0
475671.0,0,0,0.0
475671.0,0,0,0.0
475671.0,0,0,0.0
474006.0,0,0,0.0
474006.0,0,0,0.0
475002.0,0,0,0.0
475002.0,0,0,0.0
475002.0,0,0,0.0
474005.0,0,0,0.0
474005.0,0,0,0.0
474020.0,0,0,0.0
475330.0,0,0,0.0
475330.0,0,0,0.0
475330.0,0,0,0.0
475330.0,0,0,0.0
475330.0,0,0,0.0
477001.0,0,0,0.0
477001.0,0,0,0.0
477227.0,0,0,0.0
477227.0,0,0,0.0
477227.0,0,0,0.0
477111.0,0,0,0.0
477447.0,0,0,0.0
477447.0,0,0,0.0
477447.0,0,0,0.0
477116.0,0,0,0.0
477116.0,0,0,0.0
477116.0,0,0,0.0
477116.0,0,0,0.0
477116.0,0,0,0.0
477116.0,0,0,0.0
477116.0,0,0,0.0
477660.0,0,0,0.0
477660.0,0,0,0.0
477660.0,0,0,0.0
477660.0,0,0,0.0
477445.0,0,0,0.0
477445.0,0,0,0.0
477445.0,0,0,0.0
477222.0,0,0,0.0
477222.0,0,0,0.0
477441.0,0,0,0.0
477441.0,0,0,0.0
477441.0,0,0,0.0
477441.0,0,0,0.0
477105.0,0,0,0.0
477105.0,0,0,0.0
477105.0,0,0,0.0
477105.0,0,0,0.0
477555.0,0,0,0.0
477555.0,0,0,0.0
477555.0,0,0,0.0
477335.0,0,0,0.0
477335.0,0,0,0.0
477335.0,0,0,0.0
477333.0,0,0,0.0
477331.0,0,0,0.0
476001.0,0,0,0.0
476001.0,0,0,0.0
476001.0,0,0,0.0
476111.0,0,0,0.0
476111.0,0,0,0.0
476111.0,0,0,0.0
476111.0,0,0,0.0
476219.0,0,0,0.0
476219.0,0,0,0.0
476219.0,0,0,0.0
476219.0,0,0,0.0
476444.0,0,0,0.0
476444.0,0,0,0.0
476444.0,0,0,0.0
476335.0,0,0,0.0
476335.0,0,0,0.0
476335.0,0,0,0.0
476335.0,0,0,0.0
476332.0,0,0,0.0
476332.0,0,0,0.0
476332.0,0,0,0.0
476134.0,0,0,0.0
476221.0,0,0,0.0
476221.0,0,0,0.0
476221.0,0,0,0.0
476221.0,0,0,0.0
476221.0,0,0,0.0
476221.0,0,0,0.0
476355.0,0,0,0.0
476355.0,0,0,0.0
476355.0,0,0,0.0
476355.0,0,0,0.0
476224.0,0,0,0.0
476224.0,0,0,0.0
476224.0,0,0,0.0
476554.0,0,0,0.0
476554.0,0,0,0.0
476228.0,0,0,0.0
476115.0,0,0,0.0
476115.0,0,0,0.0
476115.0,0,0,0.0
476115.0,0,0,0.0
476115.0,0,0,0.0
476229.0,0,0,0.0
476339.0,0,0,0.0
476339.0,0,0,0.0
476339.0,0,0,0.0
476339.0,0,0,0.0
403702.0,0,0,0.0
403702.0,0,0,0.0
403708.0,0,0,0.0
403710.0,0,0,0.0
403703.0,0,0,0.0
403703.0,0,0,0.0
403703.0,0,0,0.0
403728.0,0,0,0.0
403718.0,0,0,0.0
403713.0,0,0,0.0
403705.0,0,0,0.0
403705.0,0,0,0.0
403704.0,0,0,0.0
403704.0,0,0,0.0
403704.0,0,0,0.0
403704.0,0,0,0.0
403704.0,0,0,0.0
403508.0,0,0,0.0
403503.0,0,0,0.0
403503.0,0,0,0.0
403101.0,0,0,0.0
403513.0,0,0,0.0
403513.0,0,0,0.0
403507.0,0,0,0.0
403404.0,0,0,0.0
403004.0,0,0,0.0
403530.0,0,0,0.0
403512.0,0,0,0.0
403512.0,0,0,0.0
403511.0,0,0,0.0
403505.0,0,0,0.0
403406.0,0,0,0.0
403406.0,0,0,0.0
403406.0,0,0,0.0
403506.0,0,0,0.0
403506.0,0,0,0.0
416204.0,0,0,0.0
415101.0,0,0,0.0
152128.0,0,0,0.0
152128.0,0,0,0.0
142058.0,0,0,0.0
142043.0,0,0,0.0
142043.0,0,0,0.0
142043.0,0,0,0.0
142044.0,0,0,0.0
152021.0,0,0,0.0
152028.0,0,0,0.0
152028.0,0,0,0.0
152033.0,0,0,0.0
152132.0,0,0,0.0
152132.0,0,0,0.0
152132.0,0,0,0.0
152122.0,0,0,0.0
152122.0,0,0,0.0
152004.0,0,0,0.0
152004.0,0,0,0.0
152005.0,0,0,0.0
152005.0,0,0,0.0
152005.0,0,0,0.0
142050.0,0,0,0.0
142050.0,0,0,0.0
142050.0,0,0,0.0
142047.0,0,0,0.0
142047.0,0,0,0.0
142047.0,0,0,0.0
152118.0,0,0,0.0
152118.0,0,0,0.0
143507.0,0,0,0.0
143511.0,0,0,0.0
143511.0,0,0,0.0
143604.0,0,0,0.0
143604.0,0,0,0.0
143602.0,0,0,0.0
143602.0,0,0,0.0
143514.0,0,0,0.0
143506.0,0,0,0.0
143506.0,0,0,0.0
143506.0,0,0,0.0
143506.0,0,0,0.0
143513.0,0,0,0.0
143516.0,0,0,0.0
143516.0,0,0,0.0
143516.0,0,0,0.0
143516.0,0,0,0.0
143515.0,0,0,0.0
145027.0,0,0,0.0
143519.0,0,0,0.0
143519.0,0,0,0.0
143526.0,0,0,0.0
143527.0,0,0,0.0
143528.0,0,0,0.0
145025.0,0,0,0.0
145025.0,0,0,0.0
143525.0,0,0,0.0
145101.0,0,0,0.0
145101.0,0,0,0.0
145101.0,0,0,0.0
145026.0,0,0,0.0
145001.0,0,0,0.0
145001.0,0,0,0.0
145001.0,0,0,0.0
145001.0,0,0,0.0
145023.0,0,0,0.0
145023.0,0,0,0.0
143529.0,0,0,0.0
143529.0,0,0,0.0
143530.0,0,0,0.0
144224.0,0,0,0.0
144306.0,0,0,0.0
144306.0,0,0,0.0
144306.0,0,0,0.0
144213.0,0,0,0.0
144213.0,0,0,0.0
144210.0,0,0,0.0
144212.0,0,0,0.0
144212.0,0,0,0.0
144212.0,0,0,0.0
146113.0,0,0,0.0
146024.0,0,0,0.0
144222.0,0,0,0.0
144222.0,0,0,0.0
144207.0,0,0,0.0
144207.0,0,0,0.0
144221.0,0,0,0.0
144208.0,0,0,0.0
144208.0,0,0,0.0
144209.0,0,0,0.0
144223.0,0,0,0.0
144223.0,0,0,0.0
146116.0,0,0,0.0
144305.0,0,0,0.0
144305.0,0,0,0.0
144202.0,0,0,0.0
144211.0,0,0,0.0
144211.0,0,0,0.0
144214.0,0,0,0.0
144214.0,0,0,0.0
144204.0,0,0,0.0
144404.0,0,0,0.0
144406.0,0,0,0.0
144521.0,0,0,0.0
146101.0,0,0,0.0
146102.0,0,0,0.0
146102.0,0,0,0.0
146102.0,0,0,0.0
146102.0,0,0,0.0
144523.0,0,0,0.0
144520.0,0,0,0.0
144520.0,0,0,0.0
146024.0,0,0,0.0
146110.0,0,0,0.0
146110.0,0,0,0.0
146105.0,0,0,0.0
144526.0,0,0,0.0
144526.0,0,0,0.0
144526.0,0,0,0.0
144531.0,0,0,0.0
146111.0,0,0,0.0
146111.0,0,0,0.0
146111.0,0,0,0.0
146112.0,0,0,0.0
146112.0,0,0,0.0
146021.0,0,0,0.0
146021.0,0,0,0.0
144532.0,0,0,0.0
144532.0,0,0,0.0
146108.0,0,0,0.0
146108.0,0,0,0.0
146109.0,0,0,0.0
146109.0,0,0,0.0
144505.0,0,0,0.0
144502.0,0,0,0.0
144502.0,0,0,0.0
144511.0,0,0,0.0
144409.0,0,0,0.0
144515.0,0,0,0.0
144515.0,0,0,0.0
144515.0,0,0,0.0
144510.0,0,0,0.0
144516.0,0,0,0.0
144506.0,0,0,0.0
144507.0,0,0,0.0
144029.0,0,0,0.0
144513.0,0,0,0.0
144513.0,0,0,0.0
144508.0,0,0,0.0
144514.0,0,0,0.0
144514.0,0,0,0.0
144503.0,0,0,0.0
144410.0,0,0,0.0
144410.0,0,0,0.0
144410.0,0,0,0.0
144421.0,0,0,0.0
144005.0,0,0,0.0
144103.0,0,0,0.0
144102.0,0,0,0.0
144106.0,0,0,0.0
144106.0,0,0,0.0
144301.0,0,0,0.0
144002.0,0,0,0.0
144002.0,0,0,0.0
144302.0,0,0,0.0
144302.0,0,0,0.0
144201.0,0,0,0.0
144201.0,0,0,0.0
144201.0,0,0,0.0
144008.0,0,0,0.0
144008.0,0,0,0.0
144025.0,0,0,0.0
144025.0,0,0,0.0
144025.0,0,0,0.0
144303.0,0,0,0.0
144303.0,0,0,0.0
144026.0,0,0,0.0
144026.0,0,0,0.0
144026.0,0,0,0.0
144026.0,0,0,0.0
144001.0,0,0,0.0
144101.0,0,0,0.0
144630.0,0,0,0.0
144804.0,0,0,0.0
144802.0,0,0,0.0
144802.0,0,0,0.0
144802.0,0,0,0.0
144623.0,0,0,0.0
144629.0,0,0,0.0
144629.0,0,0,0.0
144629.0,0,0,0.0
144629.0,0,0,0.0
144701.0,0,0,0.0
144041.0,0,0,0.0
144041.0,0,0,0.0
144041.0,0,0,0.0
144040.0,0,0,0.0
144040.0,0,0,0.0
144040.0,0,0,0.0
144703.0,0,0,0.0
144702.0,0,0,0.0
144626.0,0,0,0.0
144606.0,0,0,0.0
144628.0,0,0,0.0
144628.0,0,0,0.0
144603.0,0,0,0.0
144603.0,0,0,0.0
144034.0,0,0,0.0
144632.0,0,0,0.0
144407.0,0,0,0.0
144033.0,0,0,0.0
144403.0,0,0,0.0
144032.0,0,0,0.0
144633.0,0,0,0.0
144633.0,0,0,0.0
144043.0,0,0,0.0
305005.0,0,0,0.0
305005.0,0,0,0.0
305023.0,0,0,0.0
305023.0,0,0,0.0
305003.0,0,0,0.0
305024.0,0,0,0.0
305206.0,0,0,0.0
305206.0,0,0,0.0
305206.0,0,0,0.0
305206.0,0,0,0.0
305206.0,0,0,0.0
305801.0,0,0,0.0
305801.0,0,0,0.0
305801.0,0,0,0.0
305801.0,0,0,0.0
305801.0,0,0,0.0
305813.0,0,0,0.0
305813.0,0,0,0.0
305811.0,0,0,0.0
305811.0,0,0,0.0
305814.0,0,0,0.0
305814.0,0,0,0.0
305814.0,0,0,0.0
305815.0,0,0,0.0
305815.0,0,0,0.0
305025.0,0,0,0.0
305025.0,0,0,0.0
305631.0,0,0,0.0
305926.0,0,0,0.0
305926.0,0,0,0.0
305624.0,0,0,0.0
305624.0,0,0,0.0
305630.0,0,0,0.0
305630.0,0,0,0.0
305630.0,0,0,0.0
305922.0,0,0,0.0
305922.0,0,0,0.0
305927.0,0,0,0.0
305927.0,0,0,0.0
305927.0,0,0,0.0
305202.0,0,0,0.0
305623.0,0,0,0.0
305204.0,0,0,0.0
305204.0,0,0,0.0
305925.0,0,0,0.0
305925.0,0,0,0.0
305601.0,0,0,0.0
305601.0,0,0,0.0
305601.0,0,0,0.0
305629.0,0,0,0.0
305412.0,0,0,0.0
305412.0,0,0,0.0
305412.0,0,0,0.0
305408.0,0,0,0.0
305408.0,0,0,0.0
305408.0,0,0,0.0
305405.0,0,0,0.0
305405.0,0,0,0.0
305404.0,0,0,0.0
305628.0,0,0,0.0
305403.0,0,0,0.0
305407.0,0,0,0.0
305407.0,0,0,0.0
305407.0,0,0,0.0
305407.0,0,0,0.0
311301.0,0,0,0.0
311301.0,0,0,0.0
311301.0,0,0,0.0
311301.0,0,0,0.0
311301.0,0,0,0.0
311302.0,0,0,0.0
311302.0,0,0,0.0
311302.0,0,0,0.0
311402.0,0,0,0.0
311402.0,0,0,0.0
311402.0,0,0,0.0
311402.0,0,0,0.0
311401.0,0,0,0.0
311401.0,0,0,0.0
311401.0,0,0,0.0
311601.0,0,0,0.0
311601.0,0,0,0.0
311602.0,0,0,0.0
311602.0,0,0,0.0
311602.0,0,0,0.0
311602.0,0,0,0.0
311801.0,0,0,0.0
311801.0,0,0,0.0
311021.0,0,0,0.0
311021.0,0,0,0.0
311025.0,0,0,0.0
311025.0,0,0,0.0
311201.0,0,0,0.0
311201.0,0,0,0.0
311201.0,0,0,0.0
311605.0,0,0,0.0
311023.0,0,0,0.0
311023.0,0,0,0.0
311023.0,0,0,0.0
311603.0,0,0,0.0
311603.0,0,0,0.0
311603.0,0,0,0.0
311603.0,0,0,0.0
311603.0,0,0,0.0
311603.0,0,0,0.0
311603.0,0,0,0.0
311403.0,0,0,0.0
311403.0,0,0,0.0
311403.0,0,0,0.0
311606.0,0,0,0.0
311604.0,0,0,0.0
311604.0,0,0,0.0
311604.0,0,0,0.0
311026.0,0,0,0.0
311026.0,0,0,0.0
311407.0,0,0,0.0
311203.0,0,0,0.0
311802.0,0,0,0.0
311802.0,0,0,0.0
311024.0,0,0,0.0
311024.0,0,0,0.0
311024.0,0,0,0.0
311024.0,0,0,0.0
311803.0,0,0,0.0
311804.0,0,0,0.0
311804.0,0,0,0.0
311804.0,0,0,0.0
311804.0,0,0,0.0
311804.0,0,0,0.0
311804.0,0,0,0.0
311030.0,0,0,0.0
311030.0,0,0,0.0
311806.0,0,0,0.0
311404.0,0,0,0.0
311404.0,0,0,0.0
311404.0,0,0,0.0
311404.0,0,0,0.0
311404.0,0,0,0.0
311204.0,0,0,0.0
311204.0,0,0,0.0
311204.0,0,0,0.0
311204.0,0,0,0.0
311011.0,0,0,0.0
311408.0,0,0,0.0
311408.0,0,0,0.0
312025.0,0,0,0.0
312025.0,0,0,0.0
312205.0,0,0,0.0
312205.0,0,0,0.0
312615.0,0,0,0.0
312615.0,0,0,0.0
312615.0,0,0,0.0
312403.0,0,0,0.0
312403.0,0,0,0.0
312022.0,0,0,0.0
312023.0,0,0,0.0
312023.0,0,0,0.0
312023.0,0,0,0.0
312023.0,0,0,0.0
323307.0,0,0,0.0
323307.0,0,0,0.0
312602.0,0,0,0.0
312024.0,0,0,0.0
312024.0,0,0,0.0
312024.0,0,0,0.0
323304.0,0,0,0.0
312202.0,0,0,0.0
312204.0,0,0,0.0
312614.0,0,0,0.0
312614.0,0,0,0.0
312404.0,0,0,0.0
312021.0,0,0,0.0
312604.0,0,0,0.0
312619.0,0,0,0.0
312619.0,0,0,0.0
312619.0,0,0,0.0
312619.0,0,0,0.0
312619.0,0,0,0.0
312619.0,0,0,0.0
312616.0,0,0,0.0
312402.0,0,0,0.0
312901.0,0,0,0.0
312901.0,0,0,0.0
312901.0,0,0,0.0
312201.0,0,0,0.0
312202.0,0,0,0.0
312202.0,0,0,0.0
312202.0,0,0,0.0
312202.0,0,0,0.0
312027.0,0,0,0.0
312027.0,0,0,0.0
312027.0,0,0,0.0
312601.0,0,0,0.0
312601.0,0,0,0.0
312601.0,0,0,0.0
312606.0,0,0,0.0
312206.0,0,0,0.0
312605.0,0,0,0.0
312605.0,0,0,0.0
312605.0,0,0,0.0
312605.0,0,0,0.0
312605.0,0,0,0.0
312605.0,0,0,0.0
312605.0,0,0,0.0
312605.0,0,0,0.0
312605.0,0,0,0.0
312605.0,0,0,0.0
312203.0,0,0,0.0
312203.0,0,0,0.0
312203.0,0,0,0.0
312623.0,0,0,0.0
312613.0,0,0,0.0
312613.0,0,0,0.0
312207.0,0,0,0.0
327001.0,0,0,0.0
327001.0,0,0,0.0
327001.0,0,0,0.0
327001.0,0,0,0.0
327001.0,0,0,0.0
327031.0,0,0,0.0
327031.0,0,0,0.0
327031.0,0,0,0.0
327031.0,0,0,0.0
327032.0,0,0,0.0
327032.0,0,0,0.0
327601.0,0,0,0.0
327601.0,0,0,0.0
327601.0,0,0,0.0
327601.0,0,0,0.0
327604.0,0,0,0.0
327604.0,0,0,0.0
327604.0,0,0,0.0
327022.0,0,0,0.0
327023.0,0,0,0.0
327023.0,0,0,0.0
327023.0,0,0,0.0
327023.0,0,0,0.0
327034.0,0,0,0.0
327034.0,0,0,0.0
327606.0,0,0,0.0
327606.0,0,0,0.0
327027.0,0,0,0.0
327027.0,0,0,0.0
327027.0,0,0,0.0
327801.0,0,0,0.0
327801.0,0,0,0.0
327801.0,0,0,0.0
327801.0,0,0,0.0
327605.0,0,0,0.0
327026.0,0,0,0.0
327026.0,0,0,0.0
327602.0,0,0,0.0
327602.0,0,0,0.0
327602.0,0,0,0.0
327025.0,0,0,0.0
327025.0,0,0,0.0
327025.0,0,0,0.0
327025.0,0,0,0.0
314001.0,0,0,0.0
314001.0,0,0,0.0
314001.0,0,0,0.0
314001.0,0,0,0.0
314037.0,0,0,0.0
314021.0,0,0,0.0
314023.0,0,0,0.0
314023.0,0,0,0.0
314801.0,0,0,0.0
314801.0,0,0,0.0
314030.0,0,0,0.0
314030.0,0,0,0.0
314030.0,0,0,0.0
314030.0,0,0,0.0
314030.0,0,0,0.0
314035.0,0,0,0.0
314035.0,0,0,0.0
314035.0,0,0,0.0
314035.0,0,0,0.0
314036.0,0,0,0.0
314402.0,0,0,0.0
314402.0,0,0,0.0
314804.0,0,0,0.0
314804.0,0,0,0.0
314027.0,0,0,0.0
314027.0,0,0,0.0
314401.0,0,0,0.0
314401.0,0,0,0.0
314024.0,0,0,0.0
314024.0,0,0,0.0
314011.0,0,0,0.0
314011.0,0,0,0.0
314011.0,0,0,0.0
314406.0,0,0,0.0
314406.0,0,0,0.0
314406.0,0,0,0.0
314038.0,0,0,0.0
314038.0,0,0,0.0
314034.0,0,0,0.0
314034.0,0,0,0.0
314034.0,0,0,0.0
314022.0,0,0,0.0
314022.0,0,0,0.0
314022.0,0,0,0.0
314022.0,0,0,0.0
314022.0,0,0,0.0
314022.0,0,0,0.0
314032.0,0,0,0.0
314403.0,0,0,0.0
314403.0,0,0,0.0
314403.0,0,0,0.0
314029.0,0,0,0.0
314029.0,0,0,0.0
314029.0,0,0,0.0
314029.0,0,0,0.0
314404.0,0,0,0.0
314404.0,0,0,0.0
326001.0,0,0,0.0
326001.0,0,0,0.0
326001.0,0,0,0.0
326033.0,0,0,0.0
326021.0,0,0,0.0
326022.0,0,0,0.0
326022.0,0,0,0.0
326022.0,0,0,0.0
326502.0,0,0,0.0
326515.0,0,0,0.0
326514.0,0,0,0.0
326516.0,0,0,0.0
326516.0,0,0,0.0
326039.0,0,0,0.0
326039.0,0,0,0.0
326039.0,0,0,0.0
326039.0,0,0,0.0
326023.0,0,0,0.0
326023.0,0,0,0.0
326023.0,0,0,0.0
326023.0,0,0,0.0
326038.0,0,0,0.0
326038.0,0,0,0.0
326038.0,0,0,0.0
326038.0,0,0,0.0
326037.0,0,0,0.0
326037.0,0,0,0.0
326037.0,0,0,0.0
326037.0,0,0,0.0
326037.0,0,0,0.0
326037.0,0,0,0.0
326512.0,0,0,0.0
326034.0,0,0,0.0
326036.0,0,0,0.0
326036.0,0,0,0.0
326036.0,0,0,0.0
326501.0,0,0,0.0
326513.0,0,0,0.0
326520.0,0,0,0.0
326520.0,0,0,0.0
326520.0,0,0,0.0
325209.0,0,0,0.0
325209.0,0,0,0.0
325209.0,0,0,0.0
325202.0,0,0,0.0
325223.0,0,0,0.0
325218.0,0,0,0.0
325218.0,0,0,0.0
325207.0,0,0,0.0
325205.0,0,0,0.0
325205.0,0,0,0.0
325205.0,0,0,0.0
325222.0,0,0,0.0
325222.0,0,0,0.0
325222.0,0,0,0.0
326518.0,0,0,0.0
326518.0,0,0,0.0
325220.0,0,0,0.0
325220.0,0,0,0.0
325220.0,0,0,0.0
325220.0,0,0,0.0
325220.0,0,0,0.0
325220.0,0,0,0.0
325220.0,0,0,0.0
325221.0,0,0,0.0
325221.0,0,0,0.0
325221.0,0,0,0.0
325004.0,0,0,0.0
325004.0,0,0,0.0
325004.0,0,0,0.0
325602.0,0,0,0.0
325602.0,0,0,0.0
326529.0,0,0,0.0
325009.0,0,0,0.0
325009.0,0,0,0.0
325009.0,0,0,0.0
325009.0,0,0,0.0
325216.0,0,0,0.0
325216.0,0,0,0.0
325216.0,0,0,0.0
324002.0,0,0,0.0
325215.0,0,0,0.0
325215.0,0,0,0.0
326519.0,0,0,0.0
325219.0,0,0,0.0
325601.0,0,0,0.0
325601.0,0,0,0.0
325601.0,0,0,0.0
325217.0,0,0,0.0
325217.0,0,0,0.0
325217.0,0,0,0.0
325217.0,0,0,0.0
325217.0,0,0,0.0
325217.0,0,0,0.0
325217.0,0,0,0.0
325203.0,0,0,0.0
325203.0,0,0,0.0
325203.0,0,0,0.0
325204.0,0,0,0.0
325204.0,0,0,0.0
325204.0,0,0,0.0
325204.0,0,0,0.0
325224.0,0,0,0.0
325224.0,0,0,0.0
325003.0,0,0,0.0
325003.0,0,0,0.0
325001.0,0,0,0.0
325001.0,0,0,0.0
325001.0,0,0,0.0
323001.0,0,0,0.0
323001.0,0,0,0.0
323001.0,0,0,0.0
323001.0,0,0,0.0
323001.0,0,0,0.0
323024.0,0,0,0.0
323026.0,0,0,0.0
323024.0,0,0,0.0
323024.0,0,0,0.0
323024.0,0,0,0.0
323024.0,0,0,0.0
323026.0,0,0,0.0
323802.0,0,0,0.0
323802.0,0,0,0.0
323023.0,0,0,0.0
323023.0,0,0,0.0
323616.0,0,0,0.0
323616.0,0,0,0.0
323602.0,0,0,0.0
323602.0,0,0,0.0
323602.0,0,0,0.0
323803.0,0,0,0.0
323803.0,0,0,0.0
323803.0,0,0,0.0
323803.0,0,0,0.0
323603.0,0,0,0.0
323801.0,0,0,0.0
323614.0,0,0,0.0
323021.0,0,0,0.0
323021.0,0,0,0.0
323021.0,0,0,0.0
323025.0,0,0,0.0
304001.0,0,0,0.0
304001.0,0,0,0.0
304001.0,0,0,0.0
304023.0,0,0,0.0
304023.0,0,0,0.0
304023.0,0,0,0.0
304504.0,0,0,0.0
304504.0,0,0,0.0
767067.0,0,0,0.0
767027.0,0,0,0.0
767027.0,0,0,0.0
767039.0,0,0,0.0
767039.0,0,0,0.0
767039.0,0,0,0.0
767028.0,0,0,0.0
767028.0,0,0,0.0
767068.0,0,0,0.0
767020.0,0,0,0.0
767020.0,0,0,0.0
767037.0,0,0,0.0
767037.0,0,0,0.0
767041.0,0,0,0.0
767025.0,0,0,0.0
767025.0,0,0,0.0
767002.0,0,0,0.0
767002.0,0,0,0.0
767002.0,0,0,0.0
767002.0,0,0,0.0
767032.0,0,0,0.0
767032.0,0,0,0.0
767032.0,0,0,0.0
767032.0,0,0,0.0
767032.0,0,0,0.0
767021.0,0,0,0.0
767021.0,0,0,0.0
767021.0,0,0,0.0
767035.0,0,0,0.0
767017.0,0,0,0.0
767016.0,0,0,0.0
767016.0,0,0,0.0
767016.0,0,0,0.0
767016.0,0,0,0.0
767033.0,0,0,0.0
767033.0,0,0,0.0
767033.0,0,0,0.0
767033.0,0,0,0.0
767033.0,0,0,0.0
767033.0,0,0,0.0
767060.0,0,0,0.0
767060.0,0,0,0.0
767030.0,0,0,0.0
767030.0,0,0,0.0
767030.0,0,0,0.0
767030.0,0,0,0.0
767062.0,0,0,0.0
767062.0,0,0,0.0
767071.0,0,0,0.0
759125.0,0,0,0.0
759125.0,0,0,0.0
759125.0,0,0,0.0
759125.0,0,0,0.0
759141.0,0,0,0.0
759141.0,0,0,0.0
759141.0,0,0,0.0
759141.0,0,0,0.0
759141.0,0,0,0.0
759128.0,0,0,0.0
759129.0,0,0,0.0
759129.0,0,0,0.0
759129.0,0,0,0.0
759129.0,0,0,0.0
759129.0,0,0,0.0
759129.0,0,0,0.0
759129.0,0,0,0.0
759124.0,0,0,0.0
759124.0,0,0,0.0
759103.0,0,0,0.0
759143.0,0,0,0.0
759143.0,0,0,0.0
759132.0,0,0,0.0
759132.0,0,0,0.0
759132.0,0,0,0.0
759132.0,0,0,0.0
759146.0,0,0,0.0
759117.0,0,0,0.0
759117.0,0,0,0.0
759117.0,0,0,0.0
759117.0,0,0,0.0
759117.0,0,0,0.0
759118.0,0,0,0.0
759118.0,0,0,0.0
759118.0,0,0,0.0
759118.0,0,0,0.0
759118.0,0,0,0.0
759127.0,0,0,0.0
759127.0,0,0,0.0
759127.0,0,0,0.0
759127.0,0,0,0.0
759127.0,0,0,0.0
759130.0,0,0,0.0
759123.0,0,0,0.0
759123.0,0,0,0.0
759119.0,0,0,0.0
759119.0,0,0,0.0
759119.0,0,0,0.0
759119.0,0,0,0.0
759119.0,0,0,0.0
759119.0,0,0,0.0
759126.0,0,0,0.0
759126.0,0,0,0.0
759126.0,0,0,0.0
759105.0,0,0,0.0
759105.0,0,0,0.0
759100.0,0,0,0.0
759100.0,0,0,0.0
759100.0,0,0,0.0
759026.0,0,0,0.0
759039.0,0,0,0.0
759020.0,0,0,0.0
759020.0,0,0,0.0
759015.0,0,0,0.0
759017.0,0,0,0.0
759017.0,0,0,0.0
759017.0,0,0,0.0
759013.0,0,0,0.0
759025.0,0,0,0.0
759025.0,0,0,0.0
759025.0,0,0,0.0
759016.0,0,0,0.0
759027.0,0,0,0.0
759027.0,0,0,0.0
759019.0,0,0,0.0
759019.0,0,0,0.0
759018.0,0,0,0.0
759018.0,0,0,0.0
759018.0,0,0,0.0
759028.0,0,0,0.0
759014.0,0,0,0.0
759014.0,0,0,0.0
759014.0,0,0,0.0
759014.0,0,0,0.0
759023.0,0,0,0.0
759023.0,0,0,0.0
759023.0,0,0,0.0
759024.0,0,0,0.0
759121.0,0,0,0.0
759121.0,0,0,0.0
759121.0,0,0,0.0
759121.0,0,0,0.0
759029.0,0,0,0.0
759120.0,0,0,0.0
759029.0,0,0,0.0
759120.0,0,0,0.0
759120.0,0,0,0.0
758021.0,0,0,0.0
758021.0,0,0,0.0
758021.0,0,0,0.0
758038.0,0,0,0.0
758038.0,0,0,0.0
758035.0,0,0,0.0
758080.0,0,0,0.0
758080.0,0,0,0.0
758041.0,0,0,0.0
758041.0,0,0,0.0
758078.0,0,0,0.0
758078.0,0,0,0.0
758029.0,0,0,0.0
758029.0,0,0,0.0
758028.0,0,0,0.0
758028.0,0,0,0.0
758083.0,0,0,0.0
758083.0,0,0,0.0
758084.0,0,0,0.0
758084.0,0,0,0.0
758084.0,0,0,0.0
758079.0,0,0,0.0
758031.0,0,0,0.0
758031.0,0,0,0.0
758044.0,0,0,0.0
758044.0,0,0,0.0
758044.0,0,0,0.0
758044.0,0,0,0.0
758002.0,0,0,0.0
758040.0,0,0,0.0
758025.0,0,0,0.0
758025.0,0,0,0.0
758025.0,0,0,0.0
758025.0,0,0,0.0
758036.0,0,0,0.0
758014.0,0,0,0.0
758014.0,0,0,0.0
758047.0,0,0,0.0
758047.0,0,0,0.0
758016.0,0,0,0.0
758016.0,0,0,0.0
758043.0,0,0,0.0
758043.0,0,0,0.0
758043.0,0,0,0.0
758043.0,0,0,0.0
758043.0,0,0,0.0
758043.0,0,0,0.0
758020.0,0,0,0.0
758076.0,0,0,0.0
758076.0,0,0,0.0
758030.0,0,0,0.0
758019.0,0,0,0.0
758019.0,0,0,0.0
758019.0,0,0,0.0
758046.0,0,0,0.0
758045.0,0,0,0.0
758045.0,0,0,0.0
758032.0,0,0,0.0
758032.0,0,0,0.0
758032.0,0,0,0.0
758032.0,0,0,0.0
758032.0,0,0,0.0
758032.0,0,0,0.0
758085.0,0,0,0.0
758085.0,0,0,0.0
758086.0,0,0,0.0
758086.0,0,0,0.0
758087.0,0,0,0.0
768027.0,0,0,0.0
768027.0,0,0,0.0
768027.0,0,0,0.0
768038.0,0,0,0.0
768038.0,0,0,0.0
768029.0,0,0,0.0
768029.0,0,0,0.0
768029.0,0,0,0.0
768029.0,0,0,0.0
768029.0,0,0,0.0
768029.0,0,0,0.0
768030.0,0,0,0.0
768104.0,0,0,0.0
768104.0,0,0,0.0
768104.0,0,0,0.0
768045.0,0,0,0.0
768032.0,0,0,0.0
768032.0,0,0,0.0
768032.0,0,0,0.0
768037.0,0,0,0.0
768037.0,0,0,0.0
768034.0,0,0,0.0
768042.0,0,0,0.0
768042.0,0,0,0.0
768050.0,0,0,0.0
768035.0,0,0,0.0
768039.0,0,0,0.0
768039.0,0,0,0.0
768036.0,0,0,0.0
768036.0,0,0,0.0
768036.0,0,0,0.0
768103.0,0,0,0.0
768033.0,0,0,0.0
768033.0,0,0,0.0
768033.0,0,0,0.0
768033.0,0,0,0.0
768033.0,0,0,0.0
768040.0,0,0,0.0
768221.0,0,0,0.0
768221.0,0,0,0.0
768221.0,0,0,0.0
768221.0,0,0,0.0
768211.0,0,0,0.0
768216.0,0,0,0.0
768224.0,0,0,0.0
768224.0,0,0,0.0
768224.0,0,0,0.0
768234.0,0,0,0.0
768202.0,0,0,0.0
768202.0,0,0,0.0
768202.0,0,0,0.0
768228.0,0,0,0.0
768228.0,0,0,0.0
768213.0,0,0,0.0
768213.0,0,0,0.0
768222.0,0,0,0.0
768222.0,0,0,0.0
768222.0,0,0,0.0
768227.0,0,0,0.0
768214.0,0,0,0.0
768215.0,0,0,0.0
768215.0,0,0,0.0
768219.0,0,0,0.0
768212.0,0,0,0.0
768212.0,0,0,0.0
768110.0,0,0,0.0
768110.0,0,0,0.0
768110.0,0,0,0.0
768110.0,0,0,0.0
768110.0,0,0,0.0
768025.0,0,0,0.0
768108.0,0,0,0.0
768108.0,0,0,0.0
768108.0,0,0,0.0
768108.0,0,0,0.0
768113.0,0,0,0.0
768005.0,0,0,0.0
768121.0,0,0,0.0
768115.0,0,0,0.0
768112.0,0,0,0.0
768112.0,0,0,0.0
768112.0,0,0,0.0
768107.0,0,0,0.0
768107.0,0,0,0.0
768107.0,0,0,0.0
768107.0,0,0,0.0
768107.0,0,0,0.0
768107.0,0,0,0.0
768105.0,0,0,0.0
768105.0,0,0,0.0
768102.0,0,0,0.0
768102.0,0,0,0.0
768106.0,0,0,0.0
768106.0,0,0,0.0
768106.0,0,0,0.0
768106.0,0,0,0.0
768106.0,0,0,0.0
768109.0,0,0,0.0
768109.0,0,0,0.0
768109.0,0,0,0.0
768109.0,0,0,0.0
768109.0,0,0,0.0
768109.0,0,0,0.0
768006.0,0,0,0.0
768006.0,0,0,0.0
768006.0,0,0,0.0
768200.0,0,0,0.0
770036.0,0,0,0.0
770036.0,0,0,0.0
770036.0,0,0,0.0
769043.0,0,0,0.0
769043.0,0,0,0.0
769042.0,0,0,0.0
769042.0,0,0,0.0
770015.0,0,0,0.0
770015.0,0,0,0.0
770015.0,0,0,0.0
770016.0,0,0,0.0
770016.0,0,0,0.0
770016.0,0,0,0.0
770076.0,0,0,0.0
770076.0,0,0,0.0
770022.0,0,0,0.0
770075.0,0,0,0.0
770013.0,0,0,0.0
770013.0,0,0,0.0
770019.0,0,0,0.0
770018.0,0,0,0.0
770012.0,0,0,0.0
770012.0,0,0,0.0
770012.0,0,0,0.0
770017.0,0,0,0.0
770017.0,0,0,0.0
770017.0,0,0,0.0
770002.0,0,0,0.0
770020.0,0,0,0.0
770020.0,0,0,0.0
770021.0,0,0,0.0
770021.0,0,0,0.0
770014.0,0,0,0.0
770014.0,0,0,0.0
770014.0,0,0,0.0
770074.0,0,0,0.0
770074.0,0,0,0.0
770074.0,0,0,0.0
770072.0,0,0,0.0
770072.0,0,0,0.0
770072.0,0,0,0.0
770041.0,0,0,0.0
770033.0,0,0,0.0
770033.0,0,0,0.0
770043.0,0,0,0.0
770043.0,0,0,0.0
770031.0,0,0,0.0
770034.0,0,0,0.0
770044.0,0,0,0.0
770044.0,0,0,0.0
770040.0,0,0,0.0
770040.0,0,0,0.0
770040.0,0,0,0.0
770037.0,0,0,0.0
770037.0,0,0,0.0
770037.0,0,0,0.0
770037.0,0,0,0.0
770037.0,0,0,0.0
770037.0,0,0,0.0
770037.0,0,0,0.0
761151.0,0,0,0.0
761109.0,0,0,0.0
754295.0,0,0,0.0
761109.0,0,0,0.0
761116.0,0,0,0.0
761146.0,0,0,0.0
761107.0,0,0,0.0
761107.0,0,0,0.0
761107.0,0,0,0.0
761102.0,0,0,0.0
761102.0,0,0,0.0
761102.0,0,0,0.0
761104.0,0,0,0.0
761104.0,0,0,0.0
761101.0,0,0,0.0
761101.0,0,0,0.0
761144.0,0,0,0.0
761114.0,0,0,0.0
761111.0,0,0,0.0
761111.0,0,0,0.0
761111.0,0,0,0.0
761013.0,0,0,0.0
761013.0,0,0,0.0
761013.0,0,0,0.0
761106.0,0,0,0.0
761106.0,0,0,0.0
761106.0,0,0,0.0
761106.0,0,0,0.0
761108.0,0,0,0.0
761108.0,0,0,0.0
761125.0,0,0,0.0
761125.0,0,0,0.0
761117.0,0,0,0.0
761117.0,0,0,0.0
761117.0,0,0,0.0
761120.0,0,0,0.0
761119.0,0,0,0.0
761119.0,0,0,0.0
761119.0,0,0,0.0
761118.0,0,0,0.0
761141.0,0,0,0.0
761141.0,0,0,0.0
761123.0,0,0,0.0
761123.0,0,0,0.0
761123.0,0,0,0.0
761123.0,0,0,0.0
761123.0,0,0,0.0
761124.0,0,0,0.0
761124.0,0,0,0.0
761124.0,0,0,0.0
761121.0,0,0,0.0
761121.0,0,0,0.0
761133.0,0,0,0.0
761133.0,0,0,0.0
761143.0,0,0,0.0
761131.0,0,0,0.0
761131.0,0,0,0.0
761131.0,0,0,0.0
761131.0,0,0,0.0
761132.0,0,0,0.0
761132.0,0,0,0.0
761122.0,0,0,0.0
761122.0,0,0,0.0
761140.0,0,0,0.0
760002.0,0,0,0.0
760002.0,0,0,0.0
760007.0,0,0,0.0
761055.0,0,0,0.0
761055.0,0,0,0.0
761042.0,0,0,0.0
761010.0,0,0,0.0
761010.0,0,0,0.0
761012.0,0,0,0.0
761009.0,0,0,0.0
761008.0,0,0,0.0
760003.0,0,0,0.0
761005.0,0,0,0.0
761005.0,0,0,0.0
761005.0,0,0,0.0
761209.0,0,0,0.0
761100.0,0,0,0.0
761001.0,0,0,0.0
761011.0,0,0,0.0
761011.0,0,0,0.0
761007.0,0,0,0.0
761007.0,0,0,0.0
761007.0,0,0,0.0
761004.0,0,0,0.0
761004.0,0,0,0.0
761004.0,0,0,0.0
761014.0,0,0,0.0
761014.0,0,0,0.0
761014.0,0,0,0.0
761014.0,0,0,0.0
761037.0,0,0,0.0
761026.0,0,0,0.0
761026.0,0,0,0.0
761026.0,0,0,0.0
761026.0,0,0,0.0
761026.0,0,0,0.0
761026.0,0,0,0.0
761041.0,0,0,0.0
761031.0,0,0,0.0
761003.0,0,0,0.0
761027.0,0,0,0.0
761029.0,0,0,0.0
761029.0,0,0,0.0
761029.0,0,0,0.0
761030.0,0,0,0.0
761030.0,0,0,0.0
761030.0,0,0,0.0
761032.0,0,0,0.0
761045.0,0,0,0.0
761043.0,0,0,0.0
761105.0,0,0,0.0
761105.0,0,0,0.0
761105.0,0,0,0.0
761019.0,0,0,0.0
761018.0,0,0,0.0
761018.0,0,0,0.0
761018.0,0,0,0.0
761018.0,0,0,0.0
761018.0,0,0,0.0
761028.0,0,0,0.0
761028.0,0,0,0.0
761035.0,0,0,0.0
761035.0,0,0,0.0
761017.0,0,0,0.0
761017.0,0,0,0.0
761017.0,0,0,0.0
761017.0,0,0,0.0
761207.0,0,0,0.0
761207.0,0,0,0.0
761210.0,0,0,0.0
761210.0,0,0,0.0
761210.0,0,0,0.0
761206.0,0,0,0.0
761206.0,0,0,0.0
761208.0,0,0,0.0
761015.0,0,0,0.0
761015.0,0,0,0.0
761015.0,0,0,0.0
761212.0,0,0,0.0
761212.0,0,0,0.0
761214.0,0,0,0.0
761217.0,0,0,0.0
761217.0,0,0,0.0
761217.0,0,0,0.0
761016.0,0,0,0.0
761016.0,0,0,0.0
761213.0,0,0,0.0
761201.0,0,0,0.0
761201.0,0,0,0.0
761201.0,0,0,0.0
761201.0,0,0,0.0
761211.0,0,0,0.0
766028.0,0,0,0.0
766002.0,0,0,0.0
766002.0,0,0,0.0
766002.0,0,0,0.0
766017.0,0,0,0.0
766017.0,0,0,0.0
766015.0,0,0,0.0
766015.0,0,0,0.0
766118.0,0,0,0.0
766118.0,0,0,0.0
766118.0,0,0,0.0
766016.0,0,0,0.0
766016.0,0,0,0.0
766018.0,0,0,0.0
766013.0,0,0,0.0
766012.0,0,0,0.0
766012.0,0,0,0.0
766012.0,0,0,0.0
766012.0,0,0,0.0
766012.0,0,0,0.0
766104.0,0,0,0.0
766104.0,0,0,0.0
766104.0,0,0,0.0
766107.0,0,0,0.0
766107.0,0,0,0.0
766107.0,0,0,0.0
766107.0,0,0,0.0
766107.0,0,0,0.0
766106.0,0,0,0.0
766106.0,0,0,0.0
766102.0,0,0,0.0
766102.0,0,0,0.0
766102.0,0,0,0.0
766102.0,0,0,0.0
766102.0,0,0,0.0
766023.0,0,0,0.0
766023.0,0,0,0.0
766105.0,0,0,0.0
766105.0,0,0,0.0
766105.0,0,0,0.0
766105.0,0,0,0.0
766105.0,0,0,0.0
766105.0,0,0,0.0
766105.0,0,0,0.0
766105.0,0,0,0.0
766103.0,0,0,0.0
766103.0,0,0,0.0
766103.0,0,0,0.0
766031.0,0,0,0.0
766031.0,0,0,0.0
766108.0,0,0,0.0
766108.0,0,0,0.0
766108.0,0,0,0.0
766108.0,0,0,0.0
766108.0,0,0,0.0
766108.0,0,0,0.0
766108.0,0,0,0.0
766108.0,0,0,0.0
766108.0,0,0,0.0
766029.0,0,0,0.0
766037.0,0,0,0.0
766037.0,0,0,0.0
766011.0,0,0,0.0
766011.0,0,0,0.0
764088.0,0,0,0.0
764088.0,0,0,0.0
764088.0,0,0,0.0
764049.0,0,0,0.0
764043.0,0,0,0.0
764043.0,0,0,0.0
764043.0,0,0,0.0
764043.0,0,0,0.0
764043.0,0,0,0.0
764077.0,0,0,0.0
764072.0,0,0,0.0
764072.0,0,0,0.0
764072.0,0,0,0.0
764072.0,0,0,0.0
764072.0,0,0,0.0
764002.0,0,0,0.0
764002.0,0,0,0.0
764002.0,0,0,0.0
764076.0,0,0,0.0
764076.0,0,0,0.0
764076.0,0,0,0.0
797006.0,0,0,0.0
797003.0,0,0,0.0
798612.0,0,0,0.0
797106.0,0,0,0.0
797106.0,0,0,0.0
797114.0,0,0,0.0
798601.0,0,0,0.0
798601.0,0,0,0.0
798601.0,0,0,0.0
798601.0,0,0,0.0
798621.0,0,0,0.0
798604.0,0,0,0.0
798622.0,0,0,0.0
797004.0,0,0,0.0
797004.0,0,0,0.0
798612.0,0,0,0.0
798612.0,0,0,0.0
798601.0,0,0,0.0
797120.0,0,0,0.0
797107.0,0,0,0.0
797107.0,0,0,0.0
797108.0,0,0,0.0
798602.0,0,0,0.0
798602.0,0,0,0.0
797109.0,0,0,0.0
797109.0,0,0,0.0
798628.0,0,0,0.0
798612.0,0,0,0.0
798612.0,0,0,0.0
798612.0,0,0,0.0
798612.0,0,0,0.0
798612.0,0,0,0.0
798612.0,0,0,0.0
798612.0,0,0,0.0
798612.0,0,0,0.0
798618.0,0,0,0.0
798618.0,0,0,0.0
797111.0,0,0,0.0
797111.0,0,0,0.0
797111.0,0,0,0.0
797111.0,0,0,0.0
797110.0,0,0,0.0
797110.0,0,0,0.0
798620.0,0,0,0.0
798620.0,0,0,0.0
798620.0,0,0,0.0
798620.0,0,0,0.0
798620.0,0,0,0.0
798620.0,0,0,0.0
798620.0,0,0,0.0
798620.0,0,0,0.0
798620.0,0,0,0.0
798620.0,0,0,0.0
791001.0,0,0,0.0
791001.0,0,0,0.0
791001.0,0,0,0.0
791001.0,0,0,0.0
791001.0,0,0,0.0
791001.0,0,0,0.0
791001.0,0,0,0.0
791001.0,0,0,0.0
791001.0,0,0,0.0
791001.0,0,0,0.0
791001.0,0,0,0.0
791001.0,0,0,0.0
791001.0,0,0,0.0
791001.0,0,0,0.0
791001.0,0,0,0.0
791001.0,0,0,0.0
792110.0,0,0,0.0
792110.0,0,0,0.0
792110.0,0,0,0.0
792110.0,0,0,0.0
792110.0,0,0,0.0
792110.0,0,0,0.0
792110.0,0,0,0.0
792110.0,0,0,0.0
792110.0,0,0,0.0
792110.0,0,0,0.0
792101.0,0,0,0.0
791123.0,0,0,0.0
791123.0,0,0,0.0
791123.0,0,0,0.0
791101.0,0,0,0.0
791101.0,0,0,0.0
790114.0,0,0,0.0
790114.0,0,0,0.0
790114.0,0,0,0.0
792056.0,0,0,0.0
792120.0,0,0,0.0
792120.0,0,0,0.0
792120.0,0,0,0.0
792120.0,0,0,0.0
791122.0,0,0,0.0
791122.0,0,0,0.0
791122.0,0,0,0.0
791122.0,0,0,0.0
791122.0,0,0,0.0
791122.0,0,0,0.0
791122.0,0,0,0.0
791122.0,0,0,0.0
791122.0,0,0,0.0
791122.0,0,0,0.0
791122.0,0,0,0.0
791122.0,0,0,0.0
791122.0,0,0,0.0
791122.0,0,0,0.0
791122.0,0,0,0.0
791122.0,0,0,0.0
791122.0,0,0,0.0
791122.0,0,0,0.0
791122.0,0,0,0.0
791122.0,0,0,0.0
791122.0,0,0,0.0
791122.0,0,0,0.0
791122.0,0,0,0.0
791122.0,0,0,0.0
791122.0,0,0,0.0
791122.0,0,0,0.0
791122.0,0,0,0.0
791122.0,0,0,0.0
791122.0,0,0,0.0
791122.0,0,0,0.0
791122.0,0,0,0.0
791122.0,0,0,0.0
791122.0,0,0,0.0
791122.0,0,0,0.0
791122.0,0,0,0.0
791122.0,0,0,0.0
792129.0,0,0,0.0
791112.0,0,0,0.0
791112.0,0,0,0.0
792104.0,0,0,0.0
792104.0,0,0,0.0
792104.0,0,0,0.0
792104.0,0,0,0.0
792104.0,0,0,0.0
792104.0,0,0,0.0
791103.0,0,0,0.0
791103.0,0,0,0.0
790105.0,0,0,0.0
790002.0,0,0,0.0
792130.0,0,0,0.0
792130.0,0,0,0.0
792130.0,0,0,0.0
791125.0,0,0,0.0
791125.0,0,0,0.0
791125.0,0,0,0.0
791125.0,0,0,0.0
791125.0,0,0,0.0
791125.0,0,0,0.0
791125.0,0,0,0.0
791001.0,0,0,0.0
792131.0,0,0,0.0
792131.0,0,0,0.0
792131.0,0,0,0.0
792131.0,0,0,0.0
792131.0,0,0,0.0
792131.0,0,0,0.0
790106.0,0,0,0.0
790106.0,0,0,0.0
791104.0,0,0,0.0
791003.0,0,0,0.0
791003.0,0,0,0.0
791003.0,0,0,0.0
792122.0,0,0,0.0
792122.0,0,0,0.0
792123.0,0,0,0.0
792123.0,0,0,0.0
792123.0,0,0,0.0
792103.0,0,0,0.0
792103.0,0,0,0.0
792103.0,0,0,0.0
791118.0,0,0,0.0
791118.0,0,0,0.0
791118.0,0,0,0.0
791118.0,0,0,0.0
791118.0,0,0,0.0
791118.0,0,0,0.0
791118.0,0,0,0.0
791118.0,0,0,0.0
791118.0,0,0,0.0
791118.0,0,0,0.0
791118.0,0,0,0.0
791118.0,0,0,0.0
791118.0,0,0,0.0
791118.0,0,0,0.0
791118.0,0,0,0.0
791118.0,0,0,0.0
791118.0,0,0,0.0
791118.0,0,0,0.0
791118.0,0,0,0.0
791118.0,0,0,0.0
791118.0,0,0,0.0
791118.0,0,0,0.0
791118.0,0,0,0.0
791118.0,0,0,0.0
791118.0,0,0,0.0
791118.0,0,0,0.0
791118.0,0,0,0.0
791118.0,0,0,0.0
791118.0,0,0,0.0
791102.0,0,0,0.0
791102.0,0,0,0.0
791102.0,0,0,0.0
791102.0,0,0,0.0
791113.0,0,0,0.0
791119.0,0,0,0.0
792110.0,0,0,0.0
792110.0,0,0,0.0
792110.0,0,0,0.0
792110.0,0,0,0.0
792110.0,0,0,0.0
792110.0,0,0,0.0
792110.0,0,0,0.0
792110.0,0,0,0.0
790103.0,0,0,0.0
790103.0,0,0,0.0
790103.0,0,0,0.0
790103.0,0,0,0.0
790103.0,0,0,0.0
790102.0,0,0,0.0
790102.0,0,0,0.0
790102.0,0,0,0.0
790102.0,0,0,0.0
790102.0,0,0,0.0
790102.0,0,0,0.0
790102.0,0,0,0.0
790102.0,0,0,0.0
790102.0,0,0,0.0
790102.0,0,0,0.0
790102.0,0,0,0.0
790102.0,0,0,0.0
790102.0,0,0,0.0
790102.0,0,0,0.0
790102.0,0,0,0.0
790102.0,0,0,0.0
790102.0,0,0,0.0
790102.0,0,0,0.0
790102.0,0,0,0.0
790102.0,0,0,0.0
790102.0,0,0,0.0
790102.0,0,0,0.0
790102.0,0,0,0.0
790104.0,0,0,0.0
790104.0,0,0,0.0
790104.0,0,0,0.0
790104.0,0,0,0.0
790116.0,0,0,0.0
792001.0,0,0,0.0
792001.0,0,0,0.0
792001.0,0,0,0.0
792001.0,0,0,0.0
792001.0,0,0,0.0
792001.0,0,0,0.0
792001.0,0,0,0.0
791105.0,0,0,0.0
791002.0,0,0,0.0
791105.0,0,0,0.0
791105.0,0,0,0.0
791002.0,0,0,0.0
791002.0,0,0,0.0
791002.0,0,0,0.0
791002.0,0,0,0.0
791002.0,0,0,0.0
791002.0,0,0,0.0
791120.0,0,0,0.0
791120.0,0,0,0.0
791120.0,0,0,0.0
791120.0,0,0,0.0
791120.0,0,0,0.0
791120.0,0,0,0.0
791120.0,0,0,0.0
791120.0,0,0,0.0
791120.0,0,0,0.0
791114.0,0,0,0.0
791114.0,0,0,0.0
791114.0,0,0,0.0
799284.0,0,0,0.0
799266.0,0,0,0.0
799266.0,0,0,0.0
793106.0,0,0,0.0
793106.0,0,0,0.0
793106.0,0,0,0.0
793150.0,0,0,0.0
793200.0,0,0,0.0
793200.0,0,0,0.0
793200.0,0,0,0.0
793200.0,0,0,0.0
793210.0,0,0,0.0
793114.0,0,0,0.0
793114.0,0,0,0.0
793119.0,0,0,0.0
793119.0,0,0,0.0
793119.0,0,0,0.0
793119.0,0,0,0.0
793119.0,0,0,0.0
793119.0,0,0,0.0
793119.0,0,0,0.0
793119.0,0,0,0.0
793119.0,0,0,0.0
793119.0,0,0,0.0
793119.0,0,0,0.0
793119.0,0,0,0.0
793110.0,0,0,0.0
793112.0,0,0,0.0
793015.0,0,0,0.0
793015.0,0,0,0.0
793104.0,0,0,0.0
793151.0,0,0,0.0
793151.0,0,0,0.0
793105.0,0,0,0.0
793126.0,0,0,0.0
793126.0,0,0,0.0
793126.0,0,0,0.0
793126.0,0,0,0.0
793126.0,0,0,0.0
793126.0,0,0,0.0
793126.0,0,0,0.0
793126.0,0,0,0.0
793126.0,0,0,0.0
793126.0,0,0,0.0
793126.0,0,0,0.0
794115.0,0,0,0.0
794115.0,0,0,0.0
794102.0,0,0,0.0
794102.0,0,0,0.0
794102.0,0,0,0.0
794102.0,0,0,0.0
794102.0,0,0,0.0
794102.0,0,0,0.0
794102.0,0,0,0.0
794102.0,0,0,0.0
794102.0,0,0,0.0
794102.0,0,0,0.0
794102.0,0,0,0.0
794102.0,0,0,0.0
794102.0,0,0,0.0
794103.0,0,0,0.0
794103.0,0,0,0.0
794005.0,0,0,0.0
794005.0,0,0,0.0
794104.0,0,0,0.0
794002.0,0,0,0.0
794002.0,0,0,0.0
794002.0,0,0,0.0
794002.0,0,0,0.0
794112.0,0,0,0.0
794112.0,0,0,0.0
794112.0,0,0,0.0
794112.0,0,0,0.0
794108.0,0,0,0.0
794108.0,0,0,0.0
794108.0,0,0,0.0
794108.0,0,0,0.0
794108.0,0,0,0.0
794108.0,0,0,0.0
794110.0,0,0,0.0
794110.0,0,0,0.0
794113.0,0,0,0.0
794113.0,0,0,0.0
794110.0,0,0,0.0
794110.0,0,0,0.0
794110.0,0,0,0.0
794114.0,0,0,0.0
794109.0,0,0,0.0
794109.0,0,0,0.0
794109.0,0,0,0.0
794109.0,0,0,0.0
794111.0,0,0,0.0
794111.0,0,0,0.0
794111.0,0,0,0.0
794111.0,0,0,0.0
794111.0,0,0,0.0
794111.0,0,0,0.0
794003.0,0,0,0.0
794003.0,0,0,0.0
794003.0,0,0,0.0
794004.0,0,0,0.0
756046.0,0,0,0.0
756051.0,0,0,0.0
756051.0,0,0,0.0
756042.0,0,0,0.0
756042.0,0,0,0.0
756029.0,0,0,0.0
756029.0,0,0,0.0
756029.0,0,0,0.0
756029.0,0,0,0.0
756029.0,0,0,0.0
756025.0,0,0,0.0
756044.0,0,0,0.0
756044.0,0,0,0.0
756044.0,0,0,0.0
756044.0,0,0,0.0
756027.0,0,0,0.0
756027.0,0,0,0.0
756048.0,0,0,0.0
756048.0,0,0,0.0
756048.0,0,0,0.0
756043.0,0,0,0.0
756059.0,0,0,0.0
756056.0,0,0,0.0
756056.0,0,0,0.0
756020.0,0,0,0.0
756020.0,0,0,0.0
756020.0,0,0,0.0
756020.0,0,0,0.0
756003.0,0,0,0.0
756003.0,0,0,0.0
756049.0,0,0,0.0
756058.0,0,0,0.0
756058.0,0,0,0.0
756040.0,0,0,0.0
756040.0,0,0,0.0
756040.0,0,0,0.0
344704.0,0,0,0.0
344704.0,0,0,0.0
344704.0,0,0,0.0
344704.0,0,0,0.0
344704.0,0,0,0.0
344704.0,0,0,0.0
344704.0,0,0,0.0
344011.0,0,0,0.0
344501.0,0,0,0.0
344501.0,0,0,0.0
344501.0,0,0,0.0
344031.0,0,0,0.0
344031.0,0,0,0.0
344031.0,0,0,0.0
344031.0,0,0,0.0
344033.0,0,0,0.0
344705.0,0,0,0.0
344705.0,0,0,0.0
344026.0,0,0,0.0
344026.0,0,0,0.0
344026.0,0,0,0.0
344026.0,0,0,0.0
344035.0,0,0,0.0
344035.0,0,0,0.0
344035.0,0,0,0.0
344035.0,0,0,0.0
344035.0,0,0,0.0
344035.0,0,0,0.0
344035.0,0,0,0.0
344043.0,0,0,0.0
344043.0,0,0,0.0
344032.0,0,0,0.0
344032.0,0,0,0.0
344032.0,0,0,0.0
344032.0,0,0,0.0
344032.0,0,0,0.0
344032.0,0,0,0.0
344032.0,0,0,0.0
344801.0,0,0,0.0
344801.0,0,0,0.0
344801.0,0,0,0.0
344801.0,0,0,0.0
344027.0,0,0,0.0
344027.0,0,0,0.0
344502.0,0,0,0.0
344502.0,0,0,0.0
344001.0,0,0,0.0
344703.0,0,0,0.0
344703.0,0,0,0.0
344703.0,0,0,0.0
344703.0,0,0,0.0
344703.0,0,0,0.0
344033.0,0,0,0.0
344703.0,0,0,0.0
344021.0,0,0,0.0
344021.0,0,0,0.0
344021.0,0,0,0.0
344021.0,0,0,0.0
344021.0,0,0,0.0
344021.0,0,0,0.0
344021.0,0,0,0.0
344021.0,0,0,0.0
344035.0,0,0,0.0
344706.0,0,0,0.0
344706.0,0,0,0.0
344706.0,0,0,0.0
344706.0,0,0,0.0
344706.0,0,0,0.0
344702.0,0,0,0.0
344706.0,0,0,0.0
344701.0,0,0,0.0
344701.0,0,0,0.0
344701.0,0,0,0.0
344701.0,0,0,0.0
344701.0,0,0,0.0
344701.0,0,0,0.0
344701.0,0,0,0.0
344701.0,0,0,0.0
344701.0,0,0,0.0
344701.0,0,0,0.0
344701.0,0,0,0.0
344033.0,0,0,0.0
344033.0,0,0,0.0
344033.0,0,0,0.0
344033.0,0,0,0.0
344033.0,0,0,0.0
344033.0,0,0,0.0
344033.0,0,0,0.0
344033.0,0,0,0.0
344033.0,0,0,0.0
344033.0,0,0,0.0
344035.0,0,0,0.0
344033.0,0,0,0.0
344033.0,0,0,0.0
344044.0,0,0,0.0
344044.0,0,0,0.0
344037.0,0,0,0.0
344037.0,0,0,0.0
334001.0,0,0,0.0
334201.0,0,0,0.0
334001.0,0,0,0.0
334001.0,0,0,0.0
334001.0,0,0,0.0
334305.0,0,0,0.0
334305.0,0,0,0.0
334305.0,0,0,0.0
334305.0,0,0,0.0
334305.0,0,0,0.0
334305.0,0,0,0.0
334021.0,0,0,0.0
334801.0,0,0,0.0
334801.0,0,0,0.0
334801.0,0,0,0.0
334303.0,0,0,0.0
334303.0,0,0,0.0
334303.0,0,0,0.0
334601.0,0,0,0.0
334601.0,0,0,0.0
334602.0,0,0,0.0
334602.0,0,0,0.0
334603.0,0,0,0.0
334603.0,0,0,0.0
334603.0,0,0,0.0
334603.0,0,0,0.0
334604.0,0,0,0.0
334604.0,0,0,0.0
334604.0,0,0,0.0
331801.0,0,0,0.0
334201.0,0,0,0.0
334201.0,0,0,0.0
334803.0,0,0,0.0
334803.0,0,0,0.0
334803.0,0,0,0.0
334803.0,0,0,0.0
334803.0,0,0,0.0
334803.0,0,0,0.0
334808.0,0,0,0.0
334808.0,0,0,0.0
334808.0,0,0,0.0
331803.0,0,0,0.0
331803.0,0,0,0.0
331803.0,0,0,0.0
331803.0,0,0,0.0
331803.0,0,0,0.0
334202.0,0,0,0.0
334302.0,0,0,0.0
334302.0,0,0,0.0
334302.0,0,0,0.0
334302.0,0,0,0.0
334302.0,0,0,0.0
331811.0,0,0,0.0
331811.0,0,0,0.0
331811.0,0,0,0.0
334022.0,0,0,0.0
334024.0,0,0,0.0
334025.0,0,0,0.0
331001.0,0,0,0.0
331001.0,0,0,0.0
331411.0,0,0,0.0
331411.0,0,0,0.0
331029.0,0,0,0.0
331029.0,0,0,0.0
331029.0,0,0,0.0
331029.0,0,0,0.0
331023.0,0,0,0.0
331023.0,0,0,0.0
331023.0,0,0,0.0
331023.0,0,0,0.0
331023.0,0,0,0.0
331302.0,0,0,0.0
331303.0,0,0,0.0
331303.0,0,0,0.0
331303.0,0,0,0.0
331403.0,0,0,0.0
331403.0,0,0,0.0
331403.0,0,0,0.0
331403.0,0,0,0.0
331403.0,0,0,0.0
331701.0,0,0,0.0
331701.0,0,0,0.0
331701.0,0,0,0.0
331701.0,0,0,0.0
331304.0,0,0,0.0
331304.0,0,0,0.0
331304.0,0,0,0.0
331304.0,0,0,0.0
331304.0,0,0,0.0
331304.0,0,0,0.0
331304.0,0,0,0.0
331304.0,0,0,0.0
331022.0,0,0,0.0
331022.0,0,0,0.0
331022.0,0,0,0.0
331022.0,0,0,0.0
331022.0,0,0,0.0
331802.0,0,0,0.0
331802.0,0,0,0.0
331802.0,0,0,0.0
331802.0,0,0,0.0
333026.0,0,0,0.0
333026.0,0,0,0.0
333026.0,0,0,0.0
333517.0,0,0,0.0
333517.0,0,0,0.0
333501.0,0,0,0.0
333023.0,0,0,0.0
333502.0,0,0,0.0
333502.0,0,0,0.0
333024.0,0,0,0.0
333033.0,0,0,0.0
333033.0,0,0,0.0
333514.0,0,0,0.0
333030.0,0,0,0.0
333504.0,0,0,0.0
333504.0,0,0,0.0
333503.0,0,0,0.0
333034.0,0,0,0.0
333034.0,0,0,0.0
333034.0,0,0,0.0
333025.0,0,0,0.0
333035.0,0,0,0.0
333515.0,0,0,0.0
333515.0,0,0,0.0
333031.0,0,0,0.0
333031.0,0,0,0.0
333031.0,0,0,0.0
332746.0,0,0,0.0
332746.0,0,0,0.0
333517.0,0,0,0.0
333516.0,0,0,0.0
333516.0,0,0,0.0
333028.0,0,0,0.0
333028.0,0,0,0.0
333029.0,0,0,0.0
333036.0,0,0,0.0
333001.0,0,0,0.0
333010.0,0,0,0.0
333001.0,0,0,0.0
333001.0,0,0,0.0
333021.0,0,0,0.0
333021.0,0,0,0.0
333021.0,0,0,0.0
333032.0,0,0,0.0
331027.0,0,0,0.0
331027.0,0,0,0.0
333302.0,0,0,0.0
333011.0,0,0,0.0
333707.0,0,0,0.0
333707.0,0,0,0.0
333707.0,0,0,0.0
333022.0,0,0,0.0
333022.0,0,0,0.0
333305.0,0,0,0.0
333704.0,0,0,0.0
333705.0,0,0,0.0
333705.0,0,0,0.0
333705.0,0,0,0.0
333705.0,0,0,0.0
333308.0,0,0,0.0
333055.0,0,0,0.0
333055.0,0,0,0.0
333053.0,0,0,0.0
333053.0,0,0,0.0
333053.0,0,0,0.0
333055.0,0,0,0.0
333307.0,0,0,0.0
345001.0,0,0,0.0
345001.0,0,0,0.0
345001.0,0,0,0.0
345001.0,0,0,0.0
345001.0,0,0,0.0
345001.0,0,0,0.0
345001.0,0,0,0.0
345001.0,0,0,0.0
345001.0,0,0,0.0
345001.0,0,0,0.0
345001.0,0,0,0.0
345001.0,0,0,0.0
345001.0,0,0,0.0
345001.0,0,0,0.0
345001.0,0,0,0.0
345001.0,0,0,0.0
345001.0,0,0,0.0
345001.0,0,0,0.0
345001.0,0,0,0.0
345001.0,0,0,0.0
345001.0,0,0,0.0
345001.0,0,0,0.0
345001.0,0,0,0.0
345024.0,0,0,0.0
345024.0,0,0,0.0
345024.0,0,0,0.0
345028.0,0,0,0.0
345028.0,0,0,0.0
345028.0,0,0,0.0
345028.0,0,0,0.0
345028.0,0,0,0.0
345028.0,0,0,0.0
345028.0,0,0,0.0
345025.0,0,0,0.0
345025.0,0,0,0.0
345021.0,0,0,0.0
342314.0,0,0,0.0
345021.0,0,0,0.0
345021.0,0,0,0.0
342023.0,0,0,0.0
342023.0,0,0,0.0
342023.0,0,0,0.0
342023.0,0,0,0.0
342023.0,0,0,0.0
342023.0,0,0,0.0
342027.0,0,0,0.0
342027.0,0,0,0.0
342027.0,0,0,0.0
342027.0,0,0,0.0
342027.0,0,0,0.0
342605.0,0,0,0.0
342605.0,0,0,0.0
342605.0,0,0,0.0
342603.0,0,0,0.0
342602.0,0,0,0.0
342602.0,0,0,0.0
342312.0,0,0,0.0
342314.0,0,0,0.0
342314.0,0,0,0.0
342314.0,0,0,0.0
342801.0,0,0,0.0
342302.0,0,0,0.0
342802.0,0,0,0.0
342304.0,0,0,0.0
342305.0,0,0,0.0
342305.0,0,0,0.0
342303.0,0,0,0.0
342303.0,0,0,0.0
342014.0,0,0,0.0
342014.0,0,0,0.0
342014.0,0,0,0.0
342606.0,0,0,0.0
342606.0,0,0,0.0
342606.0,0,0,0.0
342606.0,0,0,0.0
342606.0,0,0,0.0
342606.0,0,0,0.0
342606.0,0,0,0.0
342606.0,0,0,0.0
342601.0,0,0,0.0
342601.0,0,0,0.0
342601.0,0,0,0.0
342601.0,0,0,0.0
342601.0,0,0,0.0
342601.0,0,0,0.0
342601.0,0,0,0.0
342013.0,0,0,0.0
342025.0,0,0,0.0
342021.0,0,0,0.0
342025.0,0,0,0.0
342022.0,0,0,0.0
342022.0,0,0,0.0
342022.0,0,0,0.0
342022.0,0,0,0.0
342022.0,0,0,0.0
342028.0,0,0,0.0
342028.0,0,0,0.0
342306.0,0,0,0.0
342306.0,0,0,0.0
342306.0,0,0,0.0
342306.0,0,0,0.0
342306.0,0,0,0.0
341307.0,0,0,0.0
341303.0,0,0,0.0
341309.0,0,0,0.0
341307.0,0,0,0.0
341309.0,0,0,0.0
341303.0,0,0,0.0
341551.0,0,0,0.0
341551.0,0,0,0.0
341503.0,0,0,0.0
341503.0,0,0,0.0
341516.0,0,0,0.0
341516.0,0,0,0.0
341304.0,0,0,0.0
341304.0,0,0,0.0
341318.0,0,0,0.0
341305.0,0,0,0.0
341508.0,0,0,0.0
341508.0,0,0,0.0
341508.0,0,0,0.0
341519.0,0,0,0.0
341519.0,0,0,0.0
341517.0,0,0,0.0
341507.0,0,0,0.0
341507.0,0,0,0.0
341507.0,0,0,0.0
341506.0,0,0,0.0
341506.0,0,0,0.0
341509.0,0,0,0.0
341509.0,0,0,0.0
341317.0,0,0,0.0
341317.0,0,0,0.0
341319.0,0,0,0.0
341319.0,0,0,0.0
341319.0,0,0,0.0
341002.0,0,0,0.0
341002.0,0,0,0.0
341002.0,0,0,0.0
341001.0,0,0,0.0
341002.0,0,0,0.0
341501.0,0,0,0.0
341520.0,0,0,0.0
341520.0,0,0,0.0
341022.0,0,0,0.0
341504.0,0,0,0.0
341504.0,0,0,0.0
341504.0,0,0,0.0
342902.0,0,0,0.0
342902.0,0,0,0.0
341502.0,0,0,0.0
341502.0,0,0,0.0
341505.0,0,0,0.0
341505.0,0,0,0.0
341505.0,0,0,0.0
341511.0,0,0,0.0
341511.0,0,0,0.0
341510.0,0,0,0.0
341510.0,0,0,0.0
341510.0,0,0,0.0
341510.0,0,0,0.0
341510.0,0,0,0.0
341510.0,0,0,0.0
341510.0,0,0,0.0
341031.0,0,0,0.0
341031.0,0,0,0.0
341031.0,0,0,0.0
341512.0,0,0,0.0
341513.0,0,0,0.0
306001.0,0,0,0.0
306001.0,0,0,0.0
306001.0,0,0,0.0
306021.0,0,0,0.0
306021.0,0,0,0.0
306021.0,0,0,0.0
306114.0,0,0,0.0
306701.0,0,0,0.0
306601.0,0,0,0.0
306602.0,0,0,0.0
306703.0,0,0,0.0
306703.0,0,0,0.0
306126.0,0,0,0.0
306022.0,0,0,0.0
306501.0,0,0,0.0
306501.0,0,0,0.0
306502.0,0,0,0.0
306502.0,0,0,0.0
306502.0,0,0,0.0
306023.0,0,0,0.0
306023.0,0,0,0.0
306023.0,0,0,0.0
306115.0,0,0,0.0
306702.0,0,0,0.0
306103.0,0,0,0.0
306103.0,0,0,0.0
306103.0,0,0,0.0
306103.0,0,0,0.0
306401.0,0,0,0.0
306401.0,0,0,0.0
306401.0,0,0,0.0
306401.0,0,0,0.0
306401.0,0,0,0.0
306401.0,0,0,0.0
306101.0,0,0,0.0
306101.0,0,0,0.0
306308.0,0,0,0.0
306308.0,0,0,0.0
306901.0,0,0,0.0
306105.0,0,0,0.0
306105.0,0,0,0.0
306306.0,0,0,0.0
306306.0,0,0,0.0
306306.0,0,0,0.0
306709.0,0,0,0.0
306422.0,0,0,0.0
306302.0,0,0,0.0
306119.0,0,0,0.0
306119.0,0,0,0.0
306119.0,0,0,0.0
306305.0,0,0,0.0
306303.0,0,0,0.0
306307.0,0,0,0.0
306304.0,0,0,0.0
306304.0,0,0,0.0
306421.0,0,0,0.0
306421.0,0,0,0.0
306421.0,0,0,0.0
306421.0,0,0,0.0
306421.0,0,0,0.0
306708.0,0,0,0.0
306708.0,0,0,0.0
306102.0,0,0,0.0
306102.0,0,0,0.0
306102.0,0,0,0.0
306104.0,0,0,0.0
306104.0,0,0,0.0
306104.0,0,0,0.0
306902.0,0,0,0.0
306912.0,0,0,0.0
307001.0,0,0,0.0
307001.0,0,0,0.0
307001.0,0,0,0.0
307001.0,0,0,0.0
307001.0,0,0,0.0
332401.0,0,0,0.0
332401.0,0,0,0.0
332303.0,0,0,0.0
332002.0,0,0,0.0
332301.0,0,0,0.0
332301.0,0,0,0.0
332301.0,0,0,0.0
332301.0,0,0,0.0
332029.0,0,0,0.0
332023.0,0,0,0.0
332023.0,0,0,0.0
332315.0,0,0,0.0
332315.0,0,0,0.0
332315.0,0,0,0.0
332406.0,0,0,0.0
332031.0,0,0,0.0
332025.0,0,0,0.0
332025.0,0,0,0.0
332025.0,0,0,0.0
332026.0,0,0,0.0
332402.0,0,0,0.0
332402.0,0,0,0.0
332402.0,0,0,0.0
332402.0,0,0,0.0
332312.0,0,0,0.0
332312.0,0,0,0.0
332041.0,0,0,0.0
332041.0,0,0,0.0
332041.0,0,0,0.0
332027.0,0,0,0.0
331024.0,0,0,0.0
331024.0,0,0,0.0
332403.0,0,0,0.0
332403.0,0,0,0.0
332403.0,0,0,0.0
332304.0,0,0,0.0
332028.0,0,0,0.0
332028.0,0,0,0.0
332715.0,0,0,0.0
332715.0,0,0,0.0
332715.0,0,0,0.0
332701.0,0,0,0.0
332701.0,0,0,0.0
332701.0,0,0,0.0
332701.0,0,0,0.0
332411.0,0,0,0.0
332601.0,0,0,0.0
332601.0,0,0,0.0
332703.0,0,0,0.0
332702.0,0,0,0.0
332702.0,0,0,0.0
332702.0,0,0,0.0
332705.0,0,0,0.0
332705.0,0,0,0.0
332705.0,0,0,0.0
332706.0,0,0,0.0
332708.0,0,0,0.0
332708.0,0,0,0.0
332709.0,0,0,0.0
332709.0,0,0,0.0
332709.0,0,0,0.0
332709.0,0,0,0.0
332709.0,0,0,0.0
332709.0,0,0,0.0
332709.0,0,0,0.0
332602.0,0,0,0.0
332602.0,0,0,0.0
332603.0,0,0,0.0
332603.0,0,0,0.0
332742.0,0,0,0.0
332711.0,0,0,0.0
332711.0,0,0,0.0
332713.0,0,0,0.0
332718.0,0,0,0.0
332718.0,0,0,0.0
332718.0,0,0,0.0
332718.0,0,0,0.0
332714.0,0,0,0.0
343001.0,0,0,0.0
343001.0,0,0,0.0
307029.0,0,0,0.0
307029.0,0,0,0.0
307029.0,0,0,0.0
307029.0,0,0,0.0
307029.0,0,0,0.0
307029.0,0,0,0.0
307029.0,0,0,0.0
307029.0,0,0,0.0
307029.0,0,0,0.0
343032.0,0,0,0.0
343032.0,0,0,0.0
343032.0,0,0,0.0
343032.0,0,0,0.0
343025.0,0,0,0.0
343025.0,0,0,0.0
343025.0,0,0,0.0
343025.0,0,0,0.0
343029.0,0,0,0.0
343029.0,0,0,0.0
343029.0,0,0,0.0
343029.0,0,0,0.0
343023.0,0,0,0.0
343023.0,0,0,0.0
307030.0,0,0,0.0
307030.0,0,0,0.0
307030.0,0,0,0.0
307030.0,0,0,0.0
307030.0,0,0,0.0
307030.0,0,0,0.0
307030.0,0,0,0.0
343027.0,0,0,0.0
343027.0,0,0,0.0
307515.0,0,0,0.0
343030.0,0,0,0.0
632204.0,0,0,0.0
632104.0,0,0,0.0
632104.0,0,0,0.0
641201.0,0,0,0.0
641201.0,0,0,0.0
641006.0,0,0,0.0
641105.0,0,0,0.0
641105.0,0,0,0.0
641107.0,0,0,0.0
641101.0,0,0,0.0
641114.0,0,0,0.0
641022.0,0,0,0.0
641010.0,0,0,0.0
641108.0,0,0,0.0
641108.0,0,0,0.0
641108.0,0,0,0.0
641108.0,0,0,0.0
641109.0,0,0,0.0
636704.0,0,0,0.0
636704.0,0,0,0.0
636705.0,0,0,0.0
636705.0,0,0,0.0
635201.0,0,0,0.0
636813.0,0,0,0.0
636813.0,0,0,0.0
636813.0,0,0,0.0
635301.0,0,0,0.0
635302.0,0,0,0.0
635302.0,0,0,0.0
636902.0,0,0,0.0
636902.0,0,0,0.0
636903.0,0,0,0.0
636903.0,0,0,0.0
636803.0,0,0,0.0
636803.0,0,0,0.0
635303.0,0,0,0.0
635202.0,0,0,0.0
635202.0,0,0,0.0
635202.0,0,0,0.0
635202.0,0,0,0.0
635202.0,0,0,0.0
636804.0,0,0,0.0
636804.0,0,0,0.0
636904.0,0,0,0.0
636904.0,0,0,0.0
635305.0,0,0,0.0
635305.0,0,0,0.0
635305.0,0,0,0.0
636807.0,0,0,0.0
636807.0,0,0,0.0
636808.0,0,0,0.0
636808.0,0,0,0.0
636905.0,0,0,0.0
636905.0,0,0,0.0
636905.0,0,0,0.0
636905.0,0,0,0.0
636809.0,0,0,0.0
636809.0,0,0,0.0
636809.0,0,0,0.0
636810.0,0,0,0.0
636810.0,0,0,0.0
636810.0,0,0,0.0
635205.0,0,0,0.0
635205.0,0,0,0.0
635205.0,0,0,0.0
636811.0,0,0,0.0
636906.0,0,0,0.0
636906.0,0,0,0.0
636906.0,0,0,0.0
638311.0,0,0,0.0
638311.0,0,0,0.0
638501.0,0,0,0.0
638501.0,0,0,0.0
638501.0,0,0,0.0
638501.0,0,0,0.0
638504.0,0,0,0.0
638312.0,0,0,0.0
638116.0,0,0,0.0
638107.0,0,0,0.0
638107.0,0,0,0.0
638314.0,0,0,0.0
638314.0,0,0,0.0
638052.0,0,0,0.0
638052.0,0,0,0.0
638315.0,0,0,0.0
638315.0,0,0,0.0
638315.0,0,0,0.0
638057.0,0,0,0.0
638057.0,0,0,0.0
638057.0,0,0,0.0
638751.0,0,0,0.0
638056.0,0,0,0.0
638115.0,0,0,0.0
638115.0,0,0,0.0
638115.0,0,0,0.0
638115.0,0,0,0.0
638007.0,0,0,0.0
638151.0,0,0,0.0
638104.0,0,0,0.0
638154.0,0,0,0.0
638154.0,0,0,0.0
638109.0,0,0,0.0
638109.0,0,0,0.0
638109.0,0,0,0.0
638109.0,0,0,0.0
638009.0,0,0,0.0
638112.0,0,0,0.0
638502.0,0,0,0.0
638502.0,0,0,0.0
638503.0,0,0,0.0
638503.0,0,0,0.0
638503.0,0,0,0.0
638110.0,0,0,0.0
638476.0,0,0,0.0
638505.0,0,0,0.0
638505.0,0,0,0.0
638505.0,0,0,0.0
638453.0,0,0,0.0
638454.0,0,0,0.0
638455.0,0,0,0.0
638456.0,0,0,0.0
638103.0,0,0,0.0
638103.0,0,0,0.0
638458.0,0,0,0.0
638506.0,0,0,0.0
638506.0,0,0,0.0
638055.0,0,0,0.0
638055.0,0,0,0.0
638462.0,0,0,0.0
638462.0,0,0,0.0
635104.0,0,0,0.0
635104.0,0,0,0.0
635105.0,0,0,0.0
635106.0,0,0,0.0
635106.0,0,0,0.0
635107.0,0,0,0.0
635107.0,0,0,0.0
635107.0,0,0,0.0
635108.0,0,0,0.0
635304.0,0,0,0.0
635304.0,0,0,0.0
635111.0,0,0,0.0
635112.0,0,0,0.0
635112.0,0,0,0.0
635112.0,0,0,0.0
635112.0,0,0,0.0
635113.0,0,0,0.0
635113.0,0,0,0.0
635113.0,0,0,0.0
635002.0,0,0,0.0
635101.0,0,0,0.0
635101.0,0,0,0.0
635203.0,0,0,0.0
635203.0,0,0,0.0
635203.0,0,0,0.0
635204.0,0,0,0.0
635204.0,0,0,0.0
635123.0,0,0,0.0
635123.0,0,0,0.0
635206.0,0,0,0.0
635115.0,0,0,0.0
635115.0,0,0,0.0
635115.0,0,0,0.0
635116.0,0,0,0.0
635307.0,0,0,0.0
635307.0,0,0,0.0
635307.0,0,0,0.0
635307.0,0,0,0.0
635118.0,0,0,0.0
635119.0,0,0,0.0
635119.0,0,0,0.0
635207.0,0,0,0.0
635120.0,0,0,0.0
635120.0,0,0,0.0
635121.0,0,0,0.0
635121.0,0,0,0.0
637002.0,0,0,0.0
637014.0,0,0,0.0
637015.0,0,0,0.0
637015.0,0,0,0.0
637003.0,0,0,0.0
637018.0,0,0,0.0
637018.0,0,0,0.0
637018.0,0,0,0.0
637019.0,0,0,0.0
637019.0,0,0,0.0
637019.0,0,0,0.0
637411.0,0,0,0.0
637411.0,0,0,0.0
637411.0,0,0,0.0
637411.0,0,0,0.0
637411.0,0,0,0.0
637411.0,0,0,0.0
637411.0,0,0,0.0
637411.0,0,0,0.0
637409.0,0,0,0.0
637409.0,0,0,0.0
637021.0,0,0,0.0
637212.0,0,0,0.0
637201.0,0,0,0.0
637201.0,0,0,0.0
637202.0,0,0,0.0
637202.0,0,0,0.0
637101.0,0,0,0.0
637101.0,0,0,0.0
637213.0,0,0,0.0
638183.0,0,0,0.0
637102.0,0,0,0.0
637102.0,0,0,0.0
637214.0,0,0,0.0
637205.0,0,0,0.0
637205.0,0,0,0.0
637205.0,0,0,0.0
637103.0,0,0,0.0
637503.0,0,0,0.0
637206.0,0,0,0.0
638008.0,0,0,0.0
638008.0,0,0,0.0
638008.0,0,0,0.0
637207.0,0,0,0.0
637207.0,0,0,0.0
637208.0,0,0,0.0
637302.0,0,0,0.0
637301.0,0,0,0.0
637301.0,0,0,0.0
637209.0,0,0,0.0
637209.0,0,0,0.0
637209.0,0,0,0.0
637210.0,0,0,0.0
637304.0,0,0,0.0
637304.0,0,0,0.0
637304.0,0,0,0.0
637104.0,0,0,0.0
637104.0,0,0,0.0
637104.0,0,0,0.0
637105.0,0,0,0.0
638182.0,0,0,0.0
643102.0,0,0,0.0
643102.0,0,0,0.0
643102.0,0,0,0.0
643214.0,0,0,0.0
643216.0,0,0,0.0
643217.0,0,0,0.0
643217.0,0,0,0.0
643219.0,0,0,0.0
643219.0,0,0,0.0
643221.0,0,0,0.0
643238.0,0,0,0.0
643209.0,0,0,0.0
643209.0,0,0,0.0
643004.0,0,0,0.0
643212.0,0,0,0.0
643211.0,0,0,0.0
643211.0,0,0,0.0
643005.0,0,0,0.0
643224.0,0,0,0.0
643237.0,0,0,0.0
643002.0,0,0,0.0
643002.0,0,0,0.0
642106.0,0,0,0.0
642130.0,0,0,0.0
642001.0,0,0,0.0
642120.0,0,0,0.0
642120.0,0,0,0.0
642123.0,0,0,0.0
642112.0,0,0,0.0
636101.0,0,0,0.0
636101.0,0,0,0.0
636104.0,0,0,0.0
636104.0,0,0,0.0
636104.0,0,0,0.0
636105.0,0,0,0.0
636105.0,0,0,0.0
636105.0,0,0,0.0
636105.0,0,0,0.0
636107.0,0,0,0.0
636142.0,0,0,0.0
636108.0,0,0,0.0
636108.0,0,0,0.0
636108.0,0,0,0.0
636141.0,0,0,0.0
636119.0,0,0,0.0
636112.0,0,0,0.0
636114.0,0,0,0.0
636114.0,0,0,0.0
636121.0,0,0,0.0
636121.0,0,0,0.0
636115.0,0,0,0.0
636116.0,0,0,0.0
636116.0,0,0,0.0
636117.0,0,0,0.0
636117.0,0,0,0.0
637501.0,0,0,0.0
637501.0,0,0,0.0
636201.0,0,0,0.0
636138.0,0,0,0.0
636138.0,0,0,0.0
636015.0,0,0,0.0
636015.0,0,0,0.0
636010.0,0,0,0.0
636010.0,0,0,0.0
636010.0,0,0,0.0
636010.0,0,0,0.0
636139.0,0,0,0.0
636203.0,0,0,0.0
636602.0,0,0,0.0
636602.0,0,0,0.0
636006.0,0,0,0.0
636111.0,0,0,0.0
636111.0,0,0,0.0
636122.0,0,0,0.0
636308.0,0,0,0.0
636601.0,0,0,0.0
636601.0,0,0,0.0
636601.0,0,0,0.0
636601.0,0,0,0.0
636601.0,0,0,0.0
637401.0,0,0,0.0
637401.0,0,0,0.0
636451.0,0,0,0.0
636451.0,0,0,0.0
636354.0,0,0,0.0
637502.0,0,0,0.0
636404.0,0,0,0.0
636011.0,0,0,0.0
637403.0,0,0,0.0
637403.0,0,0,0.0
636302.0,0,0,0.0
636501.0,0,0,0.0
636351.0,0,0,0.0
636351.0,0,0,0.0
636351.0,0,0,0.0
636309.0,0,0,0.0
636012.0,0,0,0.0
636303.0,0,0,0.0
636303.0,0,0,0.0
636303.0,0,0,0.0
636009.0,0,0,0.0
636452.0,0,0,0.0
636458.0,0,0,0.0
636202.0,0,0,0.0
636202.0,0,0,0.0
636202.0,0,0,0.0
636453.0,0,0,0.0
636304.0,0,0,0.0
636304.0,0,0,0.0
637406.0,0,0,0.0
636305.0,0,0,0.0
636306.0,0,0,0.0
636307.0,0,0,0.0
636502.0,0,0,0.0
635802.0,0,0,0.0
632601.0,0,0,0.0
635803.0,0,0,0.0
635804.0,0,0,0.0
635804.0,0,0,0.0
635804.0,0,0,0.0
635808.0,0,0,0.0
635809.0,0,0,0.0
635809.0,0,0,0.0
635810.0,0,0,0.0
635810.0,0,0,0.0
635810.0,0,0,0.0
632209.0,0,0,0.0
632209.0,0,0,0.0
635814.0,0,0,0.0
635811.0,0,0,0.0
635812.0,0,0,0.0
635813.0,0,0,0.0
635701.0,0,0,0.0
635801.0,0,0,0.0
635702.0,0,0,0.0
635754.0,0,0,0.0
635703.0,0,0,0.0
635703.0,0,0,0.0
635851.0,0,0,0.0
635851.0,0,0,0.0
635901.0,0,0,0.0
635901.0,0,0,0.0
635807.0,0,0,0.0
635710.0,0,0,0.0
635852.0,0,0,0.0
635752.0,0,0,0.0
635854.0,0,0,0.0
635651.0,0,0,0.0
635655.0,0,0,0.0
635655.0,0,0,0.0
635655.0,0,0,0.0
635602.0,0,0,0.0
635751.0,0,0,0.0
635653.0,0,0,0.0
635652.0,0,0,0.0
635655.0,0,0,0.0
638657.0,0,0,0.0
638701.0,0,0,0.0
638701.0,0,0,0.0
638701.0,0,0,0.0
638701.0,0,0,0.0
638701.0,0,0,0.0
638661.0,0,0,0.0
638661.0,0,0,0.0
638661.0,0,0,0.0
638673.0,0,0,0.0
638673.0,0,0,0.0
638673.0,0,0,0.0
638702.0,0,0,0.0
638702.0,0,0,0.0
638106.0,0,0,0.0
638106.0,0,0,0.0
638106.0,0,0,0.0
638106.0,0,0,0.0
638106.0,0,0,0.0
638108.0,0,0,0.0
641665.0,0,0,0.0
638111.0,0,0,0.0
638111.0,0,0,0.0
638111.0,0,0,0.0
638111.0,0,0,0.0
641653.0,0,0,0.0
641653.0,0,0,0.0
641653.0,0,0,0.0
641103.0,0,0,0.0
641103.0,0,0,0.0
641104.0,0,0,0.0
641104.0,0,0,0.0
641659.0,0,0,0.0
641659.0,0,0,0.0
641305.0,0,0,0.0
638459.0,0,0,0.0
638401.0,0,0,0.0
638401.0,0,0,0.0
638401.0,0,0,0.0
638401.0,0,0,0.0
638460.0,0,0,0.0
641113.0,0,0,0.0
641302.0,0,0,0.0
641668.0,0,0,0.0
638461.0,0,0,0.0
638461.0,0,0,0.0
641654.0,0,0,0.0
641654.0,0,0,0.0
641654.0,0,0,0.0
641655.0,0,0,0.0
641658.0,0,0,0.0
641658.0,0,0,0.0
641671.0,0,0,0.0
641671.0,0,0,0.0
641671.0,0,0,0.0
641671.0,0,0,0.0
641662.0,0,0,0.0
641663.0,0,0,0.0
641664.0,0,0,0.0
641664.0,0,0,0.0
641664.0,0,0,0.0
641666.0,0,0,0.0
641669.0,0,0,0.0
641604.0,0,0,0.0
641602.0,0,0,0.0
624005.0,0,0,0.0
624703.0,0,0,0.0
624705.0,0,0,0.0
624705.0,0,0,0.0
624705.0,0,0,0.0
624711.0,0,0,0.0
624711.0,0,0,0.0
624706.0,0,0,0.0
624706.0,0,0,0.0
624706.0,0,0,0.0
624003.0,0,0,0.0
624401.0,0,0,0.0
624401.0,0,0,0.0
624401.0,0,0,0.0
624620.0,0,0,0.0
624622.0,0,0,0.0
624622.0,0,0,0.0
624622.0,0,0,0.0
624622.0,0,0,0.0
624402.0,0,0,0.0
624304.0,0,0,0.0
624304.0,0,0,0.0
624403.0,0,0,0.0
624306.0,0,0,0.0
624306.0,0,0,0.0
624709.0,0,0,0.0
624709.0,0,0,0.0
624709.0,0,0,0.0
624802.0,0,0,0.0
624802.0,0,0,0.0
624802.0,0,0,0.0
624802.0,0,0,0.0
624710.0,0,0,0.0
624710.0,0,0,0.0
624308.0,0,0,0.0
624308.0,0,0,0.0
624308.0,0,0,0.0
624201.0,0,0,0.0
624201.0,0,0,0.0
624202.0,0,0,0.0
624202.0,0,0,0.0
624103.0,0,0,0.0
624103.0,0,0,0.0
624101.0,0,0,0.0
624101.0,0,0,0.0
624101.0,0,0,0.0
624206.0,0,0,0.0
624212.0,0,0,0.0
624215.0,0,0,0.0
624708.0,0,0,0.0
624708.0,0,0,0.0
624216.0,0,0,0.0
624219.0,0,0,0.0
624220.0,0,0,0.0
624612.0,0,0,0.0
624613.0,0,0,0.0
624613.0,0,0,0.0
624614.0,0,0,0.0
624615.0,0,0,0.0
624615.0,0,0,0.0
624616.0,0,0,0.0
624616.0,0,0,0.0
624616.0,0,0,0.0
624616.0,0,0,0.0
624616.0,0,0,0.0
624617.0,0,0,0.0
624618.0,0,0,0.0
624618.0,0,0,0.0
624619.0,0,0,0.0
624619.0,0,0,0.0
624619.0,0,0,0.0
624621.0,0,0,0.0
629204.0,0,0,0.0
629201.0,0,0,0.0
629851.0,0,0,0.0
629851.0,0,0,0.0
629001.0,0,0,0.0
629251.0,0,0,0.0
629501.0,0,0,0.0
629702.0,0,0,0.0
629703.0,0,0,0.0
629252.0,0,0,0.0
629403.0,0,0,0.0
629802.0,0,0,0.0
629601.0,0,0,0.0
629704.0,0,0,0.0
629704.0,0,0,0.0
629704.0,0,0,0.0
629704.0,0,0,0.0
629901.0,0,0,0.0
629302.0,0,0,0.0
629180.0,0,0,0.0
629152.0,0,0,0.0
629152.0,0,0,0.0
629153.0,0,0,0.0
629101.0,0,0,0.0
629101.0,0,0,0.0
629158.0,0,0,0.0
629160.0,0,0,0.0
629161.0,0,0,0.0
629161.0,0,0,0.0
629163.0,0,0,0.0
629164.0,0,0,0.0
629166.0,0,0,0.0
629167.0,0,0,0.0
629168.0,0,0,0.0
629168.0,0,0,0.0
629170.0,0,0,0.0
629171.0,0,0,0.0
629171.0,0,0,0.0
756019.0,0,0,0.0
756019.0,0,0,0.0
756019.0,0,0,0.0
756028.0,0,0,0.0
756041.0,0,0,0.0
756041.0,0,0,0.0
756041.0,0,0,0.0
756045.0,0,0,0.0
756045.0,0,0,0.0
756047.0,0,0,0.0
756047.0,0,0,0.0
756026.0,0,0,0.0
756026.0,0,0,0.0
756038.0,0,0,0.0
756038.0,0,0,0.0
756038.0,0,0,0.0
756038.0,0,0,0.0
756085.0,0,0,0.0
756022.0,0,0,0.0
756022.0,0,0,0.0
756036.0,0,0,0.0
756036.0,0,0,0.0
756036.0,0,0,0.0
756033.0,0,0,0.0
756033.0,0,0,0.0
756033.0,0,0,0.0
756033.0,0,0,0.0
756080.0,0,0,0.0
756080.0,0,0,0.0
756086.0,0,0,0.0
756086.0,0,0,0.0
756088.0,0,0,0.0
756088.0,0,0,0.0
756086.0,0,0,0.0
756081.0,0,0,0.0
756081.0,0,0,0.0
756081.0,0,0,0.0
756035.0,0,0,0.0
756035.0,0,0,0.0
756035.0,0,0,0.0
756035.0,0,0,0.0
756034.0,0,0,0.0
756034.0,0,0,0.0
756034.0,0,0,0.0
756034.0,0,0,0.0
756024.0,0,0,0.0
756083.0,0,0,0.0
756083.0,0,0,0.0
756083.0,0,0,0.0
756083.0,0,0,0.0
756023.0,0,0,0.0
756023.0,0,0,0.0
756023.0,0,0,0.0
756023.0,0,0,0.0
756134.0,0,0,0.0
756138.0,0,0,0.0
756138.0,0,0,0.0
756116.0,0,0,0.0
756116.0,0,0,0.0
756116.0,0,0,0.0
756137.0,0,0,0.0
756115.0,0,0,0.0
756115.0,0,0,0.0
756115.0,0,0,0.0
756114.0,0,0,0.0
756114.0,0,0,0.0
756112.0,0,0,0.0
756112.0,0,0,0.0
756125.0,0,0,0.0
756168.0,0,0,0.0
756120.0,0,0,0.0
756133.0,0,0,0.0
756133.0,0,0,0.0
756101.0,0,0,0.0
756101.0,0,0,0.0
756171.0,0,0,0.0
756117.0,0,0,0.0
756117.0,0,0,0.0
756117.0,0,0,0.0
756119.0,0,0,0.0
756127.0,0,0,0.0
756182.0,0,0,0.0
756129.0,0,0,0.0
756118.0,0,0,0.0
756181.0,0,0,0.0
756121.0,0,0,0.0
756121.0,0,0,0.0
756121.0,0,0,0.0
756132.0,0,0,0.0
756132.0,0,0,0.0
756132.0,0,0,0.0
756132.0,0,0,0.0
756164.0,0,0,0.0
756167.0,0,0,0.0
756131.0,0,0,0.0
756131.0,0,0,0.0
756131.0,0,0,0.0
756123.0,0,0,0.0
756123.0,0,0,0.0
756123.0,0,0,0.0
756126.0,0,0,0.0
756126.0,0,0,0.0
756130.0,0,0,0.0
756130.0,0,0,0.0
752109.0,0,0,0.0
752100.0,0,0,0.0
752105.0,0,0,0.0
752102.0,0,0,0.0
752102.0,0,0,0.0
752102.0,0,0,0.0
752102.0,0,0,0.0
752121.0,0,0,0.0
752103.0,0,0,0.0
752118.0,0,0,0.0
752113.0,0,0,0.0
751019.0,0,0,0.0
751019.0,0,0,0.0
751019.0,0,0,0.0
752110.0,0,0,0.0
752110.0,0,0,0.0
752108.0,0,0,0.0
752107.0,0,0,0.0
752106.0,0,0,0.0
751002.0,0,0,0.0
752114.0,0,0,0.0
752114.0,0,0,0.0
752114.0,0,0,0.0
754008.0,0,0,0.0
754008.0,0,0,0.0
751024.0,0,0,0.0
754018.0,0,0,0.0
754007.0,0,0,0.0
754001.0,0,0,0.0
751031.0,0,0,0.0
754001.0,0,0,0.0
754009.0,0,0,0.0
754009.0,0,0,0.0
754009.0,0,0,0.0
754105.0,0,0,0.0
754105.0,0,0,0.0
754004.0,0,0,0.0
754004.0,0,0,0.0
754002.0,0,0,0.0
754206.0,0,0,0.0
754209.0,0,0,0.0
754293.0,0,0,0.0
754207.0,0,0,0.0
754207.0,0,0,0.0
754207.0,0,0,0.0
754207.0,0,0,0.0
754202.0,0,0,0.0
754221.0,0,0,0.0
754221.0,0,0,0.0
754221.0,0,0,0.0
754112.0,0,0,0.0
754112.0,0,0,0.0
753011.0,0,0,0.0
753011.0,0,0,0.0
753011.0,0,0,0.0
753004.0,0,0,0.0
754131.0,0,0,0.0
754131.0,0,0,0.0
754130.0,0,0,0.0
755036.0,0,0,0.0
755027.0,0,0,0.0
755003.0,0,0,0.0
755004.0,0,0,0.0
755004.0,0,0,0.0
755062.0,0,0,0.0
755026.0,0,0,0.0
756117.0,0,0,0.0
755006.0,0,0,0.0
755006.0,0,0,0.0
755007.0,0,0,0.0
755007.0,0,0,0.0
755008.0,0,0,0.0
755008.0,0,0,0.0
755008.0,0,0,0.0
755008.0,0,0,0.0
755008.0,0,0,0.0
755061.0,0,0,0.0
755024.0,0,0,0.0
755024.0,0,0,0.0
755019.0,0,0,0.0
755019.0,0,0,0.0
755015.0,0,0,0.0
755023.0,0,0,0.0
755051.0,0,0,0.0
755009.0,0,0,0.0
755009.0,0,0,0.0
755009.0,0,0,0.0
755009.0,0,0,0.0
755028.0,0,0,0.0
755011.0,0,0,0.0
755011.0,0,0,0.0
755011.0,0,0,0.0
755011.0,0,0,0.0
755011.0,0,0,0.0
755012.0,0,0,0.0
755013.0,0,0,0.0
755013.0,0,0,0.0
755013.0,0,0,0.0
755013.0,0,0,0.0
755014.0,0,0,0.0
755015.0,0,0,0.0
755016.0,0,0,0.0
755016.0,0,0,0.0
755016.0,0,0,0.0
755017.0,0,0,0.0
755017.0,0,0,0.0
755018.0,0,0,0.0
754217.0,0,0,0.0
754219.0,0,0,0.0
754219.0,0,0,0.0
754205.0,0,0,0.0
754205.0,0,0,0.0
754245.0,0,0,0.0
754218.0,0,0,0.0
754218.0,0,0,0.0
754218.0,0,0,0.0
754218.0,0,0,0.0
754253.0,0,0,0.0
754208.0,0,0,0.0
754208.0,0,0,0.0
754208.0,0,0,0.0
754292.0,0,0,0.0
754222.0,0,0,0.0
754240.0,0,0,0.0
754210.0,0,0,0.0
754289.0,0,0,0.0
754289.0,0,0,0.0
754214.0,0,0,0.0
754214.0,0,0,0.0
754214.0,0,0,0.0
754214.0,0,0,0.0
754214.0,0,0,0.0
754214.0,0,0,0.0
754214.0,0,0,0.0
754248.0,0,0,0.0
754244.0,0,0,0.0
754216.0,0,0,0.0
754223.0,0,0,0.0
754246.0,0,0,0.0
754246.0,0,0,0.0
754224.0,0,0,0.0
754224.0,0,0,0.0
754224.0,0,0,0.0
754224.0,0,0,0.0
754213.0,0,0,0.0
754213.0,0,0,0.0
754213.0,0,0,0.0
754227.0,0,0,0.0
754228.0,0,0,0.0
754215.0,0,0,0.0
754215.0,0,0,0.0
754215.0,0,0,0.0
754215.0,0,0,0.0
754215.0,0,0,0.0
754220.0,0,0,0.0
754220.0,0,0,0.0
754220.0,0,0,0.0
754225.0,0,0,0.0
754225.0,0,0,0.0
754212.0,0,0,0.0
754212.0,0,0,0.0
754212.0,0,0,0.0
754212.0,0,0,0.0
754212.0,0,0,0.0
754250.0,0,0,0.0
754250.0,0,0,0.0
754250.0,0,0,0.0
754200.0,0,0,0.0
754200.0,0,0,0.0
754200.0,0,0,0.0
754031.0,0,0,0.0
754031.0,0,0,0.0
754031.0,0,0,0.0
754031.0,0,0,0.0
754031.0,0,0,0.0
754028.0,0,0,0.0
754028.0,0,0,0.0
754025.0,0,0,0.0
754037.0,0,0,0.0
754022.0,0,0,0.0
754290.0,0,0,0.0
754290.0,0,0,0.0
754032.0,0,0,0.0
754032.0,0,0,0.0
754032.0,0,0,0.0
754032.0,0,0,0.0
754201.0,0,0,0.0
754201.0,0,0,0.0
754201.0,0,0,0.0
754030.0,0,0,0.0
754030.0,0,0,0.0
754109.0,0,0,0.0
754294.0,0,0,0.0
754114.0,0,0,0.0
754107.0,0,0,0.0
754102.0,0,0,0.0
754108.0,0,0,0.0
754108.0,0,0,0.0
754108.0,0,0,0.0
754108.0,0,0,0.0
754108.0,0,0,0.0
754110.0,0,0,0.0
754110.0,0,0,0.0
754110.0,0,0,0.0
754294.0,0,0,0.0
754139.0,0,0,0.0
754139.0,0,0,0.0
754139.0,0,0,0.0
754153.0,0,0,0.0
754153.0,0,0,0.0
754106.0,0,0,0.0
754106.0,0,0,0.0
754106.0,0,0,0.0
754136.0,0,0,0.0
754136.0,0,0,0.0
754136.0,0,0,0.0
754162.0,0,0,0.0
754141.0,0,0,0.0
754141.0,0,0,0.0
754141.0,0,0,0.0
754141.0,0,0,0.0
754141.0,0,0,0.0
754141.0,0,0,0.0
754119.0,0,0,0.0
754119.0,0,0,0.0
754119.0,0,0,0.0
754114.0,0,0,0.0
754104.0,0,0,0.0
754113.0,0,0,0.0
754113.0,0,0,0.0
754113.0,0,0,0.0
754142.0,0,0,0.0
754142.0,0,0,0.0
754132.0,0,0,0.0
754140.0,0,0,0.0
754140.0,0,0,0.0
754140.0,0,0,0.0
754140.0,0,0,0.0
754138.0,0,0,0.0
754138.0,0,0,0.0
754138.0,0,0,0.0
754138.0,0,0,0.0
754138.0,0,0,0.0
754160.0,0,0,0.0
754137.0,0,0,0.0
754134.0,0,0,0.0
754134.0,0,0,0.0
754134.0,0,0,0.0
754134.0,0,0,0.0
757055.0,0,0,0.0
757104.0,0,0,0.0
757028.0,0,0,0.0
757028.0,0,0,0.0
757026.0,0,0,0.0
757025.0,0,0,0.0
757025.0,0,0,0.0
757025.0,0,0,0.0
757025.0,0,0,0.0
757025.0,0,0,0.0
757025.0,0,0,0.0
757083.0,0,0,0.0
757083.0,0,0,0.0
757087.0,0,0,0.0
757087.0,0,0,0.0
757087.0,0,0,0.0
757018.0,0,0,0.0
757018.0,0,0,0.0
757018.0,0,0,0.0
757018.0,0,0,0.0
757021.0,0,0,0.0
757021.0,0,0,0.0
757075.0,0,0,0.0
757075.0,0,0,0.0
757075.0,0,0,0.0
757075.0,0,0,0.0
757075.0,0,0,0.0
757082.0,0,0,0.0
757082.0,0,0,0.0
757082.0,0,0,0.0
757082.0,0,0,0.0
757023.0,0,0,0.0
757052.0,0,0,0.0
757040.0,0,0,0.0
757040.0,0,0,0.0
757040.0,0,0,0.0
757019.0,0,0,0.0
757019.0,0,0,0.0
757084.0,0,0,0.0
757084.0,0,0,0.0
757084.0,0,0,0.0
757084.0,0,0,0.0
757084.0,0,0,0.0
757029.0,0,0,0.0
757029.0,0,0,0.0
757027.0,0,0,0.0
757105.0,0,0,0.0
757105.0,0,0,0.0
757030.0,0,0,0.0
757030.0,0,0,0.0
757030.0,0,0,0.0
757081.0,0,0,0.0
757081.0,0,0,0.0
757081.0,0,0,0.0
757081.0,0,0,0.0
757085.0,0,0,0.0
757107.0,0,0,0.0
757107.0,0,0,0.0
757017.0,0,0,0.0
757017.0,0,0,0.0
757017.0,0,0,0.0
757017.0,0,0,0.0
757020.0,0,0,0.0
757020.0,0,0,0.0
757020.0,0,0,0.0
757020.0,0,0,0.0
757020.0,0,0,0.0
757073.0,0,0,0.0
757073.0,0,0,0.0
757073.0,0,0,0.0
757073.0,0,0,0.0
757103.0,0,0,0.0
757102.0,0,0,0.0
757102.0,0,0,0.0
757101.0,0,0,0.0
757101.0,0,0,0.0
757101.0,0,0,0.0
757024.0,0,0,0.0
757024.0,0,0,0.0
757024.0,0,0,0.0
757024.0,0,0,0.0
757049.0,0,0,0.0
757049.0,0,0,0.0
757049.0,0,0,0.0
757049.0,0,0,0.0
757022.0,0,0,0.0
757022.0,0,0,0.0
757022.0,0,0,0.0
757041.0,0,0,0.0
757037.0,0,0,0.0
757037.0,0,0,0.0
757037.0,0,0,0.0
757037.0,0,0,0.0
757037.0,0,0,0.0
757037.0,0,0,0.0
757091.0,0,0,0.0
757091.0,0,0,0.0
757053.0,0,0,0.0
752061.0,0,0,0.0
752061.0,0,0,0.0
752032.0,0,0,0.0
752031.0,0,0,0.0
752062.0,0,0,0.0
752062.0,0,0,0.0
752062.0,0,0,0.0
752066.0,0,0,0.0
752066.0,0,0,0.0
752066.0,0,0,0.0
752066.0,0,0,0.0
752035.0,0,0,0.0
752035.0,0,0,0.0
752034.0,0,0,0.0
752020.0,0,0,0.0
752020.0,0,0,0.0
752020.0,0,0,0.0
752054.0,0,0,0.0
752054.0,0,0,0.0
752050.0,0,0,0.0
752050.0,0,0,0.0
752050.0,0,0,0.0
752027.0,0,0,0.0
752018.0,0,0,0.0
752019.0,0,0,0.0
752019.0,0,0,0.0
752057.0,0,0,0.0
752057.0,0,0,0.0
752057.0,0,0,0.0
752056.0,0,0,0.0
752064.0,0,0,0.0
752064.0,0,0,0.0
752038.0,0,0,0.0
752021.0,0,0,0.0
752023.0,0,0,0.0
752063.0,0,0,0.0
752063.0,0,0,0.0
752063.0,0,0,0.0
752063.0,0,0,0.0
752024.0,0,0,0.0
752025.0,0,0,0.0
752025.0,0,0,0.0
752078.0,0,0,0.0
752077.0,0,0,0.0
752077.0,0,0,0.0
752077.0,0,0,0.0
752077.0,0,0,0.0
752077.0,0,0,0.0
752090.0,0,0,0.0
752090.0,0,0,0.0
752090.0,0,0,0.0
752090.0,0,0,0.0
752070.0,0,0,0.0
752070.0,0,0,0.0
752081.0,0,0,0.0
752081.0,0,0,0.0
752081.0,0,0,0.0
752081.0,0,0,0.0
752026.0,0,0,0.0
752026.0,0,0,0.0
752065.0,0,0,0.0
752065.0,0,0,0.0
752080.0,0,0,0.0
752013.0,0,0,0.0
752016.0,0,0,0.0
752016.0,0,0,0.0
752016.0,0,0,0.0
752011.0,0,0,0.0
752010.0,0,0,0.0
752011.0,0,0,0.0
752011.0,0,0,0.0
752011.0,0,0,0.0
752010.0,0,0,0.0
752012.0,0,0,0.0
752012.0,0,0,0.0
752017.0,0,0,0.0
752017.0,0,0,0.0
752004.0,0,0,0.0
752002.0,0,0,0.0
752014.0,0,0,0.0
752014.0,0,0,0.0
752014.0,0,0,0.0
752046.0,0,0,0.0
752032.0,0,0,0.0
767022.0,0,0,0.0
767022.0,0,0,0.0
767022.0,0,0,0.0
767040.0,0,0,0.0
767040.0,0,0,0.0
767026.0,0,0,0.0
767026.0,0,0,0.0
767026.0,0,0,0.0
767048.0,0,0,0.0
767048.0,0,0,0.0
767042.0,0,0,0.0
767019.0,0,0,0.0
767019.0,0,0,0.0
767019.0,0,0,0.0
767018.0,0,0,0.0
767018.0,0,0,0.0
767018.0,0,0,0.0
767065.0,0,0,0.0
767024.0,0,0,0.0
767024.0,0,0,0.0
767029.0,0,0,0.0
767029.0,0,0,0.0
767029.0,0,0,0.0
767029.0,0,0,0.0
767061.0,0,0,0.0
767061.0,0,0,0.0
767023.0,0,0,0.0
767023.0,0,0,0.0
767023.0,0,0,0.0
767023.0,0,0,0.0
767023.0,0,0,0.0
767038.0,0,0,0.0
767067.0,0,0,0.0
764041.0,0,0,0.0
764041.0,0,0,0.0
764043.0,0,0,0.0
764047.0,0,0,0.0
764047.0,0,0,0.0
764047.0,0,0,0.0
764047.0,0,0,0.0
764047.0,0,0,0.0
764047.0,0,0,0.0
764075.0,0,0,0.0
764075.0,0,0,0.0
764061.0,0,0,0.0
764058.0,0,0,0.0
764058.0,0,0,0.0
764058.0,0,0,0.0
764058.0,0,0,0.0
764058.0,0,0,0.0
764087.0,0,0,0.0
764087.0,0,0,0.0
764081.0,0,0,0.0
764040.0,0,0,0.0
764040.0,0,0,0.0
764045.0,0,0,0.0
764045.0,0,0,0.0
764045.0,0,0,0.0
764044.0,0,0,0.0
764044.0,0,0,0.0
764044.0,0,0,0.0
764044.0,0,0,0.0
764044.0,0,0,0.0
764044.0,0,0,0.0
764063.0,0,0,0.0
764063.0,0,0,0.0
764063.0,0,0,0.0
764063.0,0,0,0.0
764059.0,0,0,0.0
764042.0,0,0,0.0
764071.0,0,0,0.0
764071.0,0,0,0.0
764003.0,0,0,0.0
764074.0,0,0,0.0
764074.0,0,0,0.0
764073.0,0,0,0.0
764073.0,0,0,0.0
764073.0,0,0,0.0
764073.0,0,0,0.0
764027.0,0,0,0.0
764027.0,0,0,0.0
764027.0,0,0,0.0
764027.0,0,0,0.0
764027.0,0,0,0.0
764057.0,0,0,0.0
764057.0,0,0,0.0
764056.0,0,0,0.0
764056.0,0,0,0.0
764056.0,0,0,0.0
764056.0,0,0,0.0
763008.0,0,0,0.0
763008.0,0,0,0.0
764028.0,0,0,0.0
764028.0,0,0,0.0
764028.0,0,0,0.0
765013.0,0,0,0.0
765013.0,0,0,0.0
765013.0,0,0,0.0
764037.0,0,0,0.0
764014.0,0,0,0.0
764021.0,0,0,0.0
764038.0,0,0,0.0
764038.0,0,0,0.0
764039.0,0,0,0.0
764039.0,0,0,0.0
764039.0,0,0,0.0
764039.0,0,0,0.0
764039.0,0,0,0.0
764039.0,0,0,0.0
764039.0,0,0,0.0
764039.0,0,0,0.0
764036.0,0,0,0.0
764036.0,0,0,0.0
764062.0,0,0,0.0
765033.0,0,0,0.0
765033.0,0,0,0.0
765033.0,0,0,0.0
765026.0,0,0,0.0
765026.0,0,0,0.0
765026.0,0,0,0.0
765026.0,0,0,0.0
765022.0,0,0,0.0
765017.0,0,0,0.0
765017.0,0,0,0.0
765017.0,0,0,0.0
765017.0,0,0,0.0
765017.0,0,0,0.0
765017.0,0,0,0.0
765017.0,0,0,0.0
765017.0,0,0,0.0
765034.0,0,0,0.0
765016.0,0,0,0.0
765016.0,0,0,0.0
765015.0,0,0,0.0
765015.0,0,0,0.0
765015.0,0,0,0.0
765023.0,0,0,0.0
765023.0,0,0,0.0
765025.0,0,0,0.0
765025.0,0,0,0.0
765025.0,0,0,0.0
765029.0,0,0,0.0
765029.0,0,0,0.0
765029.0,0,0,0.0
765029.0,0,0,0.0
765029.0,0,0,0.0
765002.0,0,0,0.0
765002.0,0,0,0.0
765002.0,0,0,0.0
765002.0,0,0,0.0
765024.0,0,0,0.0
765024.0,0,0,0.0
765024.0,0,0,0.0
762103.0,0,0,0.0
762103.0,0,0,0.0
762103.0,0,0,0.0
762103.0,0,0,0.0
762021.0,0,0,0.0
762021.0,0,0,0.0
762110.0,0,0,0.0
762110.0,0,0,0.0
762014.0,0,0,0.0
762002.0,0,0,0.0
762002.0,0,0,0.0
762002.0,0,0,0.0
762104.0,0,0,0.0
762104.0,0,0,0.0
762104.0,0,0,0.0
762104.0,0,0,0.0
762100.0,0,0,0.0
762100.0,0,0,0.0
762100.0,0,0,0.0
762100.0,0,0,0.0
762100.0,0,0,0.0
762029.0,0,0,0.0
762022.0,0,0,0.0
762105.0,0,0,0.0
762109.0,0,0,0.0
762109.0,0,0,0.0
762109.0,0,0,0.0
762109.0,0,0,0.0
762027.0,0,0,0.0
762027.0,0,0,0.0
762102.0,0,0,0.0
762102.0,0,0,0.0
762102.0,0,0,0.0
762112.0,0,0,0.0
762112.0,0,0,0.0
762011.0,0,0,0.0
762011.0,0,0,0.0
762011.0,0,0,0.0
762011.0,0,0,0.0
762101.0,0,0,0.0
762106.0,0,0,0.0
762106.0,0,0,0.0
762106.0,0,0,0.0
762026.0,0,0,0.0
762026.0,0,0,0.0
140501.0,0,0,0.0
140501.0,0,0,0.0
140501.0,0,0,0.0
140501.0,0,0,0.0
140501.0,0,0,0.0
140501.0,0,0,0.0
160101.0,0,0,0.0
160102.0,0,0,0.0
160014.0,0,0,0.0
160047.0,0,0,0.0
140603.0,0,0,0.0
140111.0,0,0,0.0
140111.0,0,0,0.0
140133.0,0,0,0.0
140127.0,0,0,0.0
140126.0,0,0,0.0
140113.0,0,0,0.0
140413.0,0,0,0.0
140301.0,0,0,0.0
140116.0,0,0,0.0
140103.0,0,0,0.0
140103.0,0,0,0.0
140103.0,0,0,0.0
140103.0,0,0,0.0
140307.0,0,0,0.0
140307.0,0,0,0.0
140307.0,0,0,0.0
140102.0,0,0,0.0
140124.0,0,0,0.0
140124.0,0,0,0.0
140128.0,0,0,0.0
140125.0,0,0,0.0
140308.0,0,0,0.0
140308.0,0,0,0.0
140119.0,0,0,0.0
141007.0,0,0,0.0
141007.0,0,0,0.0
142032.0,0,0,0.0
141101.0,0,0,0.0
141101.0,0,0,0.0
141101.0,0,0,0.0
141102.0,0,0,0.0
141107.0,0,0,0.0
141107.0,0,0,0.0
141110.0,0,0,0.0
141110.0,0,0,0.0
142035.0,0,0,0.0
141108.0,0,0,0.0
141108.0,0,0,0.0
141109.0,0,0,0.0
141109.0,0,0,0.0
141109.0,0,0,0.0
141105.0,0,0,0.0
141105.0,0,0,0.0
142033.0,0,0,0.0
142033.0,0,0,0.0
142025.0,0,0,0.0
141012.0,0,0,0.0
141118.0,0,0,0.0
141421.0,0,0,0.0
141206.0,0,0,0.0
141206.0,0,0,0.0
141116.0,0,0,0.0
141116.0,0,0,0.0
141116.0,0,0,0.0
141202.0,0,0,0.0
141414.0,0,0,0.0
141415.0,0,0,0.0
141415.0,0,0,0.0
141113.0,0,0,0.0
141112.0,0,0,0.0
141205.0,0,0,0.0
141205.0,0,0,0.0
141119.0,0,0,0.0
141416.0,0,0,0.0
141416.0,0,0,0.0
141416.0,0,0,0.0
141417.0,0,0,0.0
141417.0,0,0,0.0
141123.0,0,0,0.0
141418.0,0,0,0.0
141114.0,0,0,0.0
141114.0,0,0,0.0
141114.0,0,0,0.0
141114.0,0,0,0.0
141120.0,0,0,0.0
141127.0,0,0,0.0
141127.0,0,0,0.0
147202.0,0,0,0.0
147202.0,0,0,0.0
147202.0,0,0,0.0
147202.0,0,0,0.0
147102.0,0,0,0.0
147021.0,0,0,0.0
147021.0,0,0,0.0
147201.0,0,0,0.0
147201.0,0,0,0.0
147201.0,0,0,0.0
147201.0,0,0,0.0
147201.0,0,0,0.0
147201.0,0,0,0.0
147007.0,0,0,0.0
147105.0,0,0,0.0
147105.0,0,0,0.0
147105.0,0,0,0.0
147105.0,0,0,0.0
147105.0,0,0,0.0
147105.0,0,0,0.0
147101.0,0,0,0.0
147101.0,0,0,0.0
147101.0,0,0,0.0
147006.0,0,0,0.0
140412.0,0,0,0.0
141411.0,0,0,0.0
141411.0,0,0,0.0
140702.0,0,0,0.0
140702.0,0,0,0.0
141801.0,0,0,0.0
141801.0,0,0,0.0
141801.0,0,0,0.0
140602.0,0,0,0.0
140602.0,0,0,0.0
147301.0,0,0,0.0
147301.0,0,0,0.0
140402.0,0,0,0.0
140402.0,0,0,0.0
140402.0,0,0,0.0
140402.0,0,0,0.0
140405.0,0,0,0.0
140405.0,0,0,0.0
140802.0,0,0,0.0
140417.0,0,0,0.0
140408.0,0,0,0.0
140408.0,0,0,0.0
140406.0,0,0,0.0
140408.0,0,0,0.0
140406.0,0,0,0.0
148021.0,0,0,0.0
148022.0,0,0,0.0
148022.0,0,0,0.0
148022.0,0,0,0.0
148101.0,0,0,0.0
148102.0,0,0,0.0
148017.0,0,0,0.0
148017.0,0,0,0.0
148026.0,0,0,0.0
148026.0,0,0,0.0
148026.0,0,0,0.0
148030.0,0,0,0.0
148105.0,0,0,0.0
148024.0,0,0,0.0
148024.0,0,0,0.0
148024.0,0,0,0.0
148024.0,0,0,0.0
148035.0,0,0,0.0
148002.0,0,0,0.0
148002.0,0,0,0.0
148002.0,0,0,0.0
148107.0,0,0,0.0
148107.0,0,0,0.0
148023.0,0,0,0.0
148034.0,0,0,0.0
148034.0,0,0,0.0
148034.0,0,0,0.0
148031.0,0,0,0.0
148031.0,0,0,0.0
148031.0,0,0,0.0
148106.0,0,0,0.0
148023.0,0,0,0.0
148023.0,0,0,0.0
148104.0,0,0,0.0
148033.0,0,0,0.0
148033.0,0,0,0.0
148033.0,0,0,0.0
148027.0,0,0,0.0
148020.0,0,0,0.0
148020.0,0,0,0.0
148020.0,0,0,0.0
148109.0,0,0,0.0
148025.0,0,0,0.0
148025.0,0,0,0.0
148025.0,0,0,0.0
148025.0,0,0,0.0
148025.0,0,0,0.0
148028.0,0,0,0.0
148100.0,0,0,0.0
148108.0,0,0,0.0
143102.0,0,0,0.0
143102.0,0,0,0.0
143102.0,0,0,0.0
143102.0,0,0,0.0
143102.0,0,0,0.0
143102.0,0,0,0.0
143108.0,0,0,0.0
143108.0,0,0,0.0
143108.0,0,0,0.0
143202.0,0,0,0.0
143202.0,0,0,0.0
143201.0,0,0,0.0
143201.0,0,0,0.0
143201.0,0,0,0.0
143103.0,0,0,0.0
143504.0,0,0,0.0
143606.0,0,0,0.0
143105.0,0,0,0.0
143105.0,0,0,0.0
143109.0,0,0,0.0
143109.0,0,0,0.0
143109.0,0,0,0.0
143109.0,0,0,0.0
143113.0,0,0,0.0
143113.0,0,0,0.0
143149.0,0,0,0.0
143502.0,0,0,0.0
143111.0,0,0,0.0
143111.0,0,0,0.0
143111.0,0,0,0.0
143022.0,0,0,0.0
143022.0,0,0,0.0
143022.0,0,0,0.0
143601.0,0,0,0.0
143601.0,0,0,0.0
143601.0,0,0,0.0
143601.0,0,0,0.0
143601.0,0,0,0.0
143119.0,0,0,0.0
143114.0,0,0,0.0
143114.0,0,0,0.0
143101.0,0,0,0.0
143101.0,0,0,0.0
143101.0,0,0,0.0
143603.0,0,0,0.0
143112.0,0,0,0.0
143205.0,0,0,0.0
143008.0,0,0,0.0
143116.0,0,0,0.0
143303.0,0,0,0.0
143413.0,0,0,0.0
143301.0,0,0,0.0
143301.0,0,0,0.0
143408.0,0,0,0.0
143408.0,0,0,0.0
143411.0,0,0,0.0
143407.0,0,0,0.0
143412.0,0,0,0.0
143115.0,0,0,0.0
143416.0,0,0,0.0
143304.0,0,0,0.0
143415.0,0,0,0.0
143415.0,0,0,0.0
143406.0,0,0,0.0
143305.0,0,0,0.0
143305.0,0,0,0.0
143419.0,0,0,0.0
143419.0,0,0,0.0
143419.0,0,0,0.0
143419.0,0,0,0.0
143416.0,0,0,0.0
143416.0,0,0,0.0
143416.0,0,0,0.0
143416.0,0,0,0.0
143410.0,0,0,0.0
143302.0,0,0,0.0
143402.0,0,0,0.0
143402.0,0,0,0.0
143402.0,0,0,0.0
151005.0,0,0,0.0
151005.0,0,0,0.0
151005.0,0,0,0.0
151005.0,0,0,0.0
151106.0,0,0,0.0
151508.0,0,0,0.0
151508.0,0,0,0.0
151504.0,0,0,0.0
151504.0,0,0,0.0
151101.0,0,0,0.0
151101.0,0,0,0.0
151101.0,0,0,0.0
151511.0,0,0,0.0
151101.0,0,0,0.0
151502.0,0,0,0.0
151502.0,0,0,0.0
151111.0,0,0,0.0
151007.0,0,0,0.0
151201.0,0,0,0.0
151201.0,0,0,0.0
151506.0,0,0,0.0
151506.0,0,0,0.0
151505.0,0,0,0.0
151505.0,0,0,0.0
151505.0,0,0,0.0
151509.0,0,0,0.0
151509.0,0,0,0.0
151509.0,0,0,0.0
151105.0,0,0,0.0
151104.0,0,0,0.0
151104.0,0,0,0.0
151104.0,0,0,0.0
151301.0,0,0,0.0
151301.0,0,0,0.0
151103.0,0,0,0.0
151108.0,0,0,0.0
151108.0,0,0,0.0
151401.0,0,0,0.0
151401.0,0,0,0.0
151401.0,0,0,0.0
151401.0,0,0,0.0
151507.0,0,0,0.0
151302.0,0,0,0.0
151302.0,0,0,0.0
151302.0,0,0,0.0
151302.0,0,0,0.0
151210.0,0,0,0.0
151210.0,0,0,0.0
151210.0,0,0,0.0
151208.0,0,0,0.0
152025.0,0,0,0.0
152115.0,0,0,0.0
152115.0,0,0,0.0
152031.0,0,0,0.0
152031.0,0,0,0.0
152101.0,0,0,0.0
152101.0,0,0,0.0
151213.0,0,0,0.0
151213.0,0,0,0.0
151213.0,0,0,0.0
151214.0,0,0,0.0
151214.0,0,0,0.0
151202.0,0,0,0.0
151204.0,0,0,0.0
151204.0,0,0,0.0
152113.0,0,0,0.0
152113.0,0,0,0.0
152113.0,0,0,0.0
152107.0,0,0,0.0
152026.0,0,0,0.0
152026.0,0,0,0.0
151207.0,0,0,0.0
152112.0,0,0,0.0
152032.0,0,0,0.0
152032.0,0,0,0.0
152032.0,0,0,0.0
152032.0,0,0,0.0
151212.0,0,0,0.0
152114.0,0,0,0.0
142037.0,0,0,0.0
142038.0,0,0,0.0
142038.0,0,0,0.0
142039.0,0,0,0.0
142039.0,0,0,0.0
142053.0,0,0,0.0
142053.0,0,0,0.0
142053.0,0,0,0.0
142048.0,0,0,0.0
142048.0,0,0,0.0
142048.0,0,0,0.0
142049.0,0,0,0.0
142054.0,0,0,0.0
142054.0,0,0,0.0
142045.0,0,0,0.0
142003.0,0,0,0.0
142055.0,0,0,0.0
142055.0,0,0,0.0
142046.0,0,0,0.0
142002.0,0,0,0.0
142002.0,0,0,0.0
142057.0,0,0,0.0
142057.0,0,0,0.0
142049.0,0,0,0.0
152116.0,0,0,0.0
152116.0,0,0,0.0
152124.0,0,0,0.0
152117.0,0,0,0.0
152117.0,0,0,0.0
142041.0,0,0,0.0
152003.0,0,0,0.0
142042.0,0,0,0.0
142042.0,0,0,0.0
142042.0,0,0,0.0
152123.0,0,0,0.0
152123.0,0,0,0.0
152123.0,0,0,0.0
152002.0,0,0,0.0
152002.0,0,0,0.0
152002.0,0,0,0.0
142052.0,0,0,0.0
142052.0,0,0,0.0
142052.0,0,0,0.0
142052.0,0,0,0.0
152022.0,0,0,0.0
152024.0,0,0,0.0
152024.0,0,0,0.0
152024.0,0,0,0.0
152024.0,0,0,0.0
152121.0,0,0,0.0
152121.0,0,0,0.0
304504.0,0,0,0.0
304802.0,0,0,0.0
304026.0,0,0,0.0
304025.0,0,0,0.0
304503.0,0,0,0.0
304503.0,0,0,0.0
304502.0,0,0,0.0
304502.0,0,0,0.0
304507.0,0,0,0.0
304021.0,0,0,0.0
304021.0,0,0,0.0
304021.0,0,0,0.0
304803.0,0,0,0.0
304801.0,0,0,0.0
304505.0,0,0,0.0
304505.0,0,0,0.0
304505.0,0,0,0.0
304505.0,0,0,0.0
304505.0,0,0,0.0
304505.0,0,0,0.0
304505.0,0,0,0.0
304505.0,0,0,0.0
304024.0,0,0,0.0
304024.0,0,0,0.0
304024.0,0,0,0.0
313324.0,0,0,0.0
313324.0,0,0,0.0
313324.0,0,0,0.0
313341.0,0,0,0.0
313341.0,0,0,0.0
305921.0,0,0,0.0
305921.0,0,0,0.0
313332.0,0,0,0.0
313332.0,0,0,0.0
313333.0,0,0,0.0
313333.0,0,0,0.0
313333.0,0,0,0.0
313331.0,0,0,0.0
313331.0,0,0,0.0
313331.0,0,0,0.0
313331.0,0,0,0.0
313331.0,0,0,0.0
313331.0,0,0,0.0
313321.0,0,0,0.0
313321.0,0,0,0.0
313321.0,0,0,0.0
313321.0,0,0,0.0
313334.0,0,0,0.0
313334.0,0,0,0.0
313334.0,0,0,0.0
313325.0,0,0,0.0
313325.0,0,0,0.0
313325.0,0,0,0.0
313322.0,0,0,0.0
313301.0,0,0,0.0
313301.0,0,0,0.0
313329.0,0,0,0.0
313329.0,0,0,0.0
313342.0,0,0,0.0
313011.0,0,0,0.0
313011.0,0,0,0.0
313011.0,0,0,0.0
313011.0,0,0,0.0
313011.0,0,0,0.0
313706.0,0,0,0.0
313706.0,0,0,0.0
313706.0,0,0,0.0
313706.0,0,0,0.0
313706.0,0,0,0.0
313603.0,0,0,0.0
313603.0,0,0,0.0
313603.0,0,0,0.0
313804.0,0,0,0.0
313804.0,0,0,0.0
313804.0,0,0,0.0
313804.0,0,0,0.0
313022.0,0,0,0.0
312625.0,0,0,0.0
312625.0,0,0,0.0
312625.0,0,0,0.0
313205.0,0,0,0.0
313205.0,0,0,0.0
313705.0,0,0,0.0
313705.0,0,0,0.0
313026.0,0,0,0.0
313026.0,0,0,0.0
313702.0,0,0,0.0
313905.0,0,0,0.0
313905.0,0,0,0.0
313905.0,0,0,0.0
313905.0,0,0,0.0
313038.0,0,0,0.0
313038.0,0,0,0.0
313038.0,0,0,0.0
313604.0,0,0,0.0
313604.0,0,0,0.0
313604.0,0,0,0.0
313604.0,0,0,0.0
313604.0,0,0,0.0
313604.0,0,0,0.0
313201.0,0,0,0.0
313201.0,0,0,0.0
313803.0,0,0,0.0
313803.0,0,0,0.0
313803.0,0,0,0.0
313803.0,0,0,0.0
313803.0,0,0,0.0
313803.0,0,0,0.0
307025.0,0,0,0.0
307025.0,0,0,0.0
307025.0,0,0,0.0
307025.0,0,0,0.0
307025.0,0,0,0.0
313703.0,0,0,0.0
313703.0,0,0,0.0
313203.0,0,0,0.0
313702.0,0,0,0.0
313708.0,0,0,0.0
313708.0,0,0,0.0
313708.0,0,0,0.0
313708.0,0,0,0.0
313708.0,0,0,0.0
313906.0,0,0,0.0
313906.0,0,0,0.0
313204.0,0,0,0.0
313204.0,0,0,0.0
313801.0,0,0,0.0
312626.0,0,0,0.0
312626.0,0,0,0.0
313701.0,0,0,0.0
313701.0,0,0,0.0
313701.0,0,0,0.0
313701.0,0,0,0.0
313802.0,0,0,0.0
313802.0,0,0,0.0
313802.0,0,0,0.0
313802.0,0,0,0.0
313027.0,0,0,0.0
313027.0,0,0,0.0
313027.0,0,0,0.0
313027.0,0,0,0.0
313027.0,0,0,0.0
313027.0,0,0,0.0
313206.0,0,0,0.0
313902.0,0,0,0.0
313704.0,0,0,0.0
313704.0,0,0,0.0
313805.0,0,0,0.0
313903.0,0,0,0.0
313903.0,0,0,0.0
313003.0,0,0,0.0
313003.0,0,0,0.0
313001.0,0,0,0.0
313322.0,0,0,0.0
313001.0,0,0,0.0
313708.0,0,0,0.0
313601.0,0,0,0.0
313601.0,0,0,0.0
313601.0,0,0,0.0
313601.0,0,0,0.0
313901.0,0,0,0.0
313901.0,0,0,0.0
301001.0,0,0,0.0
301001.0,0,0,0.0
301001.0,0,0,0.0
301001.0,0,0,0.0
301028.0,0,0,0.0
301021.0,0,0,0.0
301021.0,0,0,0.0
301414.0,0,0,0.0
301414.0,0,0,0.0
301414.0,0,0,0.0
301413.0,0,0,0.0
301604.0,0,0,0.0
321605.0,0,0,0.0
321605.0,0,0,0.0
301405.0,0,0,0.0
301405.0,0,0,0.0
301405.0,0,0,0.0
301405.0,0,0,0.0
301405.0,0,0,0.0
301702.0,0,0,0.0
301702.0,0,0,0.0
321607.0,0,0,0.0
321607.0,0,0,0.0
321607.0,0,0,0.0
301406.0,0,0,0.0
301406.0,0,0,0.0
301406.0,0,0,0.0
321633.0,0,0,0.0
301024.0,0,0,0.0
301025.0,0,0,0.0
301027.0,0,0,0.0
301027.0,0,0,0.0
301408.0,0,0,0.0
301408.0,0,0,0.0
301415.0,0,0,0.0
301026.0,0,0,0.0
301026.0,0,0,0.0
301409.0,0,0,0.0
301409.0,0,0,0.0
301409.0,0,0,0.0
301409.0,0,0,0.0
301035.0,0,0,0.0
301035.0,0,0,0.0
301035.0,0,0,0.0
301035.0,0,0,0.0
301707.0,0,0,0.0
301707.0,0,0,0.0
301410.0,0,0,0.0
301410.0,0,0,0.0
301022.0,0,0,0.0
301022.0,0,0,0.0
301022.0,0,0,0.0
301411.0,0,0,0.0
301411.0,0,0,0.0
301411.0,0,0,0.0
301411.0,0,0,0.0
301411.0,0,0,0.0
301411.0,0,0,0.0
301023.0,0,0,0.0
301701.0,0,0,0.0
301701.0,0,0,0.0
301701.0,0,0,0.0
301401.0,0,0,0.0
301401.0,0,0,0.0
301401.0,0,0,0.0
301401.0,0,0,0.0
301405.0,0,0,0.0
301402.0,0,0,0.0
301402.0,0,0,0.0
301402.0,0,0,0.0
301402.0,0,0,0.0
301402.0,0,0,0.0
301020.0,0,0,0.0
301709.0,0,0,0.0
301709.0,0,0,0.0
301709.0,0,0,0.0
301709.0,0,0,0.0
301412.0,0,0,0.0
301412.0,0,0,0.0
301404.0,0,0,0.0
301407.0,0,0,0.0
301704.0,0,0,0.0
301705.0,0,0,0.0
301705.0,0,0,0.0
301706.0,0,0,0.0
321001.0,0,0,0.0
321001.0,0,0,0.0
321021.0,0,0,0.0
321021.0,0,0,0.0
321026.0,0,0,0.0
321026.0,0,0,0.0
321028.0,0,0,0.0
321028.0,0,0,0.0
321028.0,0,0,0.0
321028.0,0,0,0.0
321025.0,0,0,0.0
321303.0,0,0,0.0
321302.0,0,0,0.0
321203.0,0,0,0.0
321203.0,0,0,0.0
321409.0,0,0,0.0
321409.0,0,0,0.0
321409.0,0,0,0.0
321409.0,0,0,0.0
321406.0,0,0,0.0
321406.0,0,0,0.0
321601.0,0,0,0.0
321023.0,0,0,0.0
321023.0,0,0,0.0
321023.0,0,0,0.0
321022.0,0,0,0.0
321022.0,0,0,0.0
321022.0,0,0,0.0
321022.0,0,0,0.0
321022.0,0,0,0.0
321001.0,0,0,0.0
321602.0,0,0,0.0
321602.0,0,0,0.0
321602.0,0,0,0.0
321602.0,0,0,0.0
321205.0,0,0,0.0
321206.0,0,0,0.0
321205.0,0,0,0.0
321205.0,0,0,0.0
321205.0,0,0,0.0
321205.0,0,0,0.0
321204.0,0,0,0.0
321202.0,0,0,0.0
321642.0,0,0,0.0
321024.0,0,0,0.0
321024.0,0,0,0.0
321024.0,0,0,0.0
321024.0,0,0,0.0
328001.0,0,0,0.0
328001.0,0,0,0.0
328001.0,0,0,0.0
321405.0,0,0,0.0
321405.0,0,0,0.0
328031.0,0,0,0.0
328021.0,0,0,0.0
328021.0,0,0,0.0
328021.0,0,0,0.0
328023.0,0,0,0.0
328023.0,0,0,0.0
328022.0,0,0,0.0
328022.0,0,0,0.0
328022.0,0,0,0.0
328022.0,0,0,0.0
328022.0,0,0,0.0
321401.0,0,0,0.0
321401.0,0,0,0.0
321401.0,0,0,0.0
321401.0,0,0,0.0
321401.0,0,0,0.0
321410.0,0,0,0.0
328041.0,0,0,0.0
328041.0,0,0,0.0
328041.0,0,0,0.0
328041.0,0,0,0.0
328028.0,0,0,0.0
328028.0,0,0,0.0
321411.0,0,0,0.0
321411.0,0,0,0.0
328024.0,0,0,0.0
328024.0,0,0,0.0
328024.0,0,0,0.0
328029.0,0,0,0.0
328029.0,0,0,0.0
328029.0,0,0,0.0
328030.0,0,0,0.0
328030.0,0,0,0.0
328030.0,0,0,0.0
328030.0,0,0,0.0
328030.0,0,0,0.0
328025.0,0,0,0.0
328025.0,0,0,0.0
321404.0,0,0,0.0
321404.0,0,0,0.0
321404.0,0,0,0.0
321402.0,0,0,0.0
321402.0,0,0,0.0
328027.0,0,0,0.0
328027.0,0,0,0.0
328026.0,0,0,0.0
321408.0,0,0,0.0
321408.0,0,0,0.0
302038.0,0,0,0.0
302026.0,0,0,0.0
302027.0,0,0,0.0
302027.0,0,0,0.0
302027.0,0,0,0.0
303303.0,0,0,0.0
303303.0,0,0,0.0
303303.0,0,0,0.0
303303.0,0,0,0.0
303303.0,0,0,0.0
303313.0,0,0,0.0
303313.0,0,0,0.0
303313.0,0,0,0.0
303313.0,0,0,0.0
303313.0,0,0,0.0
303305.0,0,0,0.0
303327.0,0,0,0.0
303511.0,0,0,0.0
303304.0,0,0,0.0
303304.0,0,0,0.0
303012.0,0,0,0.0
322240.0,0,0,0.0
322240.0,0,0,0.0
303325.0,0,0,0.0
303325.0,0,0,0.0
303325.0,0,0,0.0
303325.0,0,0,0.0
303503.0,0,0,0.0
303503.0,0,0,0.0
303503.0,0,0,0.0
303503.0,0,0,0.0
321609.0,0,0,0.0
321608.0,0,0,0.0
321608.0,0,0,0.0
303504.0,0,0,0.0
303504.0,0,0,0.0
303504.0,0,0,0.0
303509.0,0,0,0.0
303505.0,0,0,0.0
303505.0,0,0,0.0
321612.0,0,0,0.0
303506.0,0,0,0.0
303506.0,0,0,0.0
321613.0,0,0,0.0
303507.0,0,0,0.0
303507.0,0,0,0.0
303507.0,0,0,0.0
303326.0,0,0,0.0
303302.0,0,0,0.0
303302.0,0,0,0.0
303302.0,0,0,0.0
303302.0,0,0,0.0
303604.0,0,0,0.0
303604.0,0,0,0.0
303604.0,0,0,0.0
303602.0,0,0,0.0
303602.0,0,0,0.0
303007.0,0,0,0.0
303007.0,0,0,0.0
303901.0,0,0,0.0
303904.0,0,0,0.0
303008.0,0,0,0.0
303008.0,0,0,0.0
303328.0,0,0,0.0
303328.0,0,0,0.0
303328.0,0,0,0.0
303124.0,0,0,0.0
303006.0,0,0,0.0
303006.0,0,0,0.0
303009.0,0,0,0.0
303009.0,0,0,0.0
303005.0,0,0,0.0
303005.0,0,0,0.0
303603.0,0,0,0.0
303903.0,0,0,0.0
303903.0,0,0,0.0
303903.0,0,0,0.0
302029.0,0,0,0.0
303905.0,0,0,0.0
303103.0,0,0,0.0
303103.0,0,0,0.0
303002.0,0,0,0.0
303601.0,0,0,0.0
303001.0,0,0,0.0
303119.0,0,0,0.0
303702.0,0,0,0.0
303804.0,0,0,0.0
303804.0,0,0,0.0
303804.0,0,0,0.0
303120.0,0,0,0.0
303120.0,0,0,0.0
303120.0,0,0,0.0
303712.0,0,0,0.0
303712.0,0,0,0.0
303701.0,0,0,0.0
303704.0,0,0,0.0
303704.0,0,0,0.0
303109.0,0,0,0.0
303109.0,0,0,0.0
303801.0,0,0,0.0
303108.0,0,0,0.0
303108.0,0,0,0.0
303108.0,0,0,0.0
303108.0,0,0,0.0
303108.0,0,0,0.0
303108.0,0,0,0.0
322201.0,0,0,0.0
322201.0,0,0,0.0
322211.0,0,0,0.0
322211.0,0,0,0.0
322213.0,0,0,0.0
322213.0,0,0,0.0
322255.0,0,0,0.0
322255.0,0,0,0.0
322255.0,0,0,0.0
322255.0,0,0,0.0
322255.0,0,0,0.0
322202.0,0,0,0.0
322202.0,0,0,0.0
322215.0,0,0,0.0
322203.0,0,0,0.0
322203.0,0,0,0.0
322203.0,0,0,0.0
322205.0,0,0,0.0
322214.0,0,0,0.0
322214.0,0,0,0.0
322214.0,0,0,0.0
322214.0,0,0,0.0
322218.0,0,0,0.0
322218.0,0,0,0.0
322218.0,0,0,0.0
322218.0,0,0,0.0
322218.0,0,0,0.0
322204.0,0,0,0.0
322204.0,0,0,0.0
322204.0,0,0,0.0
322219.0,0,0,0.0
322219.0,0,0,0.0
322219.0,0,0,0.0
322230.0,0,0,0.0
322230.0,0,0,0.0
322236.0,0,0,0.0
321610.0,0,0,0.0
321610.0,0,0,0.0
321610.0,0,0,0.0
322254.0,0,0,0.0
322254.0,0,0,0.0
322243.0,0,0,0.0
322243.0,0,0,0.0
322243.0,0,0,0.0
322243.0,0,0,0.0
322241.0,0,0,0.0
322241.0,0,0,0.0
322241.0,0,0,0.0
322241.0,0,0,0.0
322241.0,0,0,0.0
322241.0,0,0,0.0
322234.0,0,0,0.0
322234.0,0,0,0.0
322234.0,0,0,0.0
322234.0,0,0,0.0
322249.0,0,0,0.0
322249.0,0,0,0.0
322249.0,0,0,0.0
322251.0,0,0,0.0
322251.0,0,0,0.0
322242.0,0,0,0.0
322242.0,0,0,0.0
322220.0,0,0,0.0
322220.0,0,0,0.0
322220.0,0,0,0.0
322252.0,0,0,0.0
321611.0,0,0,0.0
321611.0,0,0,0.0
321611.0,0,0,0.0
322001.0,0,0,0.0
322001.0,0,0,0.0
322001.0,0,0,0.0
322001.0,0,0,0.0
322001.0,0,0,0.0
322023.0,0,0,0.0
322023.0,0,0,0.0
322034.0,0,0,0.0
322702.0,0,0,0.0
322702.0,0,0,0.0
322702.0,0,0,0.0
322703.0,0,0,0.0
322025.0,0,0,0.0
322025.0,0,0,0.0
322025.0,0,0,0.0
322025.0,0,0,0.0
322025.0,0,0,0.0
322025.0,0,0,0.0
322025.0,0,0,0.0
322025.0,0,0,0.0
322025.0,0,0,0.0
322025.0,0,0,0.0
322024.0,0,0,0.0
322024.0,0,0,0.0
322026.0,0,0,0.0
322027.0,0,0,0.0
344001.0,0,0,0.0
344001.0,0,0,0.0
344001.0,0,0,0.0
344034.0,0,0,0.0
344034.0,0,0,0.0
344022.0,0,0,0.0
344022.0,0,0,0.0
344022.0,0,0,0.0
344011.0,0,0,0.0
344011.0,0,0,0.0
344011.0,0,0,0.0
344702.0,0,0,0.0
344702.0,0,0,0.0
344702.0,0,0,0.0
344035.0,0,0,0.0
344702.0,0,0,0.0
344704.0,0,0,0.0
344704.0,0,0,0.0
344704.0,0,0,0.0
343028.0,0,0,0.0
307803.0,0,0,0.0
307803.0,0,0,0.0
307803.0,0,0,0.0
343040.0,0,0,0.0
343040.0,0,0,0.0
343040.0,0,0,0.0
343040.0,0,0,0.0
343040.0,0,0,0.0
343040.0,0,0,0.0
343041.0,0,0,0.0
343041.0,0,0,0.0
343041.0,0,0,0.0
343041.0,0,0,0.0
343041.0,0,0,0.0
343041.0,0,0,0.0
343041.0,0,0,0.0
343022.0,0,0,0.0
343022.0,0,0,0.0
343022.0,0,0,0.0
343021.0,0,0,0.0
343048.0,0,0,0.0
307501.0,0,0,0.0
307026.0,0,0,0.0
307801.0,0,0,0.0
307026.0,0,0,0.0
307026.0,0,0,0.0
307032.0,0,0,0.0
307026.0,0,0,0.0
307026.0,0,0,0.0
307511.0,0,0,0.0
307511.0,0,0,0.0
307511.0,0,0,0.0
307511.0,0,0,0.0
307801.0,0,0,0.0
307801.0,0,0,0.0
307802.0,0,0,0.0
307802.0,0,0,0.0
307802.0,0,0,0.0
307802.0,0,0,0.0
307043.0,0,0,0.0
307043.0,0,0,0.0
307022.0,0,0,0.0
307022.0,0,0,0.0
307028.0,0,0,0.0
307028.0,0,0,0.0
307028.0,0,0,0.0
307514.0,0,0,0.0
307024.0,0,0,0.0
307024.0,0,0,0.0
307023.0,0,0,0.0
307023.0,0,0,0.0
307510.0,0,0,0.0
307032.0,0,0,0.0
335512.0,0,0,0.0
335512.0,0,0,0.0
335512.0,0,0,0.0
335501.0,0,0,0.0
335501.0,0,0,0.0
335511.0,0,0,0.0
335511.0,0,0,0.0
335511.0,0,0,0.0
335511.0,0,0,0.0
335801.0,0,0,0.0
335801.0,0,0,0.0
335801.0,0,0,0.0
335801.0,0,0,0.0
335504.0,0,0,0.0
335504.0,0,0,0.0
335504.0,0,0,0.0
335802.0,0,0,0.0
335802.0,0,0,0.0
335802.0,0,0,0.0
335802.0,0,0,0.0
335513.0,0,0,0.0
335513.0,0,0,0.0
335513.0,0,0,0.0
335502.0,0,0,0.0
335502.0,0,0,0.0
335502.0,0,0,0.0
335065.0,0,0,0.0
335065.0,0,0,0.0
335065.0,0,0,0.0
335065.0,0,0,0.0
335523.0,0,0,0.0
335523.0,0,0,0.0
335523.0,0,0,0.0
335523.0,0,0,0.0
335523.0,0,0,0.0
335063.0,0,0,0.0
335063.0,0,0,0.0
335063.0,0,0,0.0
335063.0,0,0,0.0
335063.0,0,0,0.0
335063.0,0,0,0.0
335063.0,0,0,0.0
335063.0,0,0,0.0
335001.0,0,0,0.0
335001.0,0,0,0.0
335001.0,0,0,0.0
335001.0,0,0,0.0
335001.0,0,0,0.0
335021.0,0,0,0.0
335021.0,0,0,0.0
335022.0,0,0,0.0
335022.0,0,0,0.0
335022.0,0,0,0.0
335027.0,0,0,0.0
335064.0,0,0,0.0
335024.0,0,0,0.0
335024.0,0,0,0.0
335024.0,0,0,0.0
335025.0,0,0,0.0
335025.0,0,0,0.0
335901.0,0,0,0.0
335901.0,0,0,0.0
335702.0,0,0,0.0
335702.0,0,0,0.0
335027.0,0,0,0.0
335037.0,0,0,0.0
335038.0,0,0,0.0
335038.0,0,0,0.0
335039.0,0,0,0.0
335040.0,0,0,0.0
335051.0,0,0,0.0
335051.0,0,0,0.0
335051.0,0,0,0.0
335051.0,0,0,0.0
335051.0,0,0,0.0
335062.0,0,0,0.0
335062.0,0,0,0.0
335062.0,0,0,0.0
335062.0,0,0,0.0
335704.0,0,0,0.0
335073.0,0,0,0.0
335073.0,0,0,0.0
335073.0,0,0,0.0
335805.0,0,0,0.0
335805.0,0,0,0.0
335702.0,0,0,0.0
335804.0,0,0,0.0
335804.0,0,0,0.0
335804.0,0,0,0.0
335804.0,0,0,0.0
335804.0,0,0,0.0
335804.0,0,0,0.0
335805.0,0,0,0.0
335702.0,0,0,0.0
335804.0,0,0,0.0
335804.0,0,0,0.0
335002.0,0,0,0.0
335002.0,0,0,0.0
335002.0,0,0,0.0
631004.0,0,0,0.0
631004.0,0,0,0.0
631003.0,0,0,0.0
631003.0,0,0,0.0
631003.0,0,0,0.0
631051.0,0,0,0.0
631051.0,0,0,0.0
632531.0,0,0,0.0
632531.0,0,0,0.0
631002.0,0,0,0.0
631002.0,0,0,0.0
631052.0,0,0,0.0
604302.0,0,0,0.0
632514.0,0,0,0.0
631102.0,0,0,0.0
631102.0,0,0,0.0
631102.0,0,0,0.0
631102.0,0,0,0.0
631102.0,0,0,0.0
631151.0,0,0,0.0
631151.0,0,0,0.0
631151.0,0,0,0.0
632501.0,0,0,0.0
632501.0,0,0,0.0
632509.0,0,0,0.0
632506.0,0,0,0.0
632507.0,0,0,0.0
632508.0,0,0,0.0
632508.0,0,0,0.0
632517.0,0,0,0.0
632517.0,0,0,0.0
632511.0,0,0,0.0
632512.0,0,0,0.0
632512.0,0,0,0.0
632512.0,0,0,0.0
632513.0,0,0,0.0
632513.0,0,0,0.0
603301.0,0,0,0.0
603101.0,0,0,0.0
603101.0,0,0,0.0
603302.0,0,0,0.0
603302.0,0,0,0.0
603313.0,0,0,0.0
603401.0,0,0,0.0
603201.0,0,0,0.0
603202.0,0,0,0.0
603202.0,0,0,0.0
603102.0,0,0,0.0
603303.0,0,0,0.0
603304.0,0,0,0.0
603304.0,0,0,0.0
603305.0,0,0,0.0
603306.0,0,0,0.0
603104.0,0,0,0.0
603104.0,0,0,0.0
603105.0,0,0,0.0
603106.0,0,0,0.0
603312.0,0,0,0.0
603309.0,0,0,0.0
603405.0,0,0,0.0
603405.0,0,0,0.0
603405.0,0,0,0.0
603405.0,0,0,0.0
603107.0,0,0,0.0
603108.0,0,0,0.0
603108.0,0,0,0.0
603108.0,0,0,0.0
603204.0,0,0,0.0
603310.0,0,0,0.0
603109.0,0,0,0.0
603109.0,0,0,0.0
603109.0,0,0,0.0
603109.0,0,0,0.0
603004.0,0,0,0.0
603110.0,0,0,0.0
603110.0,0,0,0.0
603210.0,0,0,0.0
604206.0,0,0,0.0
604206.0,0,0,0.0
603003.0,0,0,0.0
631601.0,0,0,0.0
631502.0,0,0,0.0
631502.0,0,0,0.0
631553.0,0,0,0.0
631561.0,0,0,0.0
631561.0,0,0,0.0
603402.0,0,0,0.0
631603.0,0,0,0.0
603403.0,0,0,0.0
631606.0,0,0,0.0
631606.0,0,0,0.0
602108.0,0,0,0.0
602108.0,0,0,0.0
602105.0,0,0,0.0
602105.0,0,0,0.0
602105.0,0,0,0.0
631604.0,0,0,0.0
603406.0,0,0,0.0
603406.0,0,0,0.0
631605.0,0,0,0.0
631301.0,0,0,0.0
631302.0,0,0,0.0
602021.0,0,0,0.0
631203.0,0,0,0.0
631203.0,0,0,0.0
631203.0,0,0,0.0
631203.0,0,0,0.0
631204.0,0,0,0.0
631204.0,0,0,0.0
631205.0,0,0,0.0
631205.0,0,0,0.0
631205.0,0,0,0.0
602002.0,0,0,0.0
602002.0,0,0,0.0
602002.0,0,0,0.0
631207.0,0,0,0.0
631207.0,0,0,0.0
631207.0,0,0,0.0
601102.0,0,0,0.0
601102.0,0,0,0.0
601102.0,0,0,0.0
602023.0,0,0,0.0
602023.0,0,0,0.0
631303.0,0,0,0.0
602024.0,0,0,0.0
602025.0,0,0,0.0
602025.0,0,0,0.0
631209.0,0,0,0.0
631209.0,0,0,0.0
631209.0,0,0,0.0
631209.0,0,0,0.0
631210.0,0,0,0.0
631210.0,0,0,0.0
602026.0,0,0,0.0
601103.0,0,0,0.0
601103.0,0,0,0.0
601103.0,0,0,0.0
601103.0,0,0,0.0
601103.0,0,0,0.0
605007.0,0,0,0.0
605007.0,0,0,0.0
605101.0,0,0,0.0
607402.0,0,0,0.0
605104.0,0,0,0.0
605106.0,0,0,0.0
605010.0,0,0,0.0
605009.0,0,0,0.0
605501.0,0,0,0.0
605501.0,0,0,0.0
605501.0,0,0,0.0
605501.0,0,0,0.0
605109.0,0,0,0.0
605110.0,0,0,0.0
605110.0,0,0,0.0
605110.0,0,0,0.0
607403.0,0,0,0.0
604151.0,0,0,0.0
604151.0,0,0,0.0
604151.0,0,0,0.0
604151.0,0,0,0.0
604151.0,0,0,0.0
604201.0,0,0,0.0
604201.0,0,0,0.0
604301.0,0,0,0.0
604301.0,0,0,0.0
604202.0,0,0,0.0
604210.0,0,0,0.0
604210.0,0,0,0.0
604102.0,0,0,0.0
604102.0,0,0,0.0
604302.0,0,0,0.0
604304.0,0,0,0.0
604303.0,0,0,0.0
604303.0,0,0,0.0
604303.0,0,0,0.0
604204.0,0,0,0.0
604204.0,0,0,0.0
604204.0,0,0,0.0
604203.0,0,0,0.0
604306.0,0,0,0.0
604307.0,0,0,0.0
604305.0,0,0,0.0
604307.0,0,0,0.0
604153.0,0,0,0.0
604208.0,0,0,0.0
604207.0,0,0,0.0
604207.0,0,0,0.0
604207.0,0,0,0.0
604207.0,0,0,0.0
604154.0,0,0,0.0
605201.0,0,0,0.0
605201.0,0,0,0.0
605201.0,0,0,0.0
605102.0,0,0,0.0
605403.0,0,0,0.0
605203.0,0,0,0.0
605203.0,0,0,0.0
605203.0,0,0,0.0
605203.0,0,0,0.0
605402.0,0,0,0.0
605103.0,0,0,0.0
605107.0,0,0,0.0
605651.0,0,0,0.0
605108.0,0,0,0.0
605502.0,0,0,0.0
605652.0,0,0,0.0
601201.0,0,0,0.0
600019.0,0,0,0.0
601206.0,0,0,0.0
601202.0,0,0,0.0
601202.0,0,0,0.0
600103.0,0,0,0.0
600053.0,0,0,0.0
601203.0,0,0,0.0
601205.0,0,0,0.0
600052.0,0,0,0.0
600052.0,0,0,0.0
600052.0,0,0,0.0
600067.0,0,0,0.0
600067.0,0,0,0.0
600069.0,0,0,0.0
600095.0,0,0,0.0
600072.0,0,0,0.0
600072.0,0,0,0.0
600072.0,0,0,0.0
600124.0,0,0,0.0
603112.0,0,0,0.0
600127.0,0,0,0.0
600127.0,0,0,0.0
600048.0,0,0,0.0
600132.0,0,0,0.0
604401.0,0,0,0.0
632316.0,0,0,0.0
632316.0,0,0,0.0
604501.0,0,0,0.0
604501.0,0,0,0.0
604501.0,0,0,0.0
606903.0,0,0,0.0
606903.0,0,0,0.0
632319.0,0,0,0.0
632311.0,0,0,0.0
632311.0,0,0,0.0
604403.0,0,0,0.0
604403.0,0,0,0.0
632313.0,0,0,0.0
632313.0,0,0,0.0
632314.0,0,0,0.0
632314.0,0,0,0.0
604502.0,0,0,0.0
606807.0,0,0,0.0
632315.0,0,0,0.0
604503.0,0,0,0.0
632317.0,0,0,0.0
632317.0,0,0,0.0
604406.0,0,0,0.0
604406.0,0,0,0.0
604406.0,0,0,0.0
604406.0,0,0,0.0
604406.0,0,0,0.0
604504.0,0,0,0.0
604504.0,0,0,0.0
604407.0,0,0,0.0
604407.0,0,0,0.0
604407.0,0,0,0.0
604407.0,0,0,0.0
604407.0,0,0,0.0
604409.0,0,0,0.0
604505.0,0,0,0.0
604505.0,0,0,0.0
604505.0,0,0,0.0
604408.0,0,0,0.0
604410.0,0,0,0.0
604410.0,0,0,0.0
606755.0,0,0,0.0
606755.0,0,0,0.0
606755.0,0,0,0.0
606755.0,0,0,0.0
606755.0,0,0,0.0
606701.0,0,0,0.0
606902.0,0,0,0.0
606902.0,0,0,0.0
606902.0,0,0,0.0
606908.0,0,0,0.0
606751.0,0,0,0.0
606751.0,0,0,0.0
606751.0,0,0,0.0
606702.0,0,0,0.0
606808.0,0,0,0.0
606808.0,0,0,0.0
604601.0,0,0,0.0
604601.0,0,0,0.0
604601.0,0,0,0.0
606904.0,0,0,0.0
606904.0,0,0,0.0
606904.0,0,0,0.0
606703.0,0,0,0.0
606703.0,0,0,0.0
606802.0,0,0,0.0
606704.0,0,0,0.0
606806.0,0,0,0.0
606803.0,0,0,0.0
606803.0,0,0,0.0
606803.0,0,0,0.0
606705.0,0,0,0.0
606705.0,0,0,0.0
606905.0,0,0,0.0
606611.0,0,0,0.0
606707.0,0,0,0.0
606708.0,0,0,0.0
606708.0,0,0,0.0
606708.0,0,0,0.0
606708.0,0,0,0.0
606709.0,0,0,0.0
606601.0,0,0,0.0
606907.0,0,0,0.0
606753.0,0,0,0.0
606753.0,0,0,0.0
606753.0,0,0,0.0
606753.0,0,0,0.0
606754.0,0,0,0.0
632101.0,0,0,0.0
632101.0,0,0,0.0
632102.0,0,0,0.0
632102.0,0,0,0.0
632202.0,0,0,0.0
632202.0,0,0,0.0
632103.0,0,0,0.0
632103.0,0,0,0.0
632103.0,0,0,0.0
632106.0,0,0,0.0
632011.0,0,0,0.0
229211.0,0,0,0.0
229001.0,0,0,0.0
229301.0,0,0,0.0
229301.0,0,0,0.0
229301.0,0,0,0.0
229310.0,0,0,0.0
229310.0,0,0,0.0
229310.0,0,0,0.0
229406.0,0,0,0.0
229302.0,0,0,0.0
229302.0,0,0,0.0
229302.0,0,0,0.0
229302.0,0,0,0.0
229304.0,0,0,0.0
229304.0,0,0,0.0
229304.0,0,0,0.0
229303.0,0,0,0.0
229303.0,0,0,0.0
229303.0,0,0,0.0
229123.0,0,0,0.0
229801.0,0,0,0.0
229801.0,0,0,0.0
229402.0,0,0,0.0
229402.0,0,0,0.0
229402.0,0,0,0.0
229124.0,0,0,0.0
229306.0,0,0,0.0
229306.0,0,0,0.0
229128.0,0,0,0.0
229128.0,0,0,0.0
229128.0,0,0,0.0
229405.0,0,0,0.0
229405.0,0,0,0.0
229404.0,0,0,0.0
229129.0,0,0,0.0
229316.0,0,0,0.0
229316.0,0,0,0.0
229127.0,0,0,0.0
229129.0,0,0,0.0
229127.0,0,0,0.0
229126.0,0,0,0.0
229308.0,0,0,0.0
229308.0,0,0,0.0
229308.0,0,0,0.0
229309.0,0,0,0.0
229309.0,0,0,0.0
229309.0,0,0,0.0
229309.0,0,0,0.0
229309.0,0,0,0.0
229309.0,0,0,0.0
229309.0,0,0,0.0
229309.0,0,0,0.0
261001.0,0,0,0.0
261001.0,0,0,0.0
261001.0,0,0,0.0
261403.0,0,0,0.0
261403.0,0,0,0.0
261403.0,0,0,0.0
261301.0,0,0,0.0
261301.0,0,0,0.0
261201.0,0,0,0.0
261201.0,0,0,0.0
261201.0,0,0,0.0
261201.0,0,0,0.0
261201.0,0,0,0.0
261201.0,0,0,0.0
261121.0,0,0,0.0
261121.0,0,0,0.0
261121.0,0,0,0.0
261121.0,0,0,0.0
261202.0,0,0,0.0
261202.0,0,0,0.0
261302.0,0,0,0.0
261302.0,0,0,0.0
261131.0,0,0,0.0
261135.0,0,0,0.0
261135.0,0,0,0.0
261135.0,0,0,0.0
261135.0,0,0,0.0
261135.0,0,0,0.0
261405.0,0,0,0.0
261405.0,0,0,0.0
261203.0,0,0,0.0
261203.0,0,0,0.0
261203.0,0,0,0.0
261203.0,0,0,0.0
261141.0,0,0,0.0
261141.0,0,0,0.0
261141.0,0,0,0.0
261141.0,0,0,0.0
261141.0,0,0,0.0
261145.0,0,0,0.0
261145.0,0,0,0.0
261145.0,0,0,0.0
261145.0,0,0,0.0
261401.0,0,0,0.0
261404.0,0,0,0.0
261151.0,0,0,0.0
261151.0,0,0,0.0
261204.0,0,0,0.0
261204.0,0,0,0.0
261204.0,0,0,0.0
261205.0,0,0,0.0
261205.0,0,0,0.0
261205.0,0,0,0.0
261205.0,0,0,0.0
261206.0,0,0,0.0
261206.0,0,0,0.0
261206.0,0,0,0.0
261303.0,0,0,0.0
261303.0,0,0,0.0
261303.0,0,0,0.0
261303.0,0,0,0.0
261303.0,0,0,0.0
261136.0,0,0,0.0
261136.0,0,0,0.0
261136.0,0,0,0.0
261136.0,0,0,0.0
261136.0,0,0,0.0
261207.0,0,0,0.0
261208.0,0,0,0.0
227405.0,0,0,0.0
227405.0,0,0,0.0
227405.0,0,0,0.0
227405.0,0,0,0.0
227405.0,0,0,0.0
228001.0,0,0,0.0
228001.0,0,0,0.0
228001.0,0,0,0.0
228001.0,0,0,0.0
228001.0,0,0,0.0
228001.0,0,0,0.0
228171.0,0,0,0.0
228171.0,0,0,0.0
227805.0,0,0,0.0
227805.0,0,0,0.0
228121.0,0,0,0.0
228121.0,0,0,0.0
227814.0,0,0,0.0
227814.0,0,0,0.0
227814.0,0,0,0.0
227814.0,0,0,0.0
228120.0,0,0,0.0
228133.0,0,0,0.0
228133.0,0,0,0.0
228133.0,0,0,0.0
227406.0,0,0,0.0
227304.0,0,0,0.0
227304.0,0,0,0.0
227304.0,0,0,0.0
228132.0,0,0,0.0
228132.0,0,0,0.0
228132.0,0,0,0.0
227408.0,0,0,0.0
227408.0,0,0,0.0
227408.0,0,0,0.0
228131.0,0,0,0.0
228131.0,0,0,0.0
228131.0,0,0,0.0
228131.0,0,0,0.0
228131.0,0,0,0.0
228131.0,0,0,0.0
228125.0,0,0,0.0
228125.0,0,0,0.0
227801.0,0,0,0.0
227801.0,0,0,0.0
227801.0,0,0,0.0
227801.0,0,0,0.0
227801.0,0,0,0.0
227409.0,0,0,0.0
227409.0,0,0,0.0
227409.0,0,0,0.0
228119.0,0,0,0.0
227412.0,0,0,0.0
227815.0,0,0,0.0
227808.0,0,0,0.0
227809.0,0,0,0.0
228141.0,0,0,0.0
228141.0,0,0,0.0
228145.0,0,0,0.0
222301.0,0,0,0.0
222301.0,0,0,0.0
228151.0,0,0,0.0
228151.0,0,0,0.0
228151.0,0,0,0.0
228151.0,0,0,0.0
228155.0,0,0,0.0
228155.0,0,0,0.0
228155.0,0,0,0.0
228155.0,0,0,0.0
222302.0,0,0,0.0
222302.0,0,0,0.0
222302.0,0,0,0.0
222302.0,0,0,0.0
222302.0,0,0,0.0
222302.0,0,0,0.0
222302.0,0,0,0.0
222302.0,0,0,0.0
222303.0,0,0,0.0
222303.0,0,0,0.0
222303.0,0,0,0.0
222303.0,0,0,0.0
228142.0,0,0,0.0
228142.0,0,0,0.0
228142.0,0,0,0.0
228142.0,0,0,0.0
227813.0,0,0,0.0
227807.0,0,0,0.0
228159.0,0,0,0.0
228159.0,0,0,0.0
228159.0,0,0,0.0
227816.0,0,0,0.0
227816.0,0,0,0.0
227816.0,0,0,0.0
227811.0,0,0,0.0
227811.0,0,0,0.0
228161.0,0,0,0.0
228161.0,0,0,0.0
228161.0,0,0,0.0
228161.0,0,0,0.0
228161.0,0,0,0.0
228161.0,0,0,0.0
227413.0,0,0,0.0
228172.0,0,0,0.0
263601.0,0,0,0.0
263601.0,0,0,0.0
263601.0,0,0,0.0
263601.0,0,0,0.0
263601.0,0,0,0.0
263642.0,0,0,0.0
263642.0,0,0,0.0
263642.0,0,0,0.0
263642.0,0,0,0.0
263641.0,0,0,0.0
263641.0,0,0,0.0
263641.0,0,0,0.0
263641.0,0,0,0.0
263624.0,0,0,0.0
263624.0,0,0,0.0
263624.0,0,0,0.0
263624.0,0,0,0.0
263679.0,0,0,0.0
263630.0,0,0,0.0
263629.0,0,0,0.0
263635.0,0,0,0.0
263635.0,0,0,0.0
263635.0,0,0,0.0
263635.0,0,0,0.0
263635.0,0,0,0.0
263622.0,0,0,0.0
263622.0,0,0,0.0
263655.0,0,0,0.0
263634.0,0,0,0.0
263634.0,0,0,0.0
263619.0,0,0,0.0
263636.0,0,0,0.0
263626.0,0,0,0.0
263626.0,0,0,0.0
263626.0,0,0,0.0
263626.0,0,0,0.0
263625.0,0,0,0.0
263625.0,0,0,0.0
263625.0,0,0,0.0
263625.0,0,0,0.0
263625.0,0,0,0.0
263640.0,0,0,0.0
263640.0,0,0,0.0
263640.0,0,0,0.0
263640.0,0,0,0.0
263631.0,0,0,0.0
263631.0,0,0,0.0
262501.0,0,0,0.0
263632.0,0,0,0.0
263632.0,0,0,0.0
263632.0,0,0,0.0
263632.0,0,0,0.0
263639.0,0,0,0.0
263643.0,0,0,0.0
263623.0,0,0,0.0
263623.0,0,0,0.0
263623.0,0,0,0.0
263633.0,0,0,0.0
263678.0,0,0,0.0
263628.0,0,0,0.0
263628.0,0,0,0.0
263628.0,0,0,0.0
263628.0,0,0,0.0
263645.0,0,0,0.0
263645.0,0,0,0.0
263645.0,0,0,0.0
263645.0,0,0,0.0
263646.0,0,0,0.0
263646.0,0,0,0.0
263667.0,0,0,0.0
263680.0,0,0,0.0
263659.0,0,0,0.0
263653.0,0,0,0.0
263653.0,0,0,0.0
263656.0,0,0,0.0
263656.0,0,0,0.0
263656.0,0,0,0.0
263652.0,0,0,0.0
263658.0,0,0,0.0
263658.0,0,0,0.0
263658.0,0,0,0.0
263676.0,0,0,0.0
263676.0,0,0,0.0
263676.0,0,0,0.0
263676.0,0,0,0.0
263661.0,0,0,0.0
263661.0,0,0,0.0
263661.0,0,0,0.0
263663.0,0,0,0.0
263663.0,0,0,0.0
246440.0,0,0,0.0
246440.0,0,0,0.0
246440.0,0,0,0.0
246421.0,0,0,0.0
246421.0,0,0,0.0
246486.0,0,0,0.0
246419.0,0,0,0.0
246419.0,0,0,0.0
246424.0,0,0,0.0
246424.0,0,0,0.0
246424.0,0,0,0.0
246425.0,0,0,0.0
246425.0,0,0,0.0
246425.0,0,0,0.0
246426.0,0,0,0.0
246427.0,0,0,0.0
246427.0,0,0,0.0
246427.0,0,0,0.0
246427.0,0,0,0.0
246427.0,0,0,0.0
246427.0,0,0,0.0
246428.0,0,0,0.0
246429.0,0,0,0.0
246429.0,0,0,0.0
246429.0,0,0,0.0
246435.0,0,0,0.0
246435.0,0,0,0.0
246435.0,0,0,0.0
246435.0,0,0,0.0
246141.0,0,0,0.0
246443.0,0,0,0.0
246444.0,0,0,0.0
246444.0,0,0,0.0
246444.0,0,0,0.0
246446.0,0,0,0.0
246446.0,0,0,0.0
246488.0,0,0,0.0
246453.0,0,0,0.0
246453.0,0,0,0.0
246449.0,0,0,0.0
246455.0,0,0,0.0
246455.0,0,0,0.0
246455.0,0,0,0.0
246472.0,0,0,0.0
246171.0,0,0,0.0
246171.0,0,0,0.0
246171.0,0,0,0.0
246474.0,0,0,0.0
246482.0,0,0,0.0
246475.0,0,0,0.0
246475.0,0,0,0.0
246475.0,0,0,0.0
246475.0,0,0,0.0
246475.0,0,0,0.0
246475.0,0,0,0.0
246475.0,0,0,0.0
248003.0,0,0,0.0
248003.0,0,0,0.0
248124.0,0,0,0.0
248123.0,0,0,0.0
248123.0,0,0,0.0
248125.0,0,0,0.0
248125.0,0,0,0.0
248142.0,0,0,0.0
248142.0,0,0,0.0
248159.0,0,0,0.0
248158.0,0,0,0.0
248158.0,0,0,0.0
248158.0,0,0,0.0
248158.0,0,0,0.0
248158.0,0,0,0.0
248158.0,0,0,0.0
248158.0,0,0,0.0
248165.0,0,0,0.0
248165.0,0,0,0.0
248179.0,0,0,0.0
248179.0,0,0,0.0
248007.0,0,0,0.0
248007.0,0,0,0.0
248197.0,0,0,0.0
248197.0,0,0,0.0
248197.0,0,0,0.0
248197.0,0,0,0.0
248197.0,0,0,0.0
248196.0,0,0,0.0
248196.0,0,0,0.0
248196.0,0,0,0.0
248196.0,0,0,0.0
248196.0,0,0,0.0
248196.0,0,0,0.0
248199.0,0,0,0.0
248199.0,0,0,0.0
248199.0,0,0,0.0
248199.0,0,0,0.0
248199.0,0,0,0.0
248005.0,0,0,0.0
248143.0,0,0,0.0
248143.0,0,0,0.0
248143.0,0,0,0.0
248140.0,0,0,0.0
248140.0,0,0,0.0
248005.0,0,0,0.0
248014.0,0,0,0.0
248008.0,0,0,0.0
248008.0,0,0,0.0
248008.0,0,0,0.0
249205.0,0,0,0.0
248009.0,0,0,0.0
247667.0,0,0,0.0
247667.0,0,0,0.0
249402.0,0,0,0.0
249402.0,0,0,0.0
249402.0,0,0,0.0
247661.0,0,0,0.0
247661.0,0,0,0.0
249404.0,0,0,0.0
247663.0,0,0,0.0
247663.0,0,0,0.0
247663.0,0,0,0.0
247671.0,0,0,0.0
247671.0,0,0,0.0
263139.0,0,0,0.0
263139.0,0,0,0.0
263139.0,0,0,0.0
263139.0,0,0,0.0
263139.0,0,0,0.0
262401.0,0,0,0.0
262401.0,0,0,0.0
262401.0,0,0,0.0
263152.0,0,0,0.0
244712.0,0,0,0.0
263140.0,0,0,0.0
263140.0,0,0,0.0
244713.0,0,0,0.0
244713.0,0,0,0.0
263126.0,0,0,0.0
263126.0,0,0,0.0
263126.0,0,0,0.0
263148.0,0,0,0.0
263159.0,0,0,0.0
263159.0,0,0,0.0
263145.0,0,0,0.0
244715.0,0,0,0.0
244715.0,0,0,0.0
244715.0,0,0,0.0
263153.0,0,0,0.0
263153.0,0,0,0.0
262405.0,0,0,0.0
263001.0,0,0,0.0
263134.0,0,0,0.0
263136.0,0,0,0.0
263132.0,0,0,0.0
263132.0,0,0,0.0
263137.0,0,0,0.0
263132.0,0,0,0.0
262308.0,0,0,0.0
262308.0,0,0,0.0
262308.0,0,0,0.0
262308.0,0,0,0.0
263138.0,0,0,0.0
263138.0,0,0,0.0
263158.0,0,0,0.0
246121.0,0,0,0.0
246121.0,0,0,0.0
246124.0,0,0,0.0
246127.0,0,0,0.0
246127.0,0,0,0.0
246128.0,0,0,0.0
246128.0,0,0,0.0
246144.0,0,0,0.0
249304.0,0,0,0.0
249304.0,0,0,0.0
246155.0,0,0,0.0
246155.0,0,0,0.0
246155.0,0,0,0.0
246155.0,0,0,0.0
246155.0,0,0,0.0
246155.0,0,0,0.0
246155.0,0,0,0.0
246275.0,0,0,0.0
246275.0,0,0,0.0
246276.0,0,0,0.0
246276.0,0,0,0.0
246277.0,0,0,0.0
246277.0,0,0,0.0
246277.0,0,0,0.0
246129.0,0,0,0.0
246279.0,0,0,0.0
246131.0,0,0,0.0
246161.0,0,0,0.0
246162.0,0,0,0.0
246169.0,0,0,0.0
246179.0,0,0,0.0
246179.0,0,0,0.0
246179.0,0,0,0.0
246172.0,0,0,0.0
246172.0,0,0,0.0
246172.0,0,0,0.0
246278.0,0,0,0.0
246278.0,0,0,0.0
246001.0,0,0,0.0
246001.0,0,0,0.0
246001.0,0,0,0.0
246001.0,0,0,0.0
246130.0,0,0,0.0
246130.0,0,0,0.0
246130.0,0,0,0.0
246123.0,0,0,0.0
246123.0,0,0,0.0
246123.0,0,0,0.0
246125.0,0,0,0.0
246194.0,0,0,0.0
246194.0,0,0,0.0
246113.0,0,0,0.0
246113.0,0,0,0.0
246113.0,0,0,0.0
246146.0,0,0,0.0
246147.0,0,0,0.0
246147.0,0,0,0.0
246148.0,0,0,0.0
246148.0,0,0,0.0
246159.0,0,0,0.0
246164.0,0,0,0.0
246164.0,0,0,0.0
246165.0,0,0,0.0
246166.0,0,0,0.0
246167.0,0,0,0.0
246167.0,0,0,0.0
246174.0,0,0,0.0
246174.0,0,0,0.0
246285.0,0,0,0.0
246285.0,0,0,0.0
246285.0,0,0,0.0
246176.0,0,0,0.0
262501.0,0,0,0.0
262530.0,0,0,0.0
262543.0,0,0,0.0
262543.0,0,0,0.0
262543.0,0,0,0.0
262576.0,0,0,0.0
262576.0,0,0,0.0
262576.0,0,0,0.0
262527.0,0,0,0.0
262531.0,0,0,0.0
262531.0,0,0,0.0
262531.0,0,0,0.0
262531.0,0,0,0.0
262523.0,0,0,0.0
262502.0,0,0,0.0
262580.0,0,0,0.0
262542.0,0,0,0.0
262545.0,0,0,0.0
262545.0,0,0,0.0
262545.0,0,0,0.0
262551.0,0,0,0.0
262551.0,0,0,0.0
262551.0,0,0,0.0
262551.0,0,0,0.0
262532.0,0,0,0.0
262532.0,0,0,0.0
262532.0,0,0,0.0
262532.0,0,0,0.0
262532.0,0,0,0.0
262532.0,0,0,0.0
262532.0,0,0,0.0
262522.0,0,0,0.0
262522.0,0,0,0.0
262522.0,0,0,0.0
262522.0,0,0,0.0
262522.0,0,0,0.0
262529.0,0,0,0.0
262540.0,0,0,0.0
262540.0,0,0,0.0
262544.0,0,0,0.0
262544.0,0,0,0.0
262541.0,0,0,0.0
262541.0,0,0,0.0
262541.0,0,0,0.0
262541.0,0,0,0.0
262528.0,0,0,0.0
262524.0,0,0,0.0
262524.0,0,0,0.0
262524.0,0,0,0.0
262524.0,0,0,0.0
262524.0,0,0,0.0
262524.0,0,0,0.0
262524.0,0,0,0.0
262554.0,0,0,0.0
262547.0,0,0,0.0
262547.0,0,0,0.0
262533.0,0,0,0.0
262533.0,0,0,0.0
262553.0,0,0,0.0
262552.0,0,0,0.0
262552.0,0,0,0.0
262521.0,0,0,0.0
262572.0,0,0,0.0
262572.0,0,0,0.0
262561.0,0,0,0.0
249121.0,0,0,0.0
249126.0,0,0,0.0
249135.0,0,0,0.0
249131.0,0,0,0.0
249132.0,0,0,0.0
249141.0,0,0,0.0
249145.0,0,0,0.0
249145.0,0,0,0.0
249145.0,0,0,0.0
249132.0,0,0,0.0
249196.0,0,0,0.0
249196.0,0,0,0.0
249196.0,0,0,0.0
249151.0,0,0,0.0
249146.0,0,0,0.0
249146.0,0,0,0.0
249146.0,0,0,0.0
249146.0,0,0,0.0
249152.0,0,0,0.0
249155.0,0,0,0.0
249155.0,0,0,0.0
249155.0,0,0,0.0
249155.0,0,0,0.0
249155.0,0,0,0.0
249155.0,0,0,0.0
249155.0,0,0,0.0
249122.0,0,0,0.0
249122.0,0,0,0.0
249123.0,0,0,0.0
249161.0,0,0,0.0
249161.0,0,0,0.0
249161.0,0,0,0.0
249161.0,0,0,0.0
249165.0,0,0,0.0
249165.0,0,0,0.0
249165.0,0,0,0.0
249165.0,0,0,0.0
249194.0,0,0,0.0
249128.0,0,0,0.0
249128.0,0,0,0.0
249128.0,0,0,0.0
249175.0,0,0,0.0
249175.0,0,0,0.0
249171.0,0,0,0.0
249171.0,0,0,0.0
249171.0,0,0,0.0
249181.0,0,0,0.0
249125.0,0,0,0.0
249125.0,0,0,0.0
249181.0,0,0,0.0
249185.0,0,0,0.0
249199.0,0,0,0.0
249199.0,0,0,0.0
249192.0,0,0,0.0
249192.0,0,0,0.0
249192.0,0,0,0.0
249192.0,0,0,0.0
249192.0,0,0,0.0
249192.0,0,0,0.0
249192.0,0,0,0.0
249186.0,0,0,0.0
249180.0,0,0,0.0
249193.0,0,0,0.0
249193.0,0,0,0.0
249193.0,0,0,0.0
249130.0,0,0,0.0
249130.0,0,0,0.0
700104.0,0,0,0.0
700104.0,0,0,0.0
743221.0,0,0,0.0
743232.0,0,0,0.0
743702.0,0,0,0.0
743235.0,0,0,0.0
743235.0,0,0,0.0
743235.0,0,0,0.0
743234.0,0,0,0.0
743234.0,0,0,0.0
743234.0,0,0,0.0
743245.0,0,0,0.0
743245.0,0,0,0.0
743245.0,0,0,0.0
743245.0,0,0,0.0
743235.0,0,0,0.0
743294.0,0,0,0.0
743247.0,0,0,0.0
743424.0,0,0,0.0
743424.0,0,0,0.0
743423.0,0,0,0.0
743423.0,0,0,0.0
743423.0,0,0,0.0
743423.0,0,0,0.0
743251.0,0,0,0.0
743251.0,0,0,0.0
743251.0,0,0,0.0
743252.0,0,0,0.0
743252.0,0,0,0.0
743262.0,0,0,0.0
743262.0,0,0,0.0
743262.0,0,0,0.0
743263.0,0,0,0.0
743263.0,0,0,0.0
743270.0,0,0,0.0
743270.0,0,0,0.0
743272.0,0,0,0.0
743273.0,0,0,0.0
743273.0,0,0,0.0
743273.0,0,0,0.0
743273.0,0,0,0.0
743438.0,0,0,0.0
743438.0,0,0,0.0
743438.0,0,0,0.0
700130.0,0,0,0.0
700129.0,0,0,0.0
743289.0,0,0,0.0
743290.0,0,0,0.0
700125.0,0,0,0.0
743701.0,0,0,0.0
700135.0,0,0,0.0
700135.0,0,0,0.0
700135.0,0,0,0.0
743287.0,0,0,0.0
743401.0,0,0,0.0
743401.0,0,0,0.0
743422.0,0,0,0.0
743422.0,0,0,0.0
743456.0,0,0,0.0
743456.0,0,0,0.0
743456.0,0,0,0.0
743445.0,0,0,0.0
743425.0,0,0,0.0
743425.0,0,0,0.0
743425.0,0,0,0.0
743426.0,0,0,0.0
743426.0,0,0,0.0
743439.0,0,0,0.0
743439.0,0,0,0.0
743439.0,0,0,0.0
743435.0,0,0,0.0
743435.0,0,0,0.0
743427.0,0,0,0.0
743427.0,0,0,0.0
743427.0,0,0,0.0
743427.0,0,0,0.0
743427.0,0,0,0.0
743427.0,0,0,0.0
743427.0,0,0,0.0
743428.0,0,0,0.0
743442.0,0,0,0.0
743442.0,0,0,0.0
743442.0,0,0,0.0
743442.0,0,0,0.0
743446.0,0,0,0.0
743446.0,0,0,0.0
743446.0,0,0,0.0
743286.0,0,0,0.0
743286.0,0,0,0.0
743286.0,0,0,0.0
743286.0,0,0,0.0
743429.0,0,0,0.0
731202.0,0,0,0.0
